doctor_name,specialty,qualification,designation,hospital,location,experience,profile_url
Alhaj Dr. Abu Jafor,ENT,"MBBS, DLO",Consultant,Bangladesh Medical University,Khulna,N/A,https://doctor.bd/doctor/alhaj-dr-abu-jafor-ent-khulna
Alhaj Dr. Md. Altaf Hossain Mondal,Psychiatry,"MBBS, DPM, FRSH",Ex-Head of the Department of Psychiatry,"Shaheed Ziaur Rahman Medical College Hospital, Bogura",Pabna,N/A,https://doctor.bd/doctor/alhaj-dr-md-altaf-hossain-mondal-psychiatry-pabna
Asso. Prof. Dr. Abdur Rabban Talukder,General Surgery,"MBBS, FCPS, FMS",Associate Professor,Sir Salimullah Medical College Mitford Hospital,Dhaka,N/A,https://doctor.bd/doctor/asso-prof-dr-abdur-rabban-talukder-general-surgery-dhaka
Asso. Prof. Dr. Ahmed Sharif,Urology,"MBBS, MS, FACS",Associate Professor,Holy Family Red Crescent Medical College Hospital,Dhaka,N/A,https://doctor.bd/doctor/asso-prof-dr-ahmed-sharif-urology-dhaka
Asso. Prof. Dr. Amreen Faruq,General Surgery,"MBBS, MS, FACS",Associate Professor,BIRDEM General Hospital,Dhaka,N/A,https://doctor.bd/doctor/asso-prof-dr-amreen-faruq-general-surgery-dhaka
Asso. Prof. Dr. Habib Imtiaz Ahmed,Rheumatology,"MBBS, MRCP, MD",Associate Professor,Enam Medical College & Hospital,Dhaka,N/A,https://doctor.bd/doctor/asso-prof-dr-habib-imtiaz-ahmed-rheumatology-dhaka
Asso. Prof. Dr. Iftekhar Ahmed (Swapan),Dermatology,"MBBS, BCS, MD",Retired Professor,Sir Salimullah Medical College Mitford Hospital,Dhaka,N/A,https://doctor.bd/doctor/asso-prof-dr-iftekhar-ahmed-swapan-dermatology-dhaka
Asso. Prof. Dr. Kuntal Roy,Pediatrics,"MBBS, DCH, FCPS",Associate Professor,Anwer Khan Modern Medical College Hospital,Dhaka,N/A,https://doctor.bd/doctor/asso-prof-dr-kuntal-roy-pediatrics-dhaka
Asso. Prof. Dr. Lt. Col. Md. Momin Uddin Kallol,ENT,"MBBS, FCPS, DLO, MCPS, FICS",Head of the Dept,"Bangladesh Navy Hospital, Chattogram",Chattogram,17+ Years,https://doctor.bd/doctor/asso-prof-dr-lt-col-md-momin-uddin-kallol-ent-chattogram
Asso. Prof. Dr. Md. Nazmul Huda,Orthopedics,"MBBS, BCS, FCPS, MS",Associate Professor,Shaheed Suhrawardy Medical College Hospital,Dhaka,N/A,https://doctor.bd/doctor/asso-prof-dr-md-nazmul-huda-orthopedics-dhaka
Asso. Prof. Dr. Md. Rezaul Alam (Reza),Dermatology,"MBBS, BCS, MD",Associate Professor,Rangpur Medical College Hospital,Rangpur,N/A,https://doctor.bd/doctor/asso-prof-dr-md-rezaul-alam-reza-dermatology-rangpur
Asso. Prof. Dr. Md. Sirajum Munir,Cardiology,"MBBS, BCS, MD",Associate Professor,Kushtia Medical College Hospital,Kushtia,N/A,https://doctor.bd/doctor/asso-prof-dr-md-sirajum-munir-cardiology-kushtia
Asso. Prof. Dr. Md. Wahiduzzaman Mazumder,Pediatrics,"MBBS, MD, FCPS",Associate Professor,Bangladesh Medical University,Dhaka,N/A,https://doctor.bd/doctor/asso-prof-dr-md-wahiduzzaman-mazumder-pediatrics-dhaka
Asso. Prof. Dr. Md. Zonaid Rahim,ENT,"MBBS, DLO",Associate Professor,National Institute of ENT & Hospital,Dhaka,N/A,https://doctor.bd/doctor/asso-prof-dr-md-zonaid-rahim-ent-dhaka
Asso. Prof. Dr. S.E. Kabir,General Surgery,"MBBS, MCPS",Associate Professor,University Dental College and Hospital,Dhaka,N/A,https://doctor.bd/doctor/asso-prof-dr-se-kabir-general-surgery-dhaka
Asso. Prof. Dr. Shereen Yousuf,Gynaecology & Obstetrics,"MBBS, FCPS",Associate Professor,Bangladesh Medical University,Dhaka,N/A,https://doctor.bd/doctor/asso-prof-dr-shereen-yousuf-gynaecology-obstetrics-dhaka
Asso. Prof. Dr. Towhidul Islam,Pediatric Surgery,"MBBS, MS",Professor & Head,Sher-e-bangla Medical College Hospital,Barishal,N/A,https://doctor.bd/doctor/asso-prof-dr-towhidul-islam-pediatric-surgery-barishal
Asso. Prof. Dr. Zinat De Laila,Psychiatry,"MBBS, BCS, MD",Associate Professor,National Institute of Mental Health (NIMH),Dhaka,N/A,https://doctor.bd/doctor/asso-prof-dr-zinat-de-laila-psychiatry-dhaka
Assoc. Prof. Dr. A.H.M. Nasiruzzaman,Pediatrics,"MBBS, BCS, MD",Associate Professor,Shaheed Suhrawardy Medical College Hospital,Dhaka,N/A,https://doctor.bd/doctor/assoc-prof-dr-ahm-nasiruzzaman-pediatrics-dhaka
Assoc. Prof. Dr. Aslam Almehdi,Dentistry,"PhD, MS, BDS, FIAOO, FICD",Consultant,"Delta Medical College & Hospital, Dhaka",Dhaka,15+ Years,https://doctor.bd/doctor/assoc-prof-dr-aslam-almehdi-dentistry-dhaka
Assoc. Prof. Dr. Jannatul Ferdous,Hematology,"MBBS, MTM, FCPS",Associate Professor,"Mugda Medical College Hospital, Dhaka",Dhaka,N/A,https://doctor.bd/doctor/assoc-prof-dr-jannatul-ferdous-hematology-dhaka
Assoc. Prof. Dr. Kazi Jannat Ara,Neurology,"MBBS, FCPS",Associate Professor,Bangladesh Medical University,Dhaka,N/A,https://doctor.bd/doctor/assoc-prof-dr-kazi-jannat-ara-neurology-dhaka
Assoc. Prof. Dr. Md. Alauddin,Cardiac Surgery,"MBBS, MS",Associate Professor,Bangladesh Medical University,Dhaka,20+ Years,https://doctor.bd/doctor/assoc-prof-dr-md-alauddin-cardiac-surgery-dhaka
Assoc. Prof. Dr. Md. Raknuzzaman,Neurology,"MBBS, MD, MRCP, FCPS",Associate Professor,National Institute of Neurosciences & Hospital,Dhaka,21+ Years,https://doctor.bd/doctor/assoc-prof-dr-md-raknuzzaman-neurology-dhaka
Assoc. Prof. Dr. Monsur Ahmed,Neurosurgery,"MBBS, MS",Associate Professor,National Institute of Neurosciences & Hospital,Dhaka,N/A,https://doctor.bd/doctor/assoc-prof-dr-monsur-ahmed-neurosurgery-dhaka
Assoc. Prof. Dr. Rowshan Ara,Gynaecology & Obstetrics,"MBBS, FCPS",Associate Professor,Dhaka Medical College Hospital,Dhaka,N/A,https://doctor.bd/doctor/assoc-prof-dr-rowshan-ara-gynaecology-obstetrics-dhaka
Assoc. Prof. Dr. Rowshan Ara,Reproductive Medicine,"MBBS, FCPS",Associate Professor,Dhaka Medical College Hospital,Dhaka,N/A,https://doctor.bd/doctor/assoc-prof-dr-rowshan-ara-reproductive-medicine-dhaka
"Assoc. Prof. Dr. S.M. Mustofa Kamal, PT",Physiotherapy,"MPH, BPT, MDMR",Associate Professor,Enam Medical College & Hospital,Dhaka,N/A,https://doctor.bd/doctor/assoc-prof-dr-sm-mustofa-kamal-pt-physiotherapy-dhaka
Assoc. Prof. Dr. Suhel Reza,Urology,"MBBS, MS, FCPS",Associate Professor,National Institute of Kidney Disease and Urology (NIKDU),Dhaka,N/A,https://doctor.bd/doctor/assoc-prof-dr-suhel-reza-urology-dhaka
Assoc. Prof. Dr. T.C. Saha,Physical Medicine & Rehabilitation,"MBBS, BCS, MD",Associate Professor,"Mugda Medical College Hospital, Dhaka",Dhaka,N/A,https://doctor.bd/doctor/assoc-prof-dr-tc-saha-physical-medicine-rehabilitation-dhaka
Assoc. Prof. Dr. Tarafdar Runa Laila,Gynaecology & Obstetrics,"MBBS, MS, FCPS",Associate Professor,Bangladesh Medical University,Dhaka,N/A,https://doctor.bd/doctor/assoc-prof-dr-tarafdar-runa-laila-gynaecology-obstetrics-dhaka
Asst. Prof Dr. Abdul Mahin Tazbir,Rheumatology,"MBBS, MD, ECRD",Assistant Professor,Enam Medical College & Hospital,Dhaka,N/A,https://doctor.bd/doctor/asst-prof-dr-abdul-mahin-tazbir-rheumatology-dhaka
Asst. Prof. Dr. Ankur Datta,Medicine,"MBBS, MPH, MACP, CCD, EDC, FMD",Assistant Professor,Eastern Medical College Hospital,Cumilla,N/A,https://doctor.bd/doctor/asst-prof-dr-ankur-datta-medicine-cumilla
Asst. Prof. Dr. Basudeb Chandra Pal,Psychiatry,"MBBS, MD",Assistant Professor,Khulna City Medical College Hospital,Khulna,N/A,https://doctor.bd/doctor/asst-prof-dr-basudeb-chandra-pal-psychiatry-khulna
Asst. Prof. Dr. Bijoy Kumar Dutta,Psychiatry,"MBBS, BCS, MD",Assistant Professor,Cumilla Medical College Hospital,Cumilla,N/A,https://doctor.bd/doctor/asst-prof-dr-bijoy-kumar-dutta-psychiatry-cumilla-2
Asst. Prof. Dr. Bijoy Kumar Dutta,Psychiatry,"MBBS, BCS, MD",Assistant Professor,Cumilla Medical College Hospital,Cumilla,N/A,https://doctor.bd/doctor/asst-prof-dr-bijoy-kumar-dutta-psychiatry-cumilla
Asst. Prof. Dr. Dulal Chandra Das,Hepatology,"MBBS, MD",Assistant Professor,Bangladesh Medical University,Dhaka,N/A,https://doctor.bd/doctor/asst-prof-dr-dulal-chandra-das-hepatology-dhaka
Asst. Prof. Dr. Farhana Salam,Colorectal Surgery,"MBBS, BCS, MS, FCPS",Assistant Professor,Shaheed Suhrawardy Medical College Hospital,Dhaka,N/A,https://doctor.bd/doctor/asst-prof-dr-farhana-salam-colorectal-surgery-dhaka
Asst. Prof. Dr. Farida Yasmin SHUMI,Gynaecology & Obstetrics,"MBBS, DGO, MS, MSc",Assistant Professor,Chattogram Medical College Hospital,Chattogram,N/A,https://doctor.bd/doctor/asst-prof-dr-farida-yasmin-shumi-gynaecology-obstetrics-chattogram
Asst. Prof. Dr. Iftekhar Alam,Cardiology,"MBBS, MD, CCD",Assistant Professor,National Institute of Cardiovascular Disease (NICVD),Dhaka,N/A,https://doctor.bd/doctor/asst-prof-dr-iftekhar-alam-cardiology-dhaka
Asst. Prof. Dr. Kamalesh Chandra Basu,Endocrinology,"MBBS, BCS, MD, MCPS, FCPS",Assistant Professor,Dhaka Medical College Hospital,Dhaka,N/A,https://doctor.bd/doctor/asst-prof-dr-kamalesh-chandra-basu-endocrinology-dhaka
Asst. Prof. Dr. Md. Forhad Abedin,Hepatology,"MBBS, BCS, FRCP, FCPS, MD",Assistant Professor,Cumilla Medical College Hospital,Cumilla,N/A,https://doctor.bd/doctor/asst-prof-dr-md-forhad-abedin-hepatology-cumilla
Asst. Prof. Dr. Md. Masum Uddin,Physical Medicine & Rehabilitation,"MBBS, BCS, MACP, FCPS",Assistant Professor,National Institute of Traumatology and Orthopaedic Rehabilitation (NITOR),Dhaka,15+ Years,https://doctor.bd/doctor/asst-prof-dr-md-masum-uddin-physical-medicine-rehabilitation-dhaka
Asst. Prof. Dr. Md. Mofazzal Hossen (Murad),Rheumatology,"MBBS, BCS, MD",Assistant Professor,Rangpur Medical College Hospital,Rangpur,N/A,https://doctor.bd/doctor/asst-prof-dr-md-mofazzal-hossen-murad-rheumatology-rangpur
Asst. Prof. Dr. Md. Nowshad Ullah Nahid,Vascular Surgery,"MBBS, MS",Assistant Professor,Eastern Medical College Hospital,Cumilla,10+ Years,https://doctor.bd/doctor/asst-prof-dr-md-nowshad-ullah-nahid-vascular-surgery-cumilla
Asst. Prof. Dr. Md. Tousifur Rahman,Oncology,"MBBS, MD",Assistant Professor,"TMSS Cancer Centre, Bogura",Bogura,N/A,https://doctor.bd/doctor/asst-prof-dr-md-tousifur-rahman-oncology-bogura
Asst. Prof. Dr. Mohammad Abdus Salam,Urology,"MBBS, MS",Assistant Professor,Bangladesh Medical University,Dhaka,N/A,https://doctor.bd/doctor/asst-prof-dr-mohammad-abdus-salam-urology-dhaka
Asst. Prof. Dr. Mohammad Toufiq Hasan,Respiratory Medicine,"MBBS, BCS, MD",Professor & Head,Sir Salimullah Medical College Mitford Hospital,Dhaka,N/A,https://doctor.bd/doctor/asst-prof-dr-mohammad-toufiq-hasan-respiratory-medicine-dhaka
Asst. Prof. Dr. Nafiuzzaman,Physical Medicine & Rehabilitation,"MBBS, ECRD, FCPS",Assistant Professor,President Abdul Hamid Medical College & Hospital,Narayanganj,N/A,https://doctor.bd/doctor/asst-prof-dr-nafiuzzaman-physical-medicine-rehabilitation-narayanganj
Asst. Prof. Dr. Najmul Haque,Pediatrics,"MBBS, BCS, FCPS, MD",Assistant Professor,National Institute of Neurosciences & Hospital,Dhaka,N/A,https://doctor.bd/doctor/asst-prof-dr-najmul-haque-pediatrics-dhaka
Asst. Prof. Dr. Purobi Das Bakshi,Gynaecology & Obstetrics,"MBBS, BCS, MS",Assistant Professor,Khulna Medical College Hospital,Khulna,12+ Years,https://doctor.bd/doctor/asst-prof-dr-purobi-das-bakshi-gynaecology-obstetrics-khulna
Asst. Prof. Dr. Sharmin Akter Liza,Gynaecology & Obstetrics,"MBBS, FCPS",Assistant Professor,"Institute of Child and Mother Health, Matuail",Dhaka,N/A,https://doctor.bd/doctor/asst-prof-dr-sharmin-akter-liza-gynaecology-obstetrics-dhaka
Asst. Prof. Dr. Sharmin Begum,Dermatology,"MBBS, MCPS, FCPS",Assistant Professor,Bangladesh Medical University,Dhaka,N/A,https://doctor.bd/doctor/asst-prof-dr-sharmin-begum-dermatology-dhaka
Asst. Prof. Dr. SMA Alim,Anesthesiology,"MBBS, MD, EDPM, FIPM, GOPF",Assistant Professor,Bangladesh Medical University,Dhaka,N/A,https://doctor.bd/doctor/asst-prof-dr-sma-alim-anesthesiology-dhaka
Asst. Prof. Dr. Subrata Roy,General Surgery,"MBBS, MS, FCPS",Assistant Professor,Dinajpur Medical College Hospital,Dinajpur,N/A,https://doctor.bd/doctor/asst-prof-dr-subrata-roy-general-surgery-dinajpur
Asst. Prof. Dr. Suman Dey,Gastroenterology,"MBBS, BCS, MRCPS, MCPS, MD, CCD, FCPS",Assistant Professor,Bangladesh Medical University,Cumilla,13+ Years,https://doctor.bd/doctor/asst-prof-dr-suman-dey-gastroenterology-cumilla
Asst. Prof. Dr. Sunjida Islam,Endocrinology,"MBBS, DEM",Professor & Head,Eastern Medical College Hospital,Cumilla,10+ Years,https://doctor.bd/doctor/asst-prof-dr-sunjida-islam-endocrinology-cumilla
Asst. prof. Dr. Ujjal Mitra,Pediatrics,"MBBS, BCS, FCPS, MD",Assistant Professor,Dhaka Medical College Hospital,Dhaka,N/A,https://doctor.bd/doctor/asst-prof-dr-ujjal-mitra-pediatrics-dhaka
Brig Gen. Prof. Dr. Md. Maqsudur Rasul,Medicine,"MBBS, MCPS, FCPS",Professor,Combined Military Hospital Dhaka,Dhaka,N/A,https://doctor.bd/doctor/brig-gen-prof-dr-md-maqsudur-rasul-medicine-dhaka
Brig. Gen. (Retd) Prof. Dr. Md. Sayedur Rahman,Ophthalmology,"MBBS, DO, FCPS, MCPS, FICO",Senior Consultant,Evercare Hospital Dhaka,Dhaka,N/A,https://doctor.bd/doctor/brig-gen-retd-prof-dr-md-sayedur-rahman-ophthalmology-dhaka
Brig. Gen. Dr. Golam Mohiuddin Chowdhury,Dentistry,"BDS, PGC, FCPS",Consultant,Evercare Hospital Dhaka,Dhaka,N/A,https://doctor.bd/doctor/brig-gen-dr-golam-mohiuddin-chowdhury-dentistry-dhaka
Brig. Gen. Dr. Md. Delwar Hossain,Gastroenterology,"MBBS, FCPS",Professor & Head,Combined Military Hospital Dhaka,Dhaka,N/A,https://doctor.bd/doctor/brig-gen-dr-md-delwar-hossain-gastroenterology-dhaka
Brig. Gen. Dr. Md. Habibur Rahman,Psychiatry,"MBBS, FCPS",Doctor,"Armed Forces Medical College, Dhaka",Dhaka,N/A,https://doctor.bd/doctor/brig-gen-dr-md-habibur-rahman-psychiatry-dhaka
Brig. Gen. Dr. Moinul Hoque Chowdhury,Anesthesiology,"MBBS, FCPS",Senior Consultant,Evercare Hospital Dhaka,Dhaka,N/A,https://doctor.bd/doctor/brig-gen-dr-moinul-hoque-chowdhury-anesthesiology-dhaka
Brig. Gen. Prof. Dr. A.K.M. Masud,Orthopedics,"MBBS, MS",Professor & Head,"Armed Forces Medical College, Dhaka",Dhaka,N/A,https://doctor.bd/doctor/brig-gen-prof-dr-akm-masud-orthopedics-dhaka
Brig. Gen. Prof. Dr. AFM Shamsul Haque,Cardiology,"MBBS, FCPS, MCPS, FESC, FACC, FRCP",Professor,Combined Military Hospital Dhaka,Dhaka,N/A,https://doctor.bd/doctor/brig-gen-prof-dr-afm-shamsul-haque-cardiology-dhaka
Brig. Gen. Prof. Dr. Anjuman Ara Beauty,Pediatrics,"MBBS, DCH, FCPS",Chief Pediatric Neurologist,Proyash Institute of Special Education & Research,Dhaka,N/A,https://doctor.bd/doctor/brig-gen-prof-dr-anjuman-ara-beauty-pediatrics-dhaka
Brig. Gen. Prof. Dr. Faruk Ahmed,Hematology,"MBBS, MCPS, FCPS",Senior Consultant,"Square Hospital, Dhaka",Dhaka,N/A,https://doctor.bd/doctor/brig-gen-prof-dr-faruk-ahmed-hematology-dhaka
Brig. Gen. Prof. Dr. Md. Azizul Islam,Psychiatry,"MBBS, FCPS, FRCP, FACP",Professor & Head,"Armed Forces Medical College, Dhaka",Dhaka,N/A,https://doctor.bd/doctor/brig-gen-prof-dr-md-azizul-islam-psychiatry-dhaka
Brig. Gen. Prof. Dr. Md. Azizur Rahman,Respiratory Medicine,"MBBS, MCPS, FCPS, FCCP",Professor & Head,Combined Military Hospital Dhaka,Dhaka,N/A,https://doctor.bd/doctor/brig-gen-prof-dr-md-azizur-rahman-respiratory-medicine-dhaka
Brig. Gen. Prof. Dr. Md. Enamul Kabir,Plastic Surgery,"MBBS, FCPS, FACS, FICS",Professor,Marks Medical College & Hospital,Dhaka,N/A,https://doctor.bd/doctor/brig-gen-prof-dr-md-enamul-kabir-plastic-surgery-dhaka
Brig. Gen. Prof. Dr. Md. Nuruzzaman,Neurosurgery,"MBBS, MS",Senior Consultant,"Ibn Sina Specialized Hospital, Dhanmondi",Dhaka,N/A,https://doctor.bd/doctor/brig-gen-prof-dr-md-nuruzzaman-neurosurgery-dhaka
Brig. Gen. Prof. Dr. Md. Saidur Rahman,General Surgery,"MBBS, FCPS",Former Professor,Combined Military Hospital Dhaka,Dhaka,N/A,https://doctor.bd/doctor/brig-gen-prof-dr-md-saidur-rahman-general-surgery-dhaka
Brig. Gen. Prof. Dr. Md. Sayedur Rahman,Gastroenterology,"MBBS, FCPS, OJT, FACP, FRCP",Professor,Combined Military Hospital Dhaka,Dhaka,N/A,https://doctor.bd/doctor/brig-gen-prof-dr-md-sayedur-rahman-gastroenterology-dhaka
Brig. Gen. Prof. Dr. Md. Yousuf Ali,Oncology,"MBBS, FCPS, MACR, FRCH",Professor & Head,Combined Military Hospital Dhaka,Dhaka,N/A,https://doctor.bd/doctor/brig-gen-prof-dr-md-yousuf-ali-oncology-dhaka
Brig. Gen. Prof. Dr. MHM Delwar Hossain,Anesthesiology,"MBBS, DA, MCPS, FCPS",Former Professor,Combined Military Hospital Dhaka,Dhaka,N/A,https://doctor.bd/doctor/brig-gen-prof-dr-mhm-delwar-hossain-anesthesiology-dhaka
Brig. Gen. Prof. Dr. Nasir Uddin Ahmed,Medicine,"MBBS, FCPS",Advisor Specialist & Head of the Department of Endocrinology,Combined Military Hospital Dhaka,Dhaka,29+ Years,https://doctor.bd/doctor/brig-gen-prof-dr-nasir-uddin-ahmed-medicine-dhaka
Brig. Gen. Prof. Dr. Nurul Amin (Retd),Dermatology,"MBBS, MD, FCPS, FRCP, FAAD, DDV, DD",Professor & Head,"Armed Forces Medical College, Dhaka",Dhaka,N/A,https://doctor.bd/doctor/brig-gen-prof-dr-nurul-amin-retd-dermatology-dhaka
Brig. Gen. Prof. Dr. Nurunnahar Fatema Begum,Pediatrics,"MBBS, FCPS, FRCP, FACC, FSCAI",Professor & Head,Combined Military Hospital Dhaka,Dhaka,N/A,https://doctor.bd/doctor/brig-gen-prof-dr-nurunnahar-fatema-begum-pediatrics-dhaka
Brig. Gen. Prof. Dr. R U Chowdhury,Neurosurgery,"MBBS, FCPS, MS, MRCS",Consultant,Combined Military Hospital Dhaka,Dhaka,N/A,https://doctor.bd/doctor/brig-gen-prof-dr-r-u-chowdhury-neurosurgery-dhaka
Brig. Gen. Prof. Dr. Ranjit Kumar Mistry,ENT,"MBBS, DLO, FCPS, MCPS",Professor,"Armed Forces Medical College, Dhaka",Dhaka,N/A,https://doctor.bd/doctor/brig-gen-prof-dr-ranjit-kumar-mistry-ent-dhaka
Brigadier General (Dr.) Masroor Hasan,Plastic Surgery,"MBBS, MS, MRCS, FCPS",Advisor Specialist & HOD,Combined Military Hospital Dhaka,Dhaka,N/A,https://doctor.bd/doctor/brigadier-general-dr-masroor-hasan-plastic-surgery-dhaka
Brigadier General Prof. Dr. Md. Shirajul Islam Khan,Dermatology,"MBBS, FCPS, MCPS, DDV, FRCP, MACP",Professor & Head,Combined Military Hospital Dhaka,Dhaka,N/A,https://doctor.bd/doctor/brigadier-general-prof-dr-md-shirajul-islam-khan-dermatology-dhaka
Capt. Dr. A. Z. Nazrul Islam,Pediatrics,"MBBS, MCPS",Consultant,Combined Military Hospital Dhaka,Dhaka,N/A,https://doctor.bd/doctor/capt-dr-a-z-nazrul-islam-pediatrics-dhaka
Capt. Dr. Md. Serajul Islam,Pediatrics,"MBBS, MD, MCPS",Consultant,Bangladesh Medical University,Dhaka,N/A,https://doctor.bd/doctor/capt-dr-md-serajul-islam-pediatrics-dhaka
Col. (Prof.) Dr. Nazmul Hamid,Pediatrics,"MBBS, DCH, FCPS",Colonel,Combined Military Hospital Dhaka,Dhaka,N/A,https://doctor.bd/doctor/col-prof-dr-nazmul-hamid-pediatrics-dhaka
Col. Dr. Nazma Siddique,Gynaecology & Obstetrics,"MBBS, DGO, FCPS",Professor & Head,Combined Military Hospital Chattogram,Chattogram,N/A,https://doctor.bd/doctor/col-dr-nazma-siddique-gynaecology-obstetrics-chattogram
Col. Prof. Dr. Md. Nurul Azim,Psychiatry,"MBBS, FCPS, MD, PhD, PsyD, FRCP, FACP",Former Professor,Bangladesh Medical University,Dhaka,N/A,https://doctor.bd/doctor/col-prof-dr-md-nurul-azim-psychiatry-dhaka
Colonel Dr. Md. Mosleh Uddin,Hematology,"MBBS, MCPS, FCPS",Consultant,Combined Military Hospital Dhaka,Dhaka,N/A,https://doctor.bd/doctor/colonel-dr-md-mosleh-uddin-hematology-dhaka
Dietician Sanzida Sharmeen,Nutrition & Dietetics,"BSc, MSc",Ex. Senior Clinical Dietician,"United Hospital, Dhaka",Dhaka,N/A,https://doctor.bd/doctor/dietician-sanzida-sharmeen-nutrition-dietetics-dhaka
Dietitian Sabeka Rahman,Nutrition & Dietetics,"BSc, MSc",Nutritionist,"Lubana General Hospital, Uttara",Dhaka,N/A,https://doctor.bd/doctor/dietitian-sabeka-rahman-nutrition-dietetics-dhaka
Dietitian Sanjib Ahmad Talukder Tonoy,Nutrition & Dietetics,"BSc, MSc, CND",Consultant,Ashiyan and City Medical College Hospital,Dhaka,N/A,https://doctor.bd/doctor/dietitian-sanjib-ahmad-talukder-tonoy-nutrition-dietetics-dhaka
Dietitian Sanjib Ahmad Talukder Tonoy,Nutrition & Dietetics,"BSc, MSc, CND",Consultant,Ashiyan and City Medical College Hospital,Chattogram,N/A,https://doctor.bd/doctor/dietitian-sanjib-ahmad-talukder-tonoy-nutrition-dietetics-chattogram
Dietitian Sayeda Shirina Smrity,Nutrition & Dietetics,"BSc, MPH, MSc",Dietitian,"BRB Hospital, Dhaka",Dhaka,N/A,https://doctor.bd/doctor/dietitian-sayeda-shirina-smrity-nutrition-dietetics-dhaka
Dietitian Shirajam Munira,Nutrition & Dietetics,"BSc, MSc",Senior Consultant,Ibn Sina Medical College Hospital,Dhaka,N/A,https://doctor.bd/doctor/dietitian-shirajam-munira-nutrition-dietetics-dhaka
Dr A.E.M.N Jahangir Selim,Cardiology,"MBBS, BCS, MD",Assistant Professor,Chattogram Medical College Hospital,Chattogram,N/A,https://doctor.bd/doctor/dr-aemn-jahangir-selim-cardiology-chattogram
Dr Abu Nesar Taib,Endocrinology,"MBBS, DEM",Diabetes Specialist,BIRDEM General Hospital,Dhaka,N/A,https://doctor.bd/doctor/dr-abu-nesar-taib-endocrinology-dhaka
Dr ASM Musa Kobir,Medicine,"MBBS, MRCP",Consultant,Kushtia 250 bed General Hospital,Kushtia,N/A,https://doctor.bd/doctor/dr-asm-musa-kobir-medicine-kushtia
Dr Md Mohsin Reza (Pallab),Oncology,"MBBS, MD, FCPS",Consultant,"Directorate General of Health Services (DGHS), Mohakhali, Dhaka",Dhaka,N/A,https://doctor.bd/doctor/dr-md-mohsin-reza-pallab-oncology-dhaka
Dr Merina Arjumand,Nephrology,"MBBS, BCS, MCPS, MD",Consultant,Chattogram Medical College Hospital,Chattogram,N/A,https://doctor.bd/doctor/dr-merina-arjumand-nephrology-chattogram
Dr Mohammad Harun Ur Rashid,Neurosurgery,"MBBS, MS",Professor & Head,Mymensingh Medical College Hospital,Mymensingh,N/A,https://doctor.bd/doctor/dr-mohammad-harun-ur-rashid-neurosurgery-mymensingh
Dr Mohammad Monir Hossain,Pediatrics,"MBBS, MD, FCPS",Assistant Professor,National Institute of Neurosciences & Hospital,Dhaka,N/A,https://doctor.bd/doctor/dr-mohammad-monir-hossain-pediatrics-dhaka
Dr Muhammad Razaul Karim,Hepatology,"MBBS, MD, MACP, FCPS",Consultant,Bangladesh National Parliament Secretariat Medical Center,Dhaka,N/A,https://doctor.bd/doctor/dr-muhammad-razaul-karim-hepatology-dhaka
Dr Shadly T. Amim,Cardiology,"MBBS, BCS, MACP, MRCP, MD",Consultant,National Institute of Cardiovascular Disease (NICVD),Dhaka,N/A,https://doctor.bd/doctor/dr-shadly-t-amim-cardiology-dhaka
Dr Syed Aftub Uddin,General Surgery,"MBBS, BCS, MS, CCCD",Consultant,Chattogram Medical College Hospital,Chattogram,13+ Years,https://doctor.bd/doctor/dr-syed-aftub-uddin-general-surgery-chattogram
Dr Upananda Ray,Medicine,"MBBS, BCS, MACP, FCPS",Consultant,Khulna Medical College Hospital,Khulna,N/A,https://doctor.bd/doctor/dr-upananda-ray-medicine-khulna
Dr Zahid Uddin Shovon,Dermatology,"MBBS, DDV, MACP",Consultant,Sher-e-bangla Medical College Hospital,Barishal,N/A,https://doctor.bd/doctor/dr-zahid-uddin-shovon-dermatology-barishal
Dr. (Major) Md. Moshiur Rahman,Dermatology,"MBBS, DDV, FCPS",Consultant,Combined Military Hospital Sylhet,Sylhet,N/A,https://doctor.bd/doctor/dr-major-md-moshiur-rahman-dermatology-sylhet
Dr. A B M Sarwar-E-Alam,Medicine,"MBBS, FCPS",Asgar Ali Hospital,Asgar Ali Hospital,Dhaka,N/A,https://doctor.bd/doctor/dr-a-b-m-sarwar-e-alam-medicine-dhaka
Dr. A H M Abdul Hai,Pediatric Surgery,"MBBS, BCS, MS",Assistant Professor,Dhaka Medical College Hospital,Dhaka,N/A,https://doctor.bd/doctor/dr-a-h-m-abdul-hai-pediatric-surgery-dhaka
Dr. A H M Khairul Bashar,Pediatrics,"MBBS, DCH, MD",Assistant Professor,Sylhet MAG Osmani Medical College Hospital,Sylhet,N/A,https://doctor.bd/doctor/dr-a-h-m-khairul-bashar-pediatrics-sylhet
Dr. A K Choudhary Apurba,Cardiac Surgery,"MBBS, BCS, MS",Consultant,Sher-e-bangla Medical College Hospital,Barishal,N/A,https://doctor.bd/doctor/dr-a-k-choudhary-apurba-cardiac-surgery-barishal
Dr. A K M Akramul Bari,Urology,"MBBS, BCS, MS",Consultant,National Institute of Kidney Disease and Urology (NIKDU),Dhaka,N/A,https://doctor.bd/doctor/dr-a-k-m-akramul-bari-urology-dhaka
Dr. A K M Kamruzzaman,Pediatrics,"MBBS, PGPN, FCPS",Assistant Professor,Sylhet MAG Osmani Medical College Hospital,Sylhet,N/A,https://doctor.bd/doctor/dr-a-k-m-kamruzzaman-pediatrics-sylhet
Dr. A K M Obaydul Haque Sabbir,Orthopedics,"MBBS, BCS, D-ORTHO, MS",Consultant,National Institute of Cancer Research and Hospital (NICR&H),Dhaka,N/A,https://doctor.bd/doctor/dr-a-k-m-obaydul-haque-sabbir-orthopedics-dhaka
Dr. A K M Rezaul Haque,Dermatology,"MBBS, BCS, MD",Associate Professor,Bangladesh Medical University,Dhaka,25+ Years,https://doctor.bd/doctor/dr-a-k-m-rezaul-haque-dermatology-dhaka
Dr. A Latif,Nephrology,"MBBS, MD, CCD",Doctor,BIRDEM General Hospital,Dhaka,N/A,https://doctor.bd/doctor/dr-a-latif-nephrology-dhaka
Dr. A Q M Mobin,Gastroenterology,"MBBS, FCPS, MD, MACP",Consultant,Bangladesh Medical University,Dhaka,N/A,https://doctor.bd/doctor/dr-a-q-m-mobin-gastroenterology-dhaka
Dr. A R Chowdhury,Dermatology,"MBBS, DDV, MAMS",Associate Professor,Bangladesh University of Health Sciences,Dhaka,N/A,https://doctor.bd/doctor/dr-a-r-chowdhury-dermatology-dhaka
Dr. A S M Lutfur Rahman,ENT,"MBBS, DLO, MCPS, MRCPS",Associate Professor,United Medical College Hospital,Dhaka,N/A,https://doctor.bd/doctor/dr-a-s-m-lutfur-rahman-ent-dhaka
Dr. A S M Shamim Al Azad,Cardiology,"MBBS, D-CARD, PhD, FCPS",Consultant,Patuakhali Medical College Hospital,Patuakhali,N/A,https://doctor.bd/doctor/dr-a-s-m-shamim-al-azad-cardiology-patuakhali
Dr. A. B. Shamsudduha,Ophthalmology,"MBBS, DO, FCPS, MS",Assistant Professor,BIRDEM General Hospital,Dhaka,N/A,https://doctor.bd/doctor/dr-a-b-shamsudduha-ophthalmology-dhaka
Dr. A. Bivab Bikash Baral,Physical Medicine & Rehabilitation,"MBBS, BCS, FCPS",Assistant Professor,Dhaka Medical College Hospital,Dhaka,N/A,https://doctor.bd/doctor/dr-a-bivab-bikash-baral-physical-medicine-rehabilitation-dhaka
Dr. A. F. Khabir Uddin Ahmed,Cardiology,"MBBS, MD",Associate Professor,National Institute of Cardiovascular Disease (NICVD),Dhaka,N/A,https://doctor.bd/doctor/dr-a-f-khabir-uddin-ahmed-cardiology-dhaka
Dr. A. F. M. Saidur Rahman,Cardiology,"MBBS, FCPS, D-CARD, DTCD",Assistant Professor,Bangladesh Medical College Hospital,Dhaka,N/A,https://doctor.bd/doctor/dr-a-f-m-saidur-rahman-cardiology-dhaka
Dr. A. H. M. Shadequl Islam,Endocrinology,"MBBS, BCS, MD",Consultant,Shaheed Shaikh Abu-Naser Specialized Hospital,Khulna,N/A,https://doctor.bd/doctor/dr-a-h-m-shadequl-islam-endocrinology-khulna
Dr. A. Hasnat Shaheen,Endocrinology,"MBBS, DEM, MPH, MACE",Associate Professor,Dhaka Medical College Hospital,Dhaka,N/A,https://doctor.bd/doctor/dr-a-hasnat-shaheen-endocrinology-dhaka
Dr. A. J. Nasrin,Gynaecology & Obstetrics,"MBBS, FCPS",Gynecologist,Gonoshasthaya Samaj Vittik Medical College Hospital,Dhaka,N/A,https://doctor.bd/doctor/dr-a-j-nasrin-gynaecology-obstetrics-dhaka
Dr. A. K. Azad,Physical Medicine & Rehabilitation,"MBBS, FCPS",Physical Medicine Specialist,Bangladesh Medical University,Dhaka,N/A,https://doctor.bd/doctor/dr-a-k-azad-physical-medicine-rehabilitation-dhaka
Dr. A. M. K. Saifullah,Medicine,"MBBS, BCS, FCPS",Medical Officer,National Institute of Diseases of the Chest & Hospital (NIDCH),Narayanganj,N/A,https://doctor.bd/doctor/dr-a-m-k-saifullah-medicine-narayanganj
Dr. A. M. Shafayet Hossain Patwari,Neurology,"MBBS, BCS, MD",Consultant,Chattogram Medical College Hospital,Chattogram,N/A,https://doctor.bd/doctor/dr-a-m-shafayet-hossain-patwari-neurology-chattogram
Dr. A. M. Shahed,Medicine,"MBBS, BCS, FCPS",Assistant Professor,Chattogram Medical College Hospital,Chattogram,N/A,https://doctor.bd/doctor/dr-a-m-shahed-medicine-chattogram
Dr. A. R. Khan,Dentistry,"BDS, PGT",Surgeon,Rajshahi Medical College Hospital,Rajshahi,N/A,https://doctor.bd/doctor/dr-a-r-khan-dentistry-rajshahi
Dr. A. S. M. Mainul Hasan,Physical Medicine & Rehabilitation,"MBBS, BCS, MD",Consultant,Sylhet MAG Osmani Medical College Hospital,Sylhet,N/A,https://doctor.bd/doctor/dr-a-s-m-mainul-hasan-physical-medicine-rehabilitation-sylhet
Dr. A. S. M. Morshed,Psychiatry,"MBBS, CCD, MD",Psychiatrist,Dr. Sirajul Islam Medical College & Hospital,Dhaka,N/A,https://doctor.bd/doctor/dr-a-s-m-morshed-psychiatry-dhaka
Dr. A. S. M. Sufian,Radiology & Imaging,"MBBS, DMUD, PGT",Consultant,"Labaid (Diagnostic), Cumilla",Cumilla,N/A,https://doctor.bd/doctor/dr-a-s-m-sufian-radiology-imaging-cumilla
Dr. A. T. M. Shahid,Pediatrics,"MBBS, FCPS",Assistant Professor,"Mugda Medical College Hospital, Dhaka",Dhaka,N/A,https://doctor.bd/doctor/dr-a-t-m-shahid-pediatrics-dhaka
Dr. A. T. Reza Ahmad,Pediatrics,"MBBS, DCH, MD, PGPN",Consultant,North East Medical College Hospital,Sylhet,N/A,https://doctor.bd/doctor/dr-a-t-reza-ahmad-pediatrics-sylhet
Dr. A. Zubayer Khan,Hematology,"MBBS, FCPS",Assistant Professor,National Institute of Laboratory Medicine and Referral Center,Dhaka,N/A,https://doctor.bd/doctor/dr-a-zubayer-khan-hematology-dhaka
Dr. A.A.M. Shazzadur Rahman,Medicine,"MBBS, MSc",Associate Professor,North East Medical College Hospital,Sylhet,N/A,https://doctor.bd/doctor/dr-aam-shazzadur-rahman-medicine-sylhet
Dr. A.B. Shahriar Ahmed,Urology,"MBBS, MRCS, FCPS, MS",Assistant Professor,Enam Medical College & Hospital,Dhaka,N/A,https://doctor.bd/doctor/dr-ab-shahriar-ahmed-urology-dhaka
Dr. A.B. Siddique,Urology,"MBBS, MRCS, FCPS, MS",Assistant Professor,National Institute of Kidney Disease and Urology (NIKDU),Dhaka,N/A,https://doctor.bd/doctor/dr-ab-siddique-urology-dhaka
Dr. A.B.M Hasib Kamal Opu,Dentistry,BDS,Medical Officer,Dhaka Dental College Hospital,Dhaka,4+ Years,https://doctor.bd/doctor/dr-abm-hasib-kamal-opu-dentistry-dhaka
Dr. A.B.M Morshed Goni,Orthopedics,"MBBS, MS",Assistant Professor,Rangpur Medical College Hospital,Rangpur,N/A,https://doctor.bd/doctor/dr-abm-morshed-goni-orthopedics-rangpur
Dr. A.B.M. Imam Hossain Jewel,Cardiology,"MBBS, BCS, MD, FCPS, CCD",Consultant,Sher-e-bangla Medical College Hospital,Barishal,N/A,https://doctor.bd/doctor/dr-abm-imam-hossain-jewel-cardiology-barishal
Dr. A.B.M. Jamil,Cardiology,"MBBS, BCS, MD",Assistant Professor,"Shaheed Ziaur Rahman Medical College Hospital, Bogura",Bogura,N/A,https://doctor.bd/doctor/dr-abm-jamil-cardiology-bogura
Dr. A.B.M. Kamrul Hasan,Endocrinology,"MBBS, BCS, MD, MACE",Professor & Head,Mymensingh Medical College Hospital,Mymensingh,N/A,https://doctor.bd/doctor/dr-abm-kamrul-hasan-endocrinology-mymensingh
Dr. A.B.M. Kefayet Ullah Bhuiyan,Radiology & Imaging,"MBBS, MD",Sonologist & Radiologist,Chevron Clinical Laboratory,Chattogram,N/A,https://doctor.bd/doctor/dr-abm-kefayet-ullah-bhuiyan-radiology-imaging-chattogram
Dr. A.B.M. Khairul Hasan,Neurology,"MBBS, MD",Professor & Head,TMSS Medical College & Hospital,Bogura,N/A,https://doctor.bd/doctor/dr-abm-khairul-hasan-neurology-bogura
Dr. A.B.M. Rashedul Amir,Orthopedics,"MBBS, BCS, D-ORTHO",Associate Professor,Rangpur Medical College Hospital,Rangpur,N/A,https://doctor.bd/doctor/dr-abm-rashedul-amir-orthopedics-rangpur
Dr. A.B.M. Riaz Kawsar,Cardiology,"MBBS, BCS, MD",Assistant Professor,National Institute of Cardiovascular Disease (NICVD),Dhaka,N/A,https://doctor.bd/doctor/dr-abm-riaz-kawsar-cardiology-dhaka
Dr. A.F.M Mahbub Alam,Rheumatology,"MBBS, BCS, MD",Assistant Professor,"Mugda Medical College Hospital, Dhaka",Narayanganj,N/A,https://doctor.bd/doctor/dr-afm-mahbub-alam-rheumatology-narayanganj
Dr. A.F.M. Al Masum Khan,Neurology,"MBBS, BCS, MD",Assistant Professor,National Institute of Neurosciences & Hospital,Pabna,N/A,https://doctor.bd/doctor/dr-afm-al-masum-khan-neurology-pabna
Dr. A.F.M. Ariful Islam Nobin,Plastic Surgery,"MBBS, FCPS",Assistant Professor,Dhaka Medical College Hospital,Dhaka,N/A,https://doctor.bd/doctor/dr-afm-ariful-islam-nobin-plastic-surgery-dhaka
Dr. A.F.M. Kamal Uddin,Oncology,"MBBS, DTCD, MD, ICRETT",Consultant,"United Hospital, Dhaka",Dhaka,N/A,https://doctor.bd/doctor/dr-afm-kamal-uddin-oncology-dhaka
Dr. A.F.M. Mizanur Rahaman,Dermatology,"MBBS, DDV, MACP",Assistant Professor,"BGC Trust Medical College, Chattogram",Chattogram,N/A,https://doctor.bd/doctor/dr-afm-mizanur-rahaman-dermatology-chattogram
Dr. A.H.M Afzalul Haque (Rana),Urology,"MBBS, BCS, MS",Assistant Professor,Pabna Medical College Hospital,Pabna,N/A,https://doctor.bd/doctor/dr-ahm-afzalul-haque-rana-urology-pabna
Dr. A.H.M Ibrahim,Orthopedics,"MBBS, BCS, MS, CCD, FCPS",Consultant,National Institute of Traumatology and Orthopaedic Rehabilitation (NITOR),Dhaka,N/A,https://doctor.bd/doctor/dr-ahm-ibrahim-orthopedics-dhaka
Dr. A.H.M. Azgar Ali Chowdhury,Orthopedics,"MBBS, BCS, MS",Consultant,Chattogram 250 bed General Hospital,Chattogram,N/A,https://doctor.bd/doctor/dr-ahm-azgar-ali-chowdhury-orthopedics-chattogram
Dr. A.H.M. Rafiqul Bari,Urology,"MBBS, FCPS, MS",Assistant Professor,Sher-e-bangla Medical College Hospital,Barishal,N/A,https://doctor.bd/doctor/dr-ahm-rafiqul-bari-urology-barishal
Dr. A.H.M. Sajjad Hossain Khan,Ophthalmology,"MBBS, DCO, FICS",Consultant,Chattogram Eye Infirmary and Training Complex,Chattogram,N/A,https://doctor.bd/doctor/dr-ahm-sajjad-hossain-khan-ophthalmology-chattogram
Dr. A.H.M. Sanjedul Haque Sumon,Nephrology,"MBBS, BCS, MD",Consultant,"Shaheed Ziaur Rahman Medical College Hospital, Bogura",Bogura,N/A,https://doctor.bd/doctor/dr-ahm-sanjedul-haque-sumon-nephrology-bogura
Dr. A.H.M. Tanvir Ahmed (Liton),Hepatobiliary Surgery,"MBBS, FCPS",Assistant Professor,BIRDEM General Hospital,Dhaka,N/A,https://doctor.bd/doctor/dr-ahm-tanvir-ahmed-liton-hepatobiliary-surgery-dhaka
Dr. A.H.M. Waliur Rahman Sumon,Medicine,"MBBS, BCS, FCPS",Assistant Professor,Sir Salimullah Medical College Mitford Hospital,Narayanganj,N/A,https://doctor.bd/doctor/dr-ahm-waliur-rahman-sumon-medicine-narayanganj
Dr. A.K Azad,Orthopedics,"MBBS, D-ORTHO",Consultant,Cumilla Medical College Hospital,Cumilla,N/A,https://doctor.bd/doctor/dr-ak-azad-orthopedics-cumilla
Dr. A.K. Boshak,Cardiology,"MBBS, MD",Associate Professor,Chattogram Medical College Hospital,Chattogram,N/A,https://doctor.bd/doctor/dr-ak-boshak-cardiology-chattogram
Dr. A.K.M Akramul Haque,Thoracic Surgery,"MBBS, MS",Associate Professor,National Institute of Diseases of the Chest & Hospital (NIDCH),Dhaka,N/A,https://doctor.bd/doctor/dr-akm-akramul-haque-thoracic-surgery-dhaka
Dr. A.K.M Khairul Basher,Pediatric Surgery,"MBBS, BCS, MS",Assistant Professor,Dhaka Medical College Hospital,Dhaka,N/A,https://doctor.bd/doctor/dr-akm-khairul-basher-pediatric-surgery-dhaka
Dr. A.K.M Nurul Amin,Oncology,"MBBS, MPhil, FCGP, FIGP, PhD, MWMA, PGCC",Former Senior House Physician,Bangladesh Medical University,Rajshahi,N/A,https://doctor.bd/doctor/dr-akm-nurul-amin-oncology-rajshahi
Dr. A.K.M Shafiul Alam Ferdous,General Surgery,"MBBS, MCPS, MS",Senior Consultant,Narayanganj 300 Bed Hospital,Narayanganj,N/A,https://doctor.bd/doctor/dr-akm-shafiul-alam-ferdous-general-surgery-narayanganj
Dr. A.K.M Shafiul Azam,Psychiatry,"MBBS, BCS, MD",Consultant,Pabna Mental Hospital,Pabna,N/A,https://doctor.bd/doctor/dr-akm-shafiul-azam-psychiatry-pabna
Dr. A.K.M Shaheen Ahmed,Medicine,"MBBS, MCPS, FCPS",Medicine Specialist,BIRDEM General Hospital,Dhaka,N/A,https://doctor.bd/doctor/dr-akm-shaheen-ahmed-medicine-dhaka
Dr. A.K.M Shamim Azad Rokon,Medicine,"MBBS, BCS, MD, CCD, FCPS",Consultant,Rangpur Medical College Hospital,Rangpur,N/A,https://doctor.bd/doctor/dr-akm-shamim-azad-rokon-medicine-rangpur
Dr. A.K.M Shamsul Haque,General Surgery,"MBBS, BCS, FCPS",Associate Professor,Pabna Medical College Hospital,Pabna,N/A,https://doctor.bd/doctor/dr-akm-shamsul-haque-general-surgery-pabna
Dr. A.K.M. Asad Palash,Dentistry,"BDS, BCS, FDIT, MPH",Associate Professor,"Dental College, Rajshahi",Rajshahi,N/A,https://doctor.bd/doctor/dr-akm-asad-palash-dentistry-rajshahi
Dr. A.K.M. Asaduzzaman,Anesthesiology,"MBBS, DA, FIPM",Consultant,Bangladesh Medical University,Dhaka,N/A,https://doctor.bd/doctor/dr-akm-asaduzzaman-anesthesiology-dhaka
Dr. A.K.M. Fahmid Noman,Respiratory Medicine,"MBBS, FCPS, MD",Consultant,Dhaka Medical College Hospital,Dhaka,N/A,https://doctor.bd/doctor/dr-akm-fahmid-noman-respiratory-medicine-dhaka
Dr. A.K.M. Fazle Rabbi Khan,General Surgery,"MBBS, BCS, FCPS",Consultant,Dhaka Medical College Hospital,Dhaka,N/A,https://doctor.bd/doctor/dr-akm-fazle-rabbi-khan-general-surgery-dhaka
Dr. A.K.M. Fazlul Haque Siddiqui,Homeopathy,"DHMS, DUMS, BAMS, PDT",Consultant,"Dr. Siddiqi Piles Care Center, Chattogram",Chattogram,N/A,https://doctor.bd/doctor/dr-akm-fazlul-haque-siddiqui-homeopathy-chattogram
Dr. A.K.M. Harun-Or-Rashid,Orthopedics,"MBBS, BCS, MS",Assistant Professor,Chattogram Medical College Hospital,Chattogram,N/A,https://doctor.bd/doctor/dr-akm-harun-or-rashid-orthopedics-chattogram
Dr. A.K.M. Jafor Ullah,Pediatrics,"MBBS, BCS, MD",Child Specialist,Chattogram General Hospital,Chattogram,N/A,https://doctor.bd/doctor/dr-akm-jafor-ullah-pediatrics-chattogram
Dr. A.K.M. Khalequzzaman (Dipu),Orthopedics,"MBBS, MS",Assistant Professor,Universal Medical College & Hospital,Dhaka,N/A,https://doctor.bd/doctor/dr-akm-khalequzzaman-dipu-orthopedics-dhaka
Dr. A.K.M. Monzur Morshed,Cardiology,"MBBS, FCPS, DME",Professor,Chattogram Medical College Hospital,Chattogram,N/A,https://doctor.bd/doctor/dr-akm-monzur-morshed-cardiology-chattogram
Dr. A.K.M. Mosiat Ullah,Medicine,"MBBS, BCS, FCPS",Chattogram Medical College Hospital,Chattogram Medical College Hospital,Chattogram,N/A,https://doctor.bd/doctor/dr-akm-mosiat-ullah-medicine-chattogram
Dr. A.K.M. Munirul Haque,ENT,"MBBS, DLO",Senior Consultant,"Kurmitola General Hospital, Dhaka",Dhaka,N/A,https://doctor.bd/doctor/dr-akm-munirul-haque-ent-dhaka
Dr. A.K.M. Mustafizur Rahman Mintu,Orthopedics,"MBBS, BCS, D-ORTHO, FCPS",Resident Surgeon,Mymensingh Medical College Hospital,Mymensingh,N/A,https://doctor.bd/doctor/dr-akm-mustafizur-rahman-mintu-orthopedics-mymensingh
Dr. A.K.M. Nazmul Haque,Orthopedics,"MBBS, BCS, MS",Registrar,Mymensingh Medical College Hospital,Mymensingh,N/A,https://doctor.bd/doctor/dr-akm-nazmul-haque-orthopedics-mymensingh
Dr. A.K.M. Rezwanul Islam,Cardiology,"MBBS, BCS, MD",Junior Consultant,"Shaheed Ziaur Rahman Medical College Hospital, Bogura",Bogura,N/A,https://doctor.bd/doctor/dr-akm-rezwanul-islam-cardiology-bogura
Dr. A.K.M. Shafiqul Islam Qayum,Gastroenterology,"MBBS, BCS, MCPS, FCPS, MD, MACP",Associate Professor,Shaheed Suhrawardy Medical College Hospital,Dhaka,N/A,https://doctor.bd/doctor/dr-akm-shafiqul-islam-qayum-gastroenterology-dhaka
Dr. A.K.M. Shaharul Islam,Orthopedics,"MBBS, D-ORTHO",Assistant Professor,TMSS Medical College & Hospital,Bogura,N/A,https://doctor.bd/doctor/dr-akm-shaharul-islam-orthopedics-bogura
Dr. A.K.M. Shamsul Alam,Anesthesiology,"MBBS, FCPS",Professor & Head,Chattogram Medical College Hospital,Chattogram,N/A,https://doctor.bd/doctor/dr-akm-shamsul-alam-anesthesiology-chattogram
Dr. A.M. Abdullah Al Yeusuf,Hepatology,"MBBS, MD",Assistant Professor,Dhaka Central International Medical College & Hospital,Dhaka,N/A,https://doctor.bd/doctor/dr-am-abdullah-al-yeusuf-hepatology-dhaka
Dr. A.M. Forid Uddin Ahmed,Orthopedics,"MBBS, FCPS, MS",Assistant Professor,National Institute of Traumatology and Orthopaedic Rehabilitation (NITOR),Dhaka,N/A,https://doctor.bd/doctor/dr-am-forid-uddin-ahmed-orthopedics-dhaka
Dr. A.M. Rejaus Satter,Neurosurgery,"MBBS, FCPS, MS",Consultant,"Square Hospital, Dhaka",Dhaka,N/A,https://doctor.bd/doctor/dr-am-rejaus-satter-neurosurgery-dhaka
Dr. A.M. Ziaul Haque Masum,Cardiac Surgery,"MBBS, MS",Assistant Professor,National Institute of Cardiovascular Disease (NICVD),Dhaka,N/A,https://doctor.bd/doctor/dr-am-ziaul-haque-masum-cardiac-surgery-dhaka
Dr. A.M.M. Ashraful Islam,Physical Medicine & Rehabilitation,"MBBS, FCPS",Assistant Professor,Marine City Medical College & Hospital,Chattogram,N/A,https://doctor.bd/doctor/dr-amm-ashraful-islam-physical-medicine-rehabilitation-chattogram
Dr. A.M.S Shahin,Pediatric Surgery,"MBBS, MS",Consultant,Bangladesh Medical University,Dhaka,N/A,https://doctor.bd/doctor/dr-ams-shahin-pediatric-surgery-dhaka
Dr. A.N.M Ehsanul Karim,Nephrology,"MBBS, FCPS, MD",Professor & Head,"Shaheed Ziaur Rahman Medical College Hospital, Bogura",Bogura,N/A,https://doctor.bd/doctor/dr-anm-ehsanul-karim-nephrology-bogura
Dr. A.N.M Humayun Kabir,Orthopedics,"MBBS, D-ORTHO",Senior Consultant,Chattogram Maa-O-Shishu Hospital Medical College,Chattogram,N/A,https://doctor.bd/doctor/dr-anm-humayun-kabir-orthopedics-chattogram
Dr. A.N.M Jane Alam,Colorectal Surgery,"MBBS, BCS, FCPS, AMASI",Consultant,Cumilla Medical College Hospital,Cumilla,N/A,https://doctor.bd/doctor/dr-anm-jane-alam-colorectal-surgery-cumilla
Dr. A.N.M. Abdul Hai,Nephrology,"MBBS, BCS, MD",Assistant Professor,National Institute of Kidney Disease and Urology (NIKDU),Dhaka,N/A,https://doctor.bd/doctor/dr-anm-abdul-hai-nephrology-dhaka
Dr. A.N.M. Mainul Islam,Oncology,"MBBS, BCS, MPhil",Professor & Head,Sher-e-bangla Medical College Hospital,Barishal,N/A,https://doctor.bd/doctor/dr-anm-mainul-islam-oncology-barishal
Dr. A.N.M. Mazharul Islam,Medicine,"MBBS, BCS, FCPS",Consultant,Dhaka Medical College Hospital,Dhaka,N/A,https://doctor.bd/doctor/dr-anm-mazharul-islam-medicine-dhaka
Dr. A.N.M. Nurul Haque Bhuiyan,Pediatrics,"MBBS, MPH, MD",Assistant Professor,Shahid Syed Nazrul Islam Medical College Hospital,Narayanganj,N/A,https://doctor.bd/doctor/dr-anm-nurul-haque-bhuiyan-pediatrics-narayanganj
Dr. A.N.M. Tanvir Chowdhury,Pediatrics,"MBBS, MD, DG",Consultant,Rangpur Medical College Hospital,Rangpur,N/A,https://doctor.bd/doctor/dr-anm-tanvir-chowdhury-pediatrics-rangpur
Dr. A.N.M. Yousuf,Ophthalmology,"MBBS, BCS, FCPS, MS",Consultant,Sylhet Shahid Shamsuddin Ahmed District Hospital,Sylhet,N/A,https://doctor.bd/doctor/dr-anm-yousuf-ophthalmology-sylhet
Dr. A.Q.M Mahmudul Haque Mamun,ENT,"MBBS, BCS, DLO",Assistant Professor,"Shaheed Ziaur Rahman Medical College Hospital, Bogura",Bogura,N/A,https://doctor.bd/doctor/dr-aqm-mahmudul-haque-mamun-ent-bogura
Dr. A.S.M Jahed,Cardiology,"MBBS, FCPS",Associate Professor,Chattogram Medical College Hospital,Chattogram,N/A,https://doctor.bd/doctor/dr-asm-jahed-cardiology-chattogram
Dr. A.S.M Rowshon Newaz,Dermatology,"MBBS, BCS, MPhil, PGT",Professor & Head,Shaheed M Monsur Ali Medical College Hospital,Sirajganj,N/A,https://doctor.bd/doctor/dr-asm-rowshon-newaz-dermatology-sirajganj
Dr. A.S.M Sadequl Islam,Hepatology,"MBBS, BCS, MD, CCD, CMED",Professor & Head,"Shaheed Ziaur Rahman Medical College Hospital, Bogura",Bogura,N/A,https://doctor.bd/doctor/dr-asm-sadequl-islam-hepatology-bogura
Dr. A.S.M Selim,Pediatrics,"MBBS, DCH, MPH",Associate Professor,TMSS Medical College & Rafatullah Community Hospital,Bogura,N/A,https://doctor.bd/doctor/dr-asm-selim-pediatrics-bogura
Dr. A.S.M Shafiuzzaman,Medicine,"MBBS, MD",Consultant,Rangpur Medical College Hospital,Rangpur,N/A,https://doctor.bd/doctor/dr-asm-shafiuzzaman-medicine-rangpur
Dr. A.S.M. Ekbal Hossain (Saeid),ENT,"MBBS, BCS, DLO",Assistant Registrar,Rajshahi Medical College Hospital,Rajshahi,N/A,https://doctor.bd/doctor/dr-asm-ekbal-hossain-saeid-ent-rajshahi
Dr. A.S.M. Feroz Mustafa Manna,Urology,"MBBS, BCS, FCPS, MS",Assistant Professor,Dhaka Medical College Hospital,Dhaka,N/A,https://doctor.bd/doctor/dr-asm-feroz-mustafa-manna-urology-dhaka
Dr. A.S.M. Hasan Ali Masum,Neurology,"MBBS, MD, CCD",Registrar,Anwer Khan Modern Medical College Hospital,Dhaka,N/A,https://doctor.bd/doctor/dr-asm-hasan-ali-masum-neurology-dhaka
Dr. A.S.M. Humayun Kabir Apu,Urology,"MBBS, BCS, MS",Associate Professor,Shaheed Shaikh Abu-Naser Specialized Hospital,Khulna,N/A,https://doctor.bd/doctor/dr-asm-humayun-kabir-apu-urology-khulna
Dr. A.S.M. Julfekar Helal,Nephrology,"MBBS, MD, CCD, FCPS",Associate Professor,TMSS Medical College & Hospital,Bogura,N/A,https://doctor.bd/doctor/dr-asm-julfekar-helal-nephrology-bogura
Dr. A.S.M. Kutub Uddin Awal,Urology,"MBBS, BCS, MCPS, FCPS, MS",Assistant Professor,Pabna Medical College Hospital,Pabna,N/A,https://doctor.bd/doctor/dr-asm-kutub-uddin-awal-urology-pabna
Dr. A.S.M. Moniruzzaman,Pediatrics,"MBBS, MD",Associate Professor,Rangpur Medical College Hospital,Rangpur,N/A,https://doctor.bd/doctor/dr-asm-moniruzzaman-pediatrics-rangpur
Dr. A.S.M. Rashedul Hasan,Medicine,"MBBS, BCS, MACP, CCD, FCPS",Consultant,"Epic Health Care, Chattogram",Chattogram,N/A,https://doctor.bd/doctor/dr-asm-rashedul-hasan-medicine-chattogram
Dr. A.S.M. Sahabur Alam Sumon,Medicine,"MBBS, BCS, FCPS",Consultant,"Shaheed Ziaur Rahman Medical College Hospital, Bogura",Bogura,N/A,https://doctor.bd/doctor/dr-asm-sahabur-alam-sumon-medicine-bogura
Dr. A.S.M. Saif Uddin Nahid,Orthopedics,"MBBS, D-ORTHO",Surgeon,Southern Medical College & Hospital,Chattogram,N/A,https://doctor.bd/doctor/dr-asm-saif-uddin-nahid-orthopedics-chattogram
Dr. A.S.M. Sayem,ENT,"MBBS, BCS, FCPS",Assistant Professor,"Shaheed Ziaur Rahman Medical College Hospital, Bogura",Bogura,N/A,https://doctor.bd/doctor/dr-asm-sayem-ent-bogura
Dr. A.S.M. Sayem,Cardiology,"MBBS, BCS, D-CARD, MACP",Consultant,Rajshahi Medical College Hospital,Rajshahi,N/A,https://doctor.bd/doctor/dr-asm-sayem-cardiology-rajshahi
Dr. A.S.M. Shafiul Azam Tuhin,Urology,"MBBS, MS",Consultant,Bangladesh Medical University,Dhaka,N/A,https://doctor.bd/doctor/dr-asm-shafiul-azam-tuhin-urology-dhaka
Dr. A.S.M. Tanim Anwar,Nephrology,"MBBS, MD, MPH, CCD",Assistant Professor,Dhaka Medical College Hospital,Dhaka,N/A,https://doctor.bd/doctor/dr-asm-tanim-anwar-nephrology-dhaka
Dr. A.S.M.M Quadir,Ophthalmology,"MBBS, MS",Consultant,Dhaka Eye Care Hospital,Dhaka,N/A,https://doctor.bd/doctor/dr-asmm-quadir-ophthalmology-dhaka
Dr. A.T.M. Asaduzzaman,General Surgery,"MBBS, FCPS",Assistant Professor,Dhaka Medical College Hospital,Dhaka,N/A,https://doctor.bd/doctor/dr-atm-asaduzzaman-general-surgery-dhaka
Dr. A.T.M. Asaduzzaman,Dermatology,"MBBS, MD",Associate Professor,Bangladesh Medical University,Dhaka,N/A,https://doctor.bd/doctor/dr-atm-asaduzzaman-dermatology-dhaka
Dr. A.T.M. Ashadullah,Neurosurgery,"MBBS, MS",Associate Professor,National Institute of Neurosciences & Hospital,Dhaka,N/A,https://doctor.bd/doctor/dr-atm-ashadullah-neurosurgery-dhaka
Dr. A.T.M. Hasibul Hasan (Parag),Neurology,"MBBS, MCPS, MD",Assistant Professor,National Institute of Neurosciences & Hospital,Dhaka,N/A,https://doctor.bd/doctor/dr-atm-hasibul-hasan-parag-neurology-dhaka
Dr. A.T.M. Jafor Ahmed,Endocrinology,"MBBS, CCD",Senior Diabetologist,"Sylhet Diabetic Hospital, Sylhet",Sylhet,N/A,https://doctor.bd/doctor/dr-atm-jafor-ahmed-endocrinology-sylhet
Dr. A.T.M. Kamrul Hasan,Oncology,"MBBS, BCS, MD",Chief Medical Officer,National Institute of Cancer Research and Hospital (NICR&H),Dhaka,N/A,https://doctor.bd/doctor/dr-atm-kamrul-hasan-oncology-dhaka
Dr. A.T.M. Sazzad Hossain,Oncology,"MBBS, MPhil",Registrar,Mymensingh Medical College Hospital,Mymensingh,N/A,https://doctor.bd/doctor/dr-atm-sazzad-hossain-oncology-mymensingh
Dr. A.T.M. Tanveer Hasan,Rheumatology,"MBBS, MD",Associate Professor,Green Life Medical College & Hospital,Dhaka,N/A,https://doctor.bd/doctor/dr-atm-tanveer-hasan-rheumatology-dhaka
Dr. A.Z.M. Khairul Anam,Pediatrics,"MBBS, BCS, PGPN, FCPS",Consultant,"Shaheed Tajuddin Ahmad Medical College, Gazipur",Gazipur,N/A,https://doctor.bd/doctor/dr-azm-khairul-anam-pediatrics-gazipur
Dr. A.Z.M. Mahfuzur Rahman,General Surgery,"MBBS, MS",Surgeon,Dhaka Medical College Hospital,Dhaka,N/A,https://doctor.bd/doctor/dr-azm-mahfuzur-rahman-general-surgery-dhaka
Dr. AAM Nafiz,ENT,"MBBS, BCS, MS, FCPS",Consultant,Rajshahi Medical College Hospital,Rajshahi,N/A,https://doctor.bd/doctor/dr-aam-nafiz-ent-rajshahi
Dr. Abanti Ghosh,Gynaecology & Obstetrics,"MBBS, BCS, FCPS",Consultant,Bangladesh Medical University,Dhaka,N/A,https://doctor.bd/doctor/dr-abanti-ghosh-gynaecology-obstetrics-dhaka
Dr. Abdul Ahad,Urology,"MBBS, MPH, MS",Consultant,"Bangladesh Railway Hospital, Chattogram",Dhaka,N/A,https://doctor.bd/doctor/dr-abdul-ahad-urology-dhaka
Dr. Abdul Halim Sardar,Neurology,"MBBS, MD",Associate Professor,Khulna Medical College Hospital,Khulna,N/A,https://doctor.bd/doctor/dr-abdul-halim-sardar-neurology-khulna
Dr. Abdul Hamid Sagar,Cardiology,"MBBS, FCPS, MD, MRCP",Consultant,Chattogram Medical College Hospital,Chattogram,N/A,https://doctor.bd/doctor/dr-abdul-hamid-sagar-cardiology-chattogram
Dr. Abdul Hamid Sheikh,Pediatrics,"MBBS, DCH, D-MED, M-MED",Assistant Professor,Sher-e-bangla Medical College Hospital,Barishal,N/A,https://doctor.bd/doctor/dr-abdul-hamid-sheikh-pediatrics-barishal
Dr. Abdul Kader,Orthopedics,"MBBS, MS",Senior Consultant,Shaheed Shaikh Abu-Naser Specialized Hospital,Khulna,N/A,https://doctor.bd/doctor/dr-abdul-kader-orthopedics-khulna
Dr. Abdul Khaleque,Orthopedics,"MBBS, MS",Assistant Professor,National Institute of Traumatology and Orthopaedic Rehabilitation (NITOR),Dhaka,N/A,https://doctor.bd/doctor/dr-abdul-khaleque-orthopedics-dhaka
Dr. Abdul Latif Renu,Nephrology,"MBBS, MD",Consultant,Al Haramain Hospital Private,Sylhet,N/A,https://doctor.bd/doctor/dr-abdul-latif-renu-nephrology-sylhet
Dr. Abdul Malek,Pediatrics,"MBBS, DCH, FCPS",Associate Professor,Green Life Medical College & Hospital,Dhaka,N/A,https://doctor.bd/doctor/dr-abdul-malek-pediatrics-dhaka
Dr. Abdul Mannan Sikder,Ophthalmology,"MBBS, DCO, FPOS",Consultant,"Chevron Eye Hospital, Chattogram",Chattogram,N/A,https://doctor.bd/doctor/dr-abdul-mannan-sikder-ophthalmology-chattogram
Dr. Abdul Momen,Cardiology,"MBBS, FCPS, MD, FACC, FESC",Cardiologist,National Institute of Cardiovascular Disease (NICVD),Dhaka,N/A,https://doctor.bd/doctor/dr-abdul-momen-cardiology-dhaka
Dr. Abdulla Al Mamun,ENT,"MBBS, MCPS, DLO, FCPS, FICS",Assistant Professor,Ad-din Akij Medical College Hospital,Khulna,N/A,https://doctor.bd/doctor/dr-abdulla-al-mamun-ent-khulna
Dr. Abdullah Abu Sayeed,Medicine,"MBBS, BCS, MD",Assistant Professor,Chattogram Medical College Hospital,Chattogram,N/A,https://doctor.bd/doctor/dr-abdullah-abu-sayeed-medicine-chattogram
Dr. Abdullah Ahmed Solaiman,Cardiac Surgery,"MBBS, MD",Senior Consultant,Delta Hospital,Dhaka,N/A,https://doctor.bd/doctor/dr-abdullah-ahmed-solaiman-cardiac-surgery-dhaka
Dr. Abdullah Al Faisal,Dermatology,"MBBS, DDV",Assistant Professor,Kumuduni Women's Medical College (KWMC),Dhaka,N/A,https://doctor.bd/doctor/dr-abdullah-al-faisal-dermatology-dhaka
Dr. Abdullah Al Hossain,Dentistry,"BDS, PGT",Chief Consultant,"OPC Dental Care, Uttara, Dhaka",Dhaka,N/A,https://doctor.bd/doctor/dr-abdullah-al-hossain-dentistry-dhaka
Dr. Abdullah Al Jamil,Cardiology,"MBBS, FCPS, MD, FCAPSC, EPS",Cardiologist,Asgar Ali Hospital,Dhaka,N/A,https://doctor.bd/doctor/dr-abdullah-al-jamil-cardiology-dhaka
Dr. Abdullah Al Mahmood,Cardiology,"MBBS, BCS, D-CARD, FCPS",Assistant Professor,Rangpur Medical College Hospital,Rangpur,N/A,https://doctor.bd/doctor/dr-abdullah-al-mahmood-cardiology-rangpur
Dr. Abdullah Al Mahmood,Hepatology,"MBBS, MD",Associate Professor,Chattogram Medical College Hospital,Chattogram,N/A,https://doctor.bd/doctor/dr-abdullah-al-mahmood-hepatology-chattogram
Dr. Abdullah Al Mahmud,Orthopedics,"MBBS, D-ORTHO",Registrar,Ibn Sina Medical College Hospital,Dhaka,N/A,https://doctor.bd/doctor/dr-abdullah-al-mahmud-orthopedics-dhaka
Dr. Abdullah Al Mahmud (Hemel),Pediatric Surgery,"MBBS, MS, BCS, CCD",Assistant Registrar,Shaheed Suhrawardy Medical College Hospital,Dhaka,N/A,https://doctor.bd/doctor/dr-abdullah-al-mahmud-hemel-pediatric-surgery-dhaka
Dr. Abdullah Al Mahmud Masud,Homeopathy,"BHMS, BHS",Doctor,Government Homeopathic Medical College & Hospital,Dhaka,N/A,https://doctor.bd/doctor/dr-abdullah-al-mahmud-masud-homeopathy-dhaka
Dr. Abdullah Al Mahmud Ratan,Pediatric Surgery,"MBBS, BCS, MS",Assistant Professor,Mymensingh Medical College Hospital,Mymensingh,N/A,https://doctor.bd/doctor/dr-abdullah-al-mahmud-ratan-pediatric-surgery-mymensingh
Dr. Abdullah Al Mamun,Medicine,"MBBS, BCS, FCPS",Consultant,Rajshahi Medical College Hospital,Pabna,N/A,https://doctor.bd/doctor/dr-abdullah-al-mamun-medicine-pabna
Dr. Abdullah Al Mamun,Pediatrics,"MBBS, MD",Assistant Professor,Bangladesh Medical University,Dhaka,N/A,https://doctor.bd/doctor/dr-abdullah-al-mamun-pediatrics-dhaka
Dr. Abdullah Al Mamun,Physical Medicine & Rehabilitation,"MBBS, BCS, FCPS",Professor & Head,Sylhet MAG Osmani Medical College Hospital,Sylhet,N/A,https://doctor.bd/doctor/dr-abdullah-al-mamun-physical-medicine-rehabilitation-sylhet
Dr. Abdullah Al Mamun,General Surgery,"MBBS, BCS, FCPS",Consultant,Dhaka Medical College Hospital,Dhaka,N/A,https://doctor.bd/doctor/dr-abdullah-al-mamun-general-surgery-dhaka
Dr. Abdullah Al Mamun,Dermatology,"MBBS, BCS, DDV",Dermatologist,Khulna Medical College Hospital,Khulna,N/A,https://doctor.bd/doctor/dr-abdullah-al-mamun-dermatology-khulna
Dr. Abdullah Al Mamun,Pediatric Surgery,"MBBS, BCS, MS, MRCS",Department of Pediatric Surgery,Rajshahi Medical College Hospital,Rajshahi,N/A,https://doctor.bd/doctor/dr-abdullah-al-mamun-pediatric-surgery-rajshahi
Dr. Abdullah Al Mamun Chowdhury,General Surgery,"MBBS, BCS, FCPS",Consultant,Chandanaish Upazila Health Complex,Chattogram,N/A,https://doctor.bd/doctor/dr-abdullah-al-mamun-chowdhury-general-surgery-chattogram
Dr. Abdullah Al Mamun Khan,Oncology,"MBBS, MD",Assistant Professor,Shaheed Suhrawardy Medical College Hospital,Dhaka,N/A,https://doctor.bd/doctor/dr-abdullah-al-mamun-khan-oncology-dhaka
Dr. Abdullah Al Manjurul,Orthopedics,"MBBS, BCS, D-ORTHO, FCPS",Consultant,Khulna Medical College Hospital,Khulna,N/A,https://doctor.bd/doctor/dr-abdullah-al-manjurul-orthopedics-khulna
Dr. Abdullah Al Marjuq,ENT,"MBBS, BCS, MS",Consultant,Dhaka Medical College Hospital,Dhaka,N/A,https://doctor.bd/doctor/dr-abdullah-al-marjuq-ent-dhaka
Dr. Abdullah Al Masud,Dentistry,"BDS, FCPS",Assistant Professor,Dhaka Dental College Hospital,Dhaka,N/A,https://doctor.bd/doctor/dr-abdullah-al-masud-dentistry-dhaka
Dr. Abdullah Al Masud,Cardiology,"MBBS, MD",Associate Professor,Kushtia Medical College Hospital,Kushtia,N/A,https://doctor.bd/doctor/dr-abdullah-al-masud-cardiology-kushtia
Dr. Abdullah Al Morshed,Rheumatology,"MBBS, BCS, MD",Consultant,Chattogram Medical College Hospital,Chattogram,N/A,https://doctor.bd/doctor/dr-abdullah-al-morshed-rheumatology-chattogram
Dr. Abdullah Al Muhin,Radiology & Imaging,"MBBS, ADMU, MCGP",Consultant,"Health Garden Diagnostic Center, Kushtia",Kushtia,5+ Years,https://doctor.bd/doctor/dr-abdullah-al-muhin-radiology-imaging-kushtia
Dr. Abdullah Al Mukit,Hepatology,"MBBS, BCS, MD, MACP, MRCPS, FACP",Assistant Professor,Rajshahi Medical College Hospital,Rajshahi,N/A,https://doctor.bd/doctor/dr-abdullah-al-mukit-hepatology-rajshahi
Dr. Abdullah Al Muti Suborno,Orthopedics,"MBBS, BCS, MS",Assistant Professor,"Shaheed Ziaur Rahman Medical College Hospital, Bogura",Bogura,N/A,https://doctor.bd/doctor/dr-abdullah-al-muti-suborno-orthopedics-bogura
Dr. Abdullah Al Noman,Dentistry,"BDS, FICOI",Dentist,Chattogram Medical College Hospital,Chattogram,N/A,https://doctor.bd/doctor/dr-abdullah-al-noman-dentistry-chattogram
Dr. Abdullah Al Razi Rumman,Dentistry,BDS,Lecturer,TMSS Medical College & Hospital,Bogura,N/A,https://doctor.bd/doctor/dr-abdullah-al-razi-rumman-dentistry-bogura
Dr. Abdullah Mohammad Shibly,Dentistry,"BDS, PGT",Consultant,Islami Bank Hospital Mirpur,Dhaka,N/A,https://doctor.bd/doctor/dr-abdullah-mohammad-shibly-dentistry-dhaka
Dr. Abdullah-Al-Faruq,Dentistry,"BDS, FCPS, MCPS",Assistant Professor,Enam Medical College & Hospital,Dhaka,N/A,https://doctor.bd/doctor/dr-abdullah-al-faruq-dentistry-dhaka
Dr. Abdullah-Al-Maruf,General Surgery,"MBBS, BCS, FCPS",Consultant,"CSCR Hospital & Diagnostic Centre, Chattogram",Chattogram,N/A,https://doctor.bd/doctor/dr-abdullah-al-maruf-general-surgery-chattogram
Dr. Abdullahel Wafee H.Kabir,Orthopedics,"MBBS, BCS, D-ORTHO, FCGP, PGT",Assistant Registrar,"Kurmitola General Hospital, Dhaka",Dhaka,N/A,https://doctor.bd/doctor/dr-abdullahel-wafee-hkabir-orthopedics-dhaka
Dr. Abdur Rahim,Medicine,"MBBS, BCS, FCPS",Consultant,Shaheed Suhrawardy Medical College Hospital,Dhaka,N/A,https://doctor.bd/doctor/dr-abdur-rahim-medicine-dhaka
Dr. Abdur Rahim,Dentistry,"BDS, MPH, BCS, PGT",General Dentist,Chattogram Medical College Hospital,Chattogram,N/A,https://doctor.bd/doctor/dr-abdur-rahim-dentistry-chattogram
Dr. Abdur Rahim,Thoracic Surgery,"MBBS, MS, BCS, FICS",Associate Professor,National Institute of Diseases of the Chest & Hospital (NIDCH),Dhaka,N/A,https://doctor.bd/doctor/dr-abdur-rahim-thoracic-surgery-dhaka
Dr. Abdur Rahim,Dentistry,"BDS, PGT",Dental Surgeon,"Smile Dental Solution, Moulvibazar",Moulvibazar,10+ Years,https://doctor.bd/doctor/dr-abdur-rahim-dentistry-moulvibazar
Dr. Abdur Razzak Sikder,Pediatrics,"MBBS, DCH, FCPS, MD",Consultant,"Parkview Hospital, Chattogram",Chattogram,N/A,https://doctor.bd/doctor/dr-abdur-razzak-sikder-pediatrics-chattogram
Dr. Abdur Rob,General Surgery,"MBBS, BCS, MCPS, FCPS",Department of Surgery,Khulna Medical College Hospital,Khulna,N/A,https://doctor.bd/doctor/dr-abdur-rob-general-surgery-khulna
Dr. Abdus Salam,Ophthalmology,"MBBS, DO",Consultant,Ispahani Islamia Eye Institute & Hospital,Dhaka,N/A,https://doctor.bd/doctor/dr-abdus-salam-ophthalmology-dhaka
Dr. Abdus Salam,Neurology,"MBBS, MD",Consultant,Shaheed Shaikh Abu-Naser Specialized Hospital,Khulna,N/A,https://doctor.bd/doctor/dr-abdus-salam-neurology-khulna
Dr. Abdus Salam Osmani,Nephrology,"MBBS, BCS, MD, CCD",Consultant,National Institute of Kidney Disease and Urology (NIKDU),Dhaka,N/A,https://doctor.bd/doctor/dr-abdus-salam-osmani-nephrology-dhaka
Dr. Abdus Samad,Orthopedics,"MBBS, MS",Assistant Professor,North East Medical College Hospital,Sylhet,N/A,https://doctor.bd/doctor/dr-abdus-samad-orthopedics-sylhet
Dr. Abdus Samad Sheikh,Ophthalmology,"MBBS, MS",Doctor,Sir Salimullah Medical College Mitford Hospital,Dhaka,N/A,https://doctor.bd/doctor/dr-abdus-samad-sheikh-ophthalmology-dhaka
Dr. Abdus Sattar Ripon,Dermatology,"MBBS, BCS, DDV",Professor & Head,Kushtia Medical College Hospital,Kushtia,N/A,https://doctor.bd/doctor/dr-abdus-sattar-ripon-dermatology-kushtia
Dr. Abed Hussain Khan,Medicine,"MBBS, FCPS",Associate Professor,Bangladesh Medical University,Dhaka,N/A,https://doctor.bd/doctor/dr-abed-hussain-khan-medicine-dhaka
Dr. Abeda Khatun Shima,Gynaecology & Obstetrics,"MBBS, DGO",Professor & Head,"Islami Bank Medical College Hospital, Rajshahi",Rajshahi,N/A,https://doctor.bd/doctor/dr-abeda-khatun-shima-gynaecology-obstetrics-rajshahi
Dr. Abhijit Datta,Rheumatology,"MBBS, MRCP, MD, ECRD, FACR",Assistant Professor,Sher-e-bangla Medical College Hospital,Barishal,7+ Years,https://doctor.bd/doctor/dr-abhijit-datta-rheumatology-barishal
Dr. Abid Md. Alef Meem Prodhan,Rheumatology,"MBBS, BCS, MRCP, FCPS",Assistant Professor,"Shaheed Ziaur Rahman Medical College Hospital, Bogura",Bogura,15+ Years,https://doctor.bd/doctor/dr-abid-md-alef-meem-prodhan-rheumatology-bogura
Dr. Abida Hossain,General Surgery,"MBBS, BCS, MS",Assistant Professor,Chattogram Medical College Hospital,Chattogram,10+ Years,https://doctor.bd/doctor/dr-abida-hossain-general-surgery-chattogram
Dr. Abir Das,Pediatrics,"MBBS, BCS, MCPS, FCPS",Junior Consultant,Chattogram Medical College Hospital,Chattogram,N/A,https://doctor.bd/doctor/dr-abir-das-pediatrics-chattogram
Dr. Abirvab Naha,ENT,"MBBS, MS",Assistant Professor,Bangladesh Medical University,Dhaka,N/A,https://doctor.bd/doctor/dr-abirvab-naha-ent-dhaka
Dr. ABK Basir Uddin Sayem,Cardiology,"MBBS, BCS, MD",Consultant,Chattogram Medical College Hospital,Chattogram,N/A,https://doctor.bd/doctor/dr-abk-basir-uddin-sayem-cardiology-chattogram
Dr. ABM Abdul Matin,Gastroenterology,"MBBS, FCPS",Professor,Dhaka Medical College Hospital,Dhaka,N/A,https://doctor.bd/doctor/dr-abm-abdul-matin-gastroenterology-dhaka
Dr. ABM Bazlul Hasan,Homeopathy,BHMS,Doctor,Government Homeopathic Medical College & Hospital,Dhaka,N/A,https://doctor.bd/doctor/dr-abm-bazlul-hasan-homeopathy-dhaka
Dr. ABM Khalekuzzaman Shipon,Dermatology,"MBBS, PGT, FRSH",Medical Officer,Bangladesh Medical University,Dhaka,12+ Years,https://doctor.bd/doctor/dr-abm-khalekuzzaman-shipon-dermatology-dhaka
Dr. ABM Mahbubul Haque (Limon),Neurology,"MBBS, BCS, MD",Assistant Professor,Rajshahi Medical College Hospital,Rajshahi,N/A,https://doctor.bd/doctor/dr-abm-mahbubul-haque-limon-neurology-rajshahi
Dr. ABM Shakil Gani,Hepatology,"MBBS, MD",Assistant Professor,"Sheikh Hasina Medical College, Tangail",Dhaka,N/A,https://doctor.bd/doctor/dr-abm-shakil-gani-hepatology-dhaka
Dr. ABM Zafar Sadik,Colorectal Surgery,"MBBS, BCS, FCPS",Assistant Professor,"Shaheed Ziaur Rahman Medical College Hospital, Bogura",Bogura,N/A,https://doctor.bd/doctor/dr-abm-zafar-sadik-colorectal-surgery-bogura
Dr. Abrar Al Sakib,Medicine,"MBBS, BCS, MD",Assistant Registrar,Mymensingh Medical College Hospital,Mymensingh,N/A,https://doctor.bd/doctor/dr-abrar-al-sakib-medicine-mymensingh
Dr. Abu Bakar Siddique,Medicine,"MBBS, FCPS",Assistant Professor,"Shaheed Ziaur Rahman Medical College Hospital, Bogura",Bogura,N/A,https://doctor.bd/doctor/dr-abu-bakar-siddique-medicine-bogura
Dr. Abu Bakkir Siddique,Pediatrics,"MBBS, MD",Medical Officer,Dhaka Shishu Hospital,Dhaka,N/A,https://doctor.bd/doctor/dr-abu-bakkir-siddique-pediatrics-dhaka
Dr. Abu Hasnat Md. Masud Sinha,Cardiology,"MBBS, D-CARD, FACC, FESC",Senior Consultant,"AMZ Hospital, Badda",Dhaka,N/A,https://doctor.bd/doctor/dr-abu-hasnat-md-masud-sinha-cardiology-dhaka
Dr. Abu Hena Mahmud Runu,Medicine,"MBBS, CCD, FCPS",Registrar,"Mohammad Ali Hospital, Bogura",Bogura,N/A,https://doctor.bd/doctor/dr-abu-hena-mahmud-runu-medicine-bogura
Dr. Abu Hena Md. Sohel Rana,Gastroenterology,"MBBS, MD, ERCP",Associate Professor,Rangpur Medical College Hospital,Rangpur,25+ Years,https://doctor.bd/doctor/dr-abu-hena-md-sohel-rana-gastroenterology-rangpur
Dr. Abu Hena Mohammad Parvez Humayun,ENT,"MBBS, FCPS, MS",Assistant Professor,Shaheed Tajuddin Ahmad Medical College & Hospital,Dhaka,N/A,https://doctor.bd/doctor/dr-abu-hena-mohammad-parvez-humayun-ent-dhaka
Dr. Abu Jafar Md. Saleh,ENT,"MBBS, BCS, DLO, MS",Consultant,"Shaheed Shaikh Abu-Naser Specialized Hospital, Khulna",Khulna,N/A,https://doctor.bd/doctor/dr-abu-jafar-md-saleh-ent-khulna
Dr. Abu Jafar Md. Shahidul Hoq Babu,Dermatology,"MBBS, BCS, FCPS, MCPS, MD, FRCP, PhD",Associate Professor,"Mugda Medical College Hospital, Dhaka",Dhaka,N/A,https://doctor.bd/doctor/dr-abu-jafar-md-shahidul-hoq-babu-dermatology-dhaka
Dr. Abu Jafar Mohammed Saleh,Hematology,"MBBS, FCPS",Senior Consultant,Evercare Hospital Dhaka,Dhaka,N/A,https://doctor.bd/doctor/dr-abu-jafar-mohammed-saleh-hematology-dhaka
Dr. Abu Jafar Muhammad Kamrul Eman (Rashed),Pediatrics,"MBBS, BCS, MD",Consultant,Rangpur Medical College Hospital,Rangpur,N/A,https://doctor.bd/doctor/dr-abu-jafar-muhammad-kamrul-eman-rashed-pediatrics-rangpur
Dr. Abu Kamran Rahul,Medicine,"MBBS, MCPS, MD, MACP, DLP, EDC",Consultant,Bangladesh Medical University,Dhaka,N/A,https://doctor.bd/doctor/dr-abu-kamran-rahul-medicine-dhaka
Dr. Abu Khaled Mohammad Iqbal,Oncology,"MBBS, BCS, MS",Assistant Professor,Chattogram Medical College Hospital,Chattogram,N/A,https://doctor.bd/doctor/dr-abu-khaled-mohammad-iqbal-oncology-chattogram
Dr. Abu Md. Mofakhkharul Islam (Rana),Orthopedics,"MBBS, D-ORTHO",Assistant Professor,Bangladesh Medical University,Dhaka,N/A,https://doctor.bd/doctor/dr-abu-md-mofakhkharul-islam-rana-orthopedics-dhaka
Dr. Abu Md. Towab,Cardiology,"MBBS, BCS, MACP, MD, CCD",Assistant Professor,Rangpur Medical College Hospital,Rangpur,N/A,https://doctor.bd/doctor/dr-abu-md-towab-cardiology-rangpur
Dr. Abu Mohammad,Medicine,"MBBS, BCS, FCPS",Assistant Professor,Cumilla Medical College Hospital,Cumilla,N/A,https://doctor.bd/doctor/dr-abu-mohammad-medicine-cumilla
Dr. Abu Naim Wakil Uddin,Neurosurgery,"MBBS, MS",Consultant,Bangladesh Medical University,Dhaka,N/A,https://doctor.bd/doctor/dr-abu-naim-wakil-uddin-neurosurgery-dhaka
Dr. Abu Naser Md. Mozammel Haque,General Surgery,"MBBS, FCPS",Associate Professor,Rajshahi Medical College Hospital,Rajshahi,N/A,https://doctor.bd/doctor/dr-abu-naser-md-mozammel-haque-general-surgery-rajshahi
Dr. Abu Naser Mohammad Jamil,ENT,"MBBS, FCPS",Associate Professor,Ibn Sina Medical College Hospital,Dhaka,N/A,https://doctor.bd/doctor/dr-abu-naser-mohammad-jamil-ent-dhaka
Dr. Abu Naser Muhammad Badruddoza,Anesthesiology,"MBBS, FCPS",Consultant,Evercare Hospital Dhaka,Dhaka,N/A,https://doctor.bd/doctor/dr-abu-naser-muhammad-badruddoza-anesthesiology-dhaka
Dr. Abu Nayeem,Neurology,"MBBS, FCPS, MD",Associate Professor,National Institute of Neurosciences & Hospital,Dhaka,N/A,https://doctor.bd/doctor/dr-abu-nayeem-neurology-dhaka
Dr. Abu Raihan,Dentistry,"BDS, PGT",Chief Consultant,A R Dental Point,Cumilla,N/A,https://doctor.bd/doctor/dr-abu-raihan-dentistry-cumilla
Dr. Abu Raihan Alberuni,ENT,"MBBS, BCS, MCPS, MRCS, FCPS, FICS",Consultant,Rajshahi Medical College Hospital,Rajshahi,N/A,https://doctor.bd/doctor/dr-abu-raihan-alberuni-ent-rajshahi
Dr. Abu Saeed Ibn Harun,Dentistry,"BDS, MS",Associate Professor,Chattogram International Dental College & Hospital,Cumilla,N/A,https://doctor.bd/doctor/dr-abu-saeed-ibn-harun-dentistry-cumilla
Dr. Abu Saleh Ahmed,Nephrology,"MBBS, FCPS, MD, PGT",Nephrologist,Bangladesh Specialized Hospital,Dhaka,N/A,https://doctor.bd/doctor/dr-abu-saleh-ahmed-nephrology-dhaka
Dr. Abu Saleh Mohammad Tahsin,Gastroenterology,"MBBS, BCS, DBS&T, CCD, FCPS",Medical Officer,Shaheed Suhrawardy Medical College Hospital,Dhaka,7+ Years,https://doctor.bd/doctor/dr-abu-saleh-mohammad-tahsin-gastroenterology-dhaka
Dr. Abu Sayed Md. Mortoza,Cardiology,"MBBS, D-CARD, MD",Assistant Professor,Kushtia Medical College Hospital,Kushtia,N/A,https://doctor.bd/doctor/dr-abu-sayed-md-mortoza-cardiology-kushtia
Dr. Abu Sayeed Mohammad Iqbal,Pediatrics,"MBBS, FCPS, MD",Senior Consultant,Evercare Hospital Dhaka,Dhaka,N/A,https://doctor.bd/doctor/dr-abu-sayeed-mohammad-iqbal-pediatrics-dhaka
Dr. Abu Sayeed Shimul,Pediatrics,"MBBS, FCPS",Assistant Professor,"Mugda Medical College Hospital, Dhaka",Dhaka,N/A,https://doctor.bd/doctor/dr-abu-sayeed-shimul-pediatrics-dhaka
Dr. Abu Sayem Md. Omar Faruk,Cardiology,"MBBS, MD",Consultant,Chattogram Medical College Hospital,Chattogram,N/A,https://doctor.bd/doctor/dr-abu-sayem-md-omar-faruk-cardiology-chattogram
Dr. Abu Shahin,Medicine,"MBBS, MRCP, FCPS, FACP",Assistant Professor,Rajshahi Medical College Hospital,Rajshahi,N/A,https://doctor.bd/doctor/dr-abu-shahin-medicine-rajshahi
Dr. Abu Talha Md. Mahi Uddin,Dentistry,"BDS, MS",Assistant Professor,MH Samorita Medical College & Hospital,Dhaka,N/A,https://doctor.bd/doctor/dr-abu-talha-md-mahi-uddin-dentistry-dhaka
Dr. Abu Yousuf Md. Nazim Uddin,Hematology,"MBBS, FCPS, CCD",Registrar,North East Medical College Hospital,Sylhet,N/A,https://doctor.bd/doctor/dr-abu-yousuf-md-nazim-uddin-hematology-sylhet
Dr. Abu Zafor Md. Salahuddin,Nephrology,"MBBS, BCS, MD",Registrar,Mymensingh Medical College Hospital,Mymensingh,N/A,https://doctor.bd/doctor/dr-abu-zafor-md-salahuddin-nephrology-mymensingh
Dr. Abubakker Siddique,ENT,"MBBS, MS, CCD, FCPS",Medical Officer,Dhaka Medical College Hospital,Dhaka,N/A,https://doctor.bd/doctor/dr-abubakker-siddique-ent-dhaka
Dr. Abul Alam,Cardiology,"MBBS, D-CARD, CCD, CCE, CMU, PGC",Assistant Professor,Pabna Medical College Hospital,Pabna,N/A,https://doctor.bd/doctor/dr-abul-alam-cardiology-pabna
Dr. Abul Ata Md. Mozassem,Urology,"MBBS, MS, MCPS",Consultant,Chattogram Medical College Hospital,Chattogram,N/A,https://doctor.bd/doctor/dr-abul-ata-md-mozassem-urology-chattogram
Dr. Abul Bashar Biswas,Gastroenterology,"MBBS, BCS, MD, MACP",Consultant,"250 Bedded General Hospital, Khulna",Khulna,N/A,https://doctor.bd/doctor/dr-abul-bashar-biswas-gastroenterology-khulna
Dr. Abul Bashar Md. Monirul Islam,Dentistry,"BDS, MPH",Consultant,Sylhet Womens Medical College Hospital,Sylhet,N/A,https://doctor.bd/doctor/dr-abul-bashar-md-monirul-islam-dentistry-sylhet
Dr. Abul Faisal Md. Nuruddin Chowdhury,Medicine,"MBBS, BCS, FCPS",Consultant,Chattogram Medical College Hospital,Chattogram,N/A,https://doctor.bd/doctor/dr-abul-faisal-md-nuruddin-chowdhury-medicine-chattogram
Dr. Abul Hasan Muhammad Bashar,Vascular Surgery,"MBBS, BCS, PhD, FACS",Associate Professor,National Institute of Cardiovascular Disease (NICVD),Dhaka,N/A,https://doctor.bd/doctor/dr-abul-hasan-muhammad-bashar-vascular-surgery-dhaka
Dr. Abul Hasnat Russel,Neurology,"MBBS, BCS, MD",Registrar,Sir Salimullah Medical College Mitford Hospital,Narayanganj,N/A,https://doctor.bd/doctor/dr-abul-hasnat-russel-neurology-narayanganj
Dr. Abul Hayat Manik,Hepatology,"MBBS, BCS, MD, MRCPS",Liver Specialist,Dhaka Medical College Hospital,Dhaka,N/A,https://doctor.bd/doctor/dr-abul-hayat-manik-hepatology-dhaka
Dr. Abul Kalam Azad,Medicine,"MBBS, FCPS, FICM, FCCS",Consultant,Chattogram Medical College Hospital,Chattogram,N/A,https://doctor.bd/doctor/dr-abul-kalam-azad-medicine-chattogram
Dr. Abul Kalam Azad,Ophthalmology,"MBBS, MCPS, DO, FCPS",Senior Consultant,"General Hospital, Khulna",Khulna,N/A,https://doctor.bd/doctor/dr-abul-kalam-azad-ophthalmology-khulna
Dr. Abul Kalam Azad,Urology,"MBBS, BCS, MS",Assistant Professor,Khulna Medical College,Khulna,N/A,https://doctor.bd/doctor/dr-abul-kalam-azad-urology-khulna
Dr. Abul Kalam Bhuiyan (Masum),Medicine,"MBBS, BCS, MCPS, MACP, FCPS",Consultant,Mymensingh Medical College Hospital,Mymensingh,N/A,https://doctor.bd/doctor/dr-abul-kalam-bhuiyan-masum-medicine-mymensingh
Dr. Abuzaffor Md. Shaleh,General Surgery,"MBBS, BCS, MRCS, CCD, FCPS",Resident Surgeon,Cumilla Medical College Hospital,Cumilla,N/A,https://doctor.bd/doctor/dr-abuzaffor-md-shaleh-general-surgery-cumilla
Dr. AC Saha,Orthopedics,"MBBS, D-ORTHO, MS",Consultant,"City Hospital, Dhaka",Dhaka,N/A,https://doctor.bd/doctor/dr-ac-saha-orthopedics-dhaka
Dr. Achinta Kumar Mallick,Neurology,"MBBS, BCS, MD",Neuromedicine Specialist,Rajshahi Medical College Hospital,Rajshahi,N/A,https://doctor.bd/doctor/dr-achinta-kumar-mallick-neurology-rajshahi
Dr. Achira Bhattacharjee,Pediatrics,"MBBS, FCPS",Assistant Professor,Sylhet Womens Medical College Hospital,Sylhet,N/A,https://doctor.bd/doctor/dr-achira-bhattacharjee-pediatrics-sylhet
Dr. Adiba Chowdhury,General Surgery,"MBBS, MRCS",Registrar,"Ad-din Medical College & Hospital, Dhaka",Dhaka,N/A,https://doctor.bd/doctor/dr-adiba-chowdhury-general-surgery-dhaka
Dr. Adiba Malik,Gynaecology & Obstetrics,"MBBS, MS, DMU",Associate Professor,Chattogram Maa-O-Shishu Hospital Medical College,Chattogram,N/A,https://doctor.bd/doctor/dr-adiba-malik-gynaecology-obstetrics-chattogram
Dr. Aditi Paul Chowdhury,Oncology,"MBBS, MD",Consultant,Ahsania Mission Cancer and General Hospital,Dhaka,N/A,https://doctor.bd/doctor/dr-aditi-paul-chowdhury-oncology-dhaka
Dr. Adnan Jawad,ENT,"MBBS, MS",Consultant,Evercare Hospital Chattogram,Chattogram,8+ Years,https://doctor.bd/doctor/dr-adnan-jawad-ent-chattogram
Dr. Adnan Kaiser,Plastic Surgery,"MBBS, MS",Assistant Professor,Mymensingh Medical College Hospital,Mymensingh,N/A,https://doctor.bd/doctor/dr-adnan-kaiser-plastic-surgery-mymensingh
Dr. Afanur Rahman Adnan,Neurosurgery,"MBBS, MS",Registrar,National Institute of Neurosciences & Hospital,Dhaka,N/A,https://doctor.bd/doctor/dr-afanur-rahman-adnan-neurosurgery-dhaka
Dr. AFM Azimus Sadat Sumon,Dermatology,"MBBS, DDV, CCD",Consultant,Mymensingh Medical College Hospital,Mymensingh,N/A,https://doctor.bd/doctor/dr-afm-azimus-sadat-sumon-dermatology-mymensingh
Dr. AFM Ekramuddaula,ENT,"MBBS, FCPS, MS",Senior Consultant,Evercare Hospital Dhaka,Dhaka,N/A,https://doctor.bd/doctor/dr-afm-ekramuddaula-ent-dhaka
Dr. AFM Helal Uddin,Medicine,"MBBS, BCS, MRCP, FACP, FRCP",Associate Professor,Sir Salimullah Medical College Mitford Hospital,Dhaka,N/A,https://doctor.bd/doctor/dr-afm-helal-uddin-medicine-dhaka
Dr. Afrin Sultana,General Surgery,"MBBS, FCPS, MRCS",Registrar,Holy Family Red Crescent Medical College Hospital,Dhaka,N/A,https://doctor.bd/doctor/dr-afrin-sultana-general-surgery-dhaka
Dr. Afroza Begum,Endocrinology,"MBBS, BCS, MD",Doctor,Dhaka Medical College Hospital,Dhaka,N/A,https://doctor.bd/doctor/dr-afroza-begum-endocrinology-dhaka
Dr. Afroza Chowdhury,Gynaecology & Obstetrics,"MBBS, DGO, MCPS, FCPS",Professor,"Bangabandhu Memorial Hospital, USTC, Chattogram",Chattogram,N/A,https://doctor.bd/doctor/dr-afroza-chowdhury-gynaecology-obstetrics-chattogram
Dr. Afroza Ferdous,Gynaecology & Obstetrics,"MBBS, BCS, FCPS, MS",Associate Professor,Chattogram Medical College Hospital,Chattogram,N/A,https://doctor.bd/doctor/dr-afroza-ferdous-gynaecology-obstetrics-chattogram
Dr. Afroza Islam,General Surgery,"MBBS, BCS, FCPS",Assistant Professor,Mymensingh Medical College Hospital,Mymensingh,N/A,https://doctor.bd/doctor/dr-afroza-islam-general-surgery-mymensingh
Dr. Afroza Nazneen Asha,Plastic Surgery,"MBBS, FCPS",Professor & Head,Rajshahi Medical College Hospital,Rajshahi,N/A,https://doctor.bd/doctor/dr-afroza-nazneen-asha-plastic-surgery-rajshahi
Dr. Afroza Rashid Nipa,Dermatology,"MBBS, MPH, DDV",Associate Professor,Sylhet MAG Osmani Medical College Hospital,Sylhet,N/A,https://doctor.bd/doctor/dr-afroza-rashid-nipa-dermatology-sylhet
Dr. Afroza Sarkar Joly,Gynaecology & Obstetrics,"MBBS, BCS, DGO, FCPS",Assistant Professor,"Shaheed Ziaur Rahman Medical College Hospital, Bogura",Bogura,N/A,https://doctor.bd/doctor/dr-afroza-sarkar-joly-gynaecology-obstetrics-bogura
Dr. Afroza Sultana (Shanta),Gynaecology & Obstetrics,"MBBS, MCPS, DGO, FCPS",Senior Consultant,"Delta Health Care, Mirpur",Dhaka,N/A,https://doctor.bd/doctor/dr-afroza-sultana-shanta-gynaecology-obstetrics-dhaka
Dr. Afroza Suraya Majumder,ENT,"MBBS, DLO",Assistant Professor,Anwer Khan Modern Medical College Hospital,Dhaka,N/A,https://doctor.bd/doctor/dr-afroza-suraya-majumder-ent-dhaka
Dr. Afroza-E-Alam,General Surgery,"MBBS, BCS, FCPS",Consultant,Cumilla Medical College Hospital,Cumilla,N/A,https://doctor.bd/doctor/dr-afroza-e-alam-general-surgery-cumilla
Dr. Afsana Ferdous,Gynaecology & Obstetrics,"MBBS, DGO, CMU",Consultant,Gazi Medical College & Hospital,Khulna,N/A,https://doctor.bd/doctor/dr-afsana-ferdous-gynaecology-obstetrics-khulna
Dr. Afsana Haque Joty,Dentistry,BDS,Dentist,"Tech Dental, Mirpur Branch",Dhaka,4+ Years,https://doctor.bd/doctor/dr-afsana-haque-joty-dentistry-dhaka
Dr. Afsana Iqbal,Dentistry,"BDS, PGT",Consultant,Ibn Sina Diagnostic & Consultation Center,Dhaka,N/A,https://doctor.bd/doctor/dr-afsana-iqbal-dentistry-dhaka
Dr. Afsana Nahid,Dermatology,"MBBS, DDV, FCPS",Dermatologist,Dhaka Medical College Hospital,Dhaka,N/A,https://doctor.bd/doctor/dr-afsana-nahid-dermatology-dhaka
Dr. Afsana Rowshan,Gynaecology & Obstetrics,"MBBS, FCPS",Assistant Professor,Mymensingh Medical College Hospital,Mymensingh,N/A,https://doctor.bd/doctor/dr-afsana-rowshan-gynaecology-obstetrics-mymensingh
Dr. Afsana Zakira,Gynaecology & Obstetrics,"MBBS, BCS, MCPS, FCPS",Department of Obstetrics & Gynaecology,Sylhet MAG Osmani Medical College Hospital,Sylhet,10+ Years,https://doctor.bd/doctor/dr-afsana-zakira-gynaecology-obstetrics-sylhet
Dr. Afsar Ahmed,Endocrinology,"MBBS, BCS, MD, MACE",Assistant Professor,National Institute of Traumatology and Orthopaedic Rehabilitation (NITOR),Dhaka,N/A,https://doctor.bd/doctor/dr-afsar-ahmed-endocrinology-dhaka
Dr. Aftab Yusuf Raj,Pediatrics,"MBBS, MD, MPH",Senior Consultant,"Square Hospital, Dhaka",Dhaka,N/A,https://doctor.bd/doctor/dr-aftab-yusuf-raj-pediatrics-dhaka
Dr. Afzal Karim,ENT,"MBBS, MS",Assistant Professor,Sher-e-bangla Medical College Hospital,Barishal,N/A,https://doctor.bd/doctor/dr-afzal-karim-ent-barishal
Dr. AHM Ahsanul Hoque,Medicine,"MBBS, DTM&H",Consultant,Labaid Specialized hospital chattogram,Chattogram,N/A,https://doctor.bd/doctor/dr-ahm-ahsanul-hoque-medicine-chattogram
Dr. AHM Enayetur Rashul,Cardiology,"MBBS, BCS, MD",Consultant,National Institute of Cardiovascular Disease (NICVD),Pabna,N/A,https://doctor.bd/doctor/dr-ahm-enayetur-rashul-cardiology-pabna
Dr. Ahmad Abdullah Jami,ENT,"MBBS, BCS, DLO, FCPS, FICS",Assistant Professor,"Shaheed Ziaur Rahman Medical College Hospital, Bogura",Bogura,N/A,https://doctor.bd/doctor/dr-ahmad-abdullah-jami-ent-bogura
Dr. Ahmad Maksud Hasan Laskar,General Surgery,"MBBS, FCPS",Consultant,Ibn Sina Hospital Sylhet,Sylhet,N/A,https://doctor.bd/doctor/dr-ahmad-maksud-hasan-laskar-general-surgery-sylhet
Dr. Ahmad Monjurul Aziz,Medicine,"MBBS, FCPS, MACP",Assistant Professor,Dhaka Dental College Hospital,Dhaka,N/A,https://doctor.bd/doctor/dr-ahmad-monjurul-aziz-medicine-dhaka
Dr. Ahmad Mursel Anam,Medicine,"MBBS, MRCP, MRCPE",Consultant,"Square Hospital, Dhaka",Dhaka,N/A,https://doctor.bd/doctor/dr-ahmad-mursel-anam-medicine-dhaka
Dr. Ahmad Riad Chowdhury,Psychology,"MBBS, MPhil",Assistant Professor,Sylhet MAG Osmani Medical College Hospital,Sylhet,N/A,https://doctor.bd/doctor/dr-ahmad-riad-chowdhury-psychology-sylhet
Dr. Ahmad Seraji,Plastic Surgery,"MBBS, FCPS, MCPS, MS, MRCS",Professor & Head,Shaheed Suhrawardy Medical College Hospital,Dhaka,N/A,https://doctor.bd/doctor/dr-ahmad-seraji-plastic-surgery-dhaka
Dr. Ahmad Zahid Al Quadir,Rheumatology,"MBBS, BCS, MD, ECRD",Medical Officer,Sylhet MAG Osmani Medical College Hospital,Sylhet,N/A,https://doctor.bd/doctor/dr-ahmad-zahid-al-quadir-rheumatology-sylhet
Dr. Ahmad Zainuddin Sani,Respiratory Medicine,"MBBS, BCS, MD",Professor & Head,Rajshahi Medical College Hospital,Rajshahi,N/A,https://doctor.bd/doctor/dr-ahmad-zainuddin-sani-respiratory-medicine-rajshahi
Dr. Ahmed Ashafuddowla,Neurology,"MBBS, MCPS, MD",Associate Professor,"Shaheed Ziaur Rahman Medical College Hospital, Bogura",Bogura,N/A,https://doctor.bd/doctor/dr-ahmed-ashafuddowla-neurology-bogura
Dr. Ahmed Asif Iqbal,Orthopedics,"MBBS, D-ORTHO",Surgeon,Rajshahi Medical College Hospital,Rajshahi,N/A,https://doctor.bd/doctor/dr-ahmed-asif-iqbal-orthopedics-rajshahi
Dr. Ahmed Faisal Abbas,Cardiology,"MBBS, BCS, FCPS",Medicine Specialist,"Chest Diseases Hospital, Brahmanbaria",Brahmanbaria,14+ Years,https://doctor.bd/doctor/dr-ahmed-faisal-abbas-cardiology-brahmanbaria
Dr. Ahmed Ifrad bin Rawnak,Endocrinology,"MBBS, BCS, MD, CCD, PGD",Consultant,"Labaid Diagnostic, Uttara (Unit 02)",Dhaka,N/A,https://doctor.bd/doctor/dr-ahmed-ifrad-bin-rawnak-endocrinology-dhaka
Dr. Ahmed Imtiaz,Dentistry,"MPhil, MPH, BDS, BCS",Assistant Professor,Dhaka Dental College Hospital,Dhaka,N/A,https://doctor.bd/doctor/dr-ahmed-imtiaz-dentistry-dhaka
Dr. Ahmed Jabeer,Oncology,"MBBS, BCS, MD",Consultant,Delta Health Care Mymensingh,Mymensingh,N/A,https://doctor.bd/doctor/dr-ahmed-jabeer-oncology-mymensingh
Dr. Ahmed Mamunul Haque,Cardiology,"MBBS, MD",Cardiologist,National Institute of Cardiovascular Disease (NICVD),Dhaka,N/A,https://doctor.bd/doctor/dr-ahmed-mamunul-haque-cardiology-dhaka
Dr. Ahmed Manadir Hossain,Cardiology,"MBBS, BCS, FCPS, D-CARD",Associate Professor,Bangabandhu Sheikh Mujib Medical College & Hospital,Dhaka,N/A,https://doctor.bd/doctor/dr-ahmed-manadir-hossain-cardiology-dhaka
Dr. Ahmed Mizanur Rahman,Oncology,"MBBS, FCPS, MS, FAMS",Assistant Professor,National Institute of Cancer Research and Hospital (NICR&H),Dhaka,N/A,https://doctor.bd/doctor/dr-ahmed-mizanur-rahman-oncology-dhaka
Dr. Ahmed Muhtasim Shihab,Dentistry,"BDS, MS, PGT",Resident,Chattogram Medical College Hospital,Chattogram,4+ Years,https://doctor.bd/doctor/dr-ahmed-muhtasim-shihab-dentistry-chattogram
Dr. Ahmed Nazmul Anam,Pediatrics,"MBBS, BCS, FCPS, MD, PGPN",Assistant Professor,"Institute of Child and Mother Health, Matuail",Dhaka,N/A,https://doctor.bd/doctor/dr-ahmed-nazmul-anam-pediatrics-dhaka
Dr. Ahmed Raquib,ENT,"MBBS, DLO, MS",Associate Professor,Popular Medical College & Hospital,Dhaka,N/A,https://doctor.bd/doctor/dr-ahmed-raquib-ent-dhaka
Dr. Ahmed Sami-Al-Hasan,General Surgery,"MBBS, BCS, FCPS, MRCS, MS",Assistant Professor,Dhaka Medical College Hospital,Dhaka,N/A,https://doctor.bd/doctor/dr-ahmed-sami-al-hasan-general-surgery-dhaka
Dr. Ahmed Sayeed,Pediatrics,"MBBS, DCH, FCPS",Consultant,"Square Hospital, Dhaka",Dhaka,N/A,https://doctor.bd/doctor/dr-ahmed-sayeed-pediatrics-dhaka
Dr. Ahmed Shibli Muhiuddin,Dermatology,"MBBS, DDV",Consultant,Sylhet MAG Osmani Medical College Hospital,Sylhet,N/A,https://doctor.bd/doctor/dr-ahmed-shibli-muhiuddin-dermatology-sylhet
Dr. Ahmed Tanjimul Islam,Neurology,"MBBS, BCS, MSc, MD",Consultant,Chattogram 250 bed General Hospital,Chattogram,N/A,https://doctor.bd/doctor/dr-ahmed-tanjimul-islam-neurology-chattogram
Dr. Ahmed Tariq,ENT,"MBBS, BCS, FCPS, MS",Assistant Professor,Sir Salimullah Medical College Mitford Hospital,Dhaka,N/A,https://doctor.bd/doctor/dr-ahmed-tariq-ent-dhaka
Dr. Ahmed Zahid Hossain,Pediatric Surgery,"MBBS, MPH, MS",Surgeon,Bangladesh Specialized Hospital,Dhaka,N/A,https://doctor.bd/doctor/dr-ahmed-zahid-hossain-pediatric-surgery-dhaka
Dr. Ahmed Zahir Bin Zia,Ophthalmology,"MBBS, DO",Consultant,Ispahani Islamia Eye Institute & Hospital,Dhaka,N/A,https://doctor.bd/doctor/dr-ahmed-zahir-bin-zia-ophthalmology-dhaka
Dr. Ahmedul Kabir Chowdhury,Plastic Surgery,"MBBS, MS, FACS",Associate Professor,Shaheed Suhrawardy Medical College Hospital,Dhaka,N/A,https://doctor.bd/doctor/dr-ahmedul-kabir-chowdhury-plastic-surgery-dhaka
Dr. Ahmod Nasim Hassan (Lavlu),General Surgery,"MBBS, BCS, FCPS",Assistant Professor,Sylhet MAG Osmani Medical College Hospital,Sylhet,N/A,https://doctor.bd/doctor/dr-ahmod-nasim-hassan-lavlu-general-surgery-sylhet
Dr. Ahsan Uddin Ahmed,Psychiatry,"MBBS, BCS, MCPS, FCPS",Associate Professor,National Institute of Mental Health (NIMH),Dhaka,N/A,https://doctor.bd/doctor/dr-ahsan-uddin-ahmed-psychiatry-dhaka
Dr. Ahsan Uddin Ahmed Chowdhury,Medicine,"MBBS, MSc, MCGP, MPH",Consultant,Long Life Diagnostic Centre,Dhaka,14+ Years,https://doctor.bd/doctor/dr-ahsan-uddin-ahmed-chowdhury-medicine-dhaka
Dr. Ahsan Uddin Mahmud,Cardiac Surgery,"MBBS, BCS, MS",Consultant,Chattogram Medical College Hospital,Chattogram,N/A,https://doctor.bd/doctor/dr-ahsan-uddin-mahmud-cardiac-surgery-chattogram
Dr. Ahsanuddin Ahmed Chowdhury,Dentistry,"BDS, MPH, DUH",Head of Department,"Islami Bank Hospital, Agrabad, Chattogram",Chattogram,N/A,https://doctor.bd/doctor/dr-ahsanuddin-ahmed-chowdhury-dentistry-chattogram
Dr. Ahsanul Habib Lalin,ENT,"MBBS, MS",Associate Professor,Rangpur Medical College Hospital,Rangpur,N/A,https://doctor.bd/doctor/dr-ahsanul-habib-lalin-ent-rangpur
Dr. Ahsanul Haq Amin,Endocrinology,"MBBS, MD, FACE",Senior Consultant,Evercare Hospital Dhaka,Dhaka,N/A,https://doctor.bd/doctor/dr-ahsanul-haq-amin-endocrinology-dhaka
Dr. Ahsanul Haque Kawsar,Medicine,"MBBS, FCPS",Associate Professor,"Mugda Medical College Hospital, Dhaka",Dhaka,N/A,https://doctor.bd/doctor/dr-ahsanul-haque-kawsar-medicine-dhaka
Dr. Ainul Islam Joarder,Orthopedics,"MBBS, D-ORTHO",Associate Professor,Kumudini Women's Medical College & Hospital,Dhaka,N/A,https://doctor.bd/doctor/dr-ainul-islam-joarder-orthopedics-dhaka
Dr. Ajay Barua,Homeopathy,"DHMS, BHB",Medical Officer,Ma-Moni Homeo Charity Medical Center,Chattogram,N/A,https://doctor.bd/doctor/dr-ajay-barua-homeopathy-chattogram
Dr. Ajay Kumar Ghosh,Dermatology,"MBBS, BCS, DDV",Consultant,"American Hospital, Chattogram",Chattogram,N/A,https://doctor.bd/doctor/dr-ajay-kumar-ghosh-dermatology-chattogram
Dr. Ajoy Das,Orthopedics,"MBBS, BCS, D-ORTHO",Senior Consultant,"General Hospital, Chattogram",Chattogram,N/A,https://doctor.bd/doctor/dr-ajoy-das-orthopedics-chattogram
Dr. Ajoy Kumar Agarwalla,Neurology,"MBBS, BCS, MD, MRCP",Consultant,Sir Salimullah Medical College Mitford Hospital,Narayanganj,N/A,https://doctor.bd/doctor/dr-ajoy-kumar-agarwalla-neurology-narayanganj
Dr. Ajoy Kumar Dutta,Cardiology,"MBBS, MD",Chief Consultant,Al Haramain Hospital Private,Sylhet,N/A,https://doctor.bd/doctor/dr-ajoy-kumar-dutta-cardiology-sylhet
Dr. Ajoy Kumar Sarker,General Surgery,"MBBS, BCS, FCPS",Associate Professor,Dhaka Medical College Hospital,Dhaka,N/A,https://doctor.bd/doctor/dr-ajoy-kumar-sarker-general-surgery-dhaka
Dr. Ajoy Kumer Chowdhury,Homeopathy,DHMS,Doctor,Hahnemann Homeo Mission,Chattogram,N/A,https://doctor.bd/doctor/dr-ajoy-kumer-chowdhury-homeopathy-chattogram
Dr. AK Azad,Physical Medicine & Rehabilitation,"MBBS, FCPS",Physical Medicine Specialist,Bangladesh Medical University,Dhaka,N/A,https://doctor.bd/doctor/dr-ak-azad-physical-medicine-rehabilitation-dhaka
Dr. Akhil Ranjon Biswas,Hematology,"MBBS, FCPS",Professor,Dhaka Medical College Hospital,Dhaka,N/A,https://doctor.bd/doctor/dr-akhil-ranjon-biswas-hematology-dhaka
Dr. Akhlaq Ahmed,Pediatrics,"MBBS, BCS, DCH, MD",Associate Professor,Sylhet MAG Osmani Medical College Hospital,Sylhet,N/A,https://doctor.bd/doctor/dr-akhlaq-ahmed-pediatrics-sylhet
Dr. Akhtaruzzaman Razu,Cardiology,"MBBS, BCS, FCPS, MD, FRCP, MACP",Assistant Professor,National Institute of Cardiovascular Disease (NICVD),Bogura,N/A,https://doctor.bd/doctor/dr-akhtaruzzaman-razu-cardiology-bogura
Dr. Akhter Ahmed (Shuvo),Hepatobiliary Surgery,"MBBS, MS, FCPS, FACS",Associate Professor,Shaheed Suhrawardy Medical College Hospital,Dhaka,N/A,https://doctor.bd/doctor/dr-akhter-ahmed-shuvo-hepatobiliary-surgery-dhaka
Dr. Akhter Hamid Parvez,Cardiac Surgery,"MBBS, MS",Junior Consultant,"Labaid Specialized Hospital, Dhanmondi",Dhaka,N/A,https://doctor.bd/doctor/dr-akhter-hamid-parvez-cardiac-surgery-dhaka
Dr. Akhterul Alam Azad,Dermatology,"MBBS, BCS, DDV, CCD",Professor & Head,TMSS Medical College & Hospital,Pabna,N/A,https://doctor.bd/doctor/dr-akhterul-alam-azad-dermatology-pabna
Dr. Aklima Parvin Faizi,Colorectal Surgery,"MBBS, BCS, MS",Assistant Professor,Bangladesh Medical University,Dhaka,N/A,https://doctor.bd/doctor/dr-aklima-parvin-faizi-colorectal-surgery-dhaka
Dr. AKM Abu Mottaleb,Nephrology,"MBBS, MSc",Consultant,"Square Hospital, Dhaka",Dhaka,N/A,https://doctor.bd/doctor/dr-akm-abu-mottaleb-nephrology-dhaka
Dr. AKM Aminul Islam,Endocrinology,"MBBS, MD",Associate Professor,Sir Salimullah Medical College Mitford Hospital,Dhaka,N/A,https://doctor.bd/doctor/dr-akm-aminul-islam-endocrinology-dhaka
Dr. AKM Asaduzzaman,Pediatrics,"MBBS, MCPS, MMEd",Assistant Professor,Khulna City Medical College Hospital,Khulna,N/A,https://doctor.bd/doctor/dr-akm-asaduzzaman-pediatrics-khulna
Dr. AKM Azad Hossain,Cardiology,"MBBS, BCS, MD",Cardiologist,Shaheed Tajuddin Ahmad Medical College & Hospital,Dhaka,N/A,https://doctor.bd/doctor/dr-akm-azad-hossain-cardiology-dhaka
Dr. AKM Fazlul Haque,Plastic Surgery,"MBBS, FRCS",Senior Consultant,Evercare Hospital Dhaka,Dhaka,N/A,https://doctor.bd/doctor/dr-akm-fazlul-haque-plastic-surgery-dhaka
Dr. AKM Humayun Kabir,Medicine,"MBBS, MCPS, FCPS",Associate Professor,Dhaka Medical College Hospital,Dhaka,N/A,https://doctor.bd/doctor/dr-akm-humayun-kabir-medicine-dhaka
Dr. AKM Khairul Anam Chowdhury,Pediatrics,"MBBS, MCPS, DCH",Consultant,Delta Hospital,Dhaka,N/A,https://doctor.bd/doctor/dr-akm-khairul-anam-chowdhury-pediatrics-dhaka
Dr. AKM Mamun Murshed,ENT,"MBBS, PGDND, DLO",Doctor,Shaheed Suhrawardy Medical College Hospital,Dhaka,N/A,https://doctor.bd/doctor/dr-akm-mamun-murshed-ent-dhaka
Dr. AKM Mamunur Rashid,Pediatrics,"MBBS, DCH, MD, FRCP",Professor & Head,Khulna Medical College Hospital,Khulna,N/A,https://doctor.bd/doctor/dr-akm-mamunur-rashid-pediatrics-khulna
Dr. AKM Minhaj Uddin Bhuiyan,Oncology,"MBBS, FCPS, MRCS, MS",Associate Professor,National Institute of Cancer Research and Hospital (NICR&H),Dhaka,N/A,https://doctor.bd/doctor/dr-akm-minhaj-uddin-bhuiyan-oncology-dhaka
Dr. AKM Mohiuddin Bhuiyan Masum,Cardiology,"MBBS, MD",Associate Professor,Ibn Sina Medical College Hospital,Dhaka,N/A,https://doctor.bd/doctor/dr-akm-mohiuddin-bhuiyan-masum-cardiology-dhaka
Dr. AKM Monwarul Islam,Medicine,"MBBS, FCPS, MD",Doctor,Dhaka Medical College Hospital,Dhaka,N/A,https://doctor.bd/doctor/dr-akm-monwarul-islam-medicine-dhaka
Dr. AKM Nazmus Saquib,Ophthalmology,"MBBS, PhD, D-OPHTH, FRSH, MAMS",Senior Consultant,National Institute of Ophthalmology & Hospital,Dhaka,N/A,https://doctor.bd/doctor/dr-akm-nazmus-saquib-ophthalmology-dhaka
Dr. AKM Rafiqul Bari,Respiratory Medicine,"MBBS, MD, FCCP",Professor,National Institute of Diseases of the Chest & Hospital (NIDCH),Dhaka,N/A,https://doctor.bd/doctor/dr-akm-rafiqul-bari-respiratory-medicine-dhaka
Dr. AKM Ruhul Amin,General Surgery,"MBBS, MS",Surgeon,Dr. Sirajul Islam Medical College & Hospital,Dhaka,N/A,https://doctor.bd/doctor/dr-akm-ruhul-amin-general-surgery-dhaka
Dr. AKM Sahid Ullah,Homeopathy,"BA, DHMS, MD",Medicine Specialist,Bangladesh Homeopathic Medical College & Hospital,Dhaka,N/A,https://doctor.bd/doctor/dr-akm-sahid-ullah-homeopathy-dhaka
Dr. AKM Sajedur Rahman,Medicine,"MBBS, BCS, MD",Assistant Professor,Cumilla Medical College Hospital,Cumilla,N/A,https://doctor.bd/doctor/dr-akm-sajedur-rahman-medicine-cumilla
Dr. AKM Serajul Alam Rakib,Dentistry,"BDS, BCS, MS",Professor & Head,Pabna Medical College Hospital,Pabna,N/A,https://doctor.bd/doctor/dr-akm-serajul-alam-rakib-dentistry-pabna
Dr. AKM Zayedul Haque,Dermatology,"MBBS, MD, CCD",Assistant Professor,"Sheikh Hasina Medical College Hospital, Tangail",Tangail,N/A,https://doctor.bd/doctor/dr-akm-zayedul-haque-dermatology-tangail
Dr. AKM Ziaul Huque,Vascular Surgery,"MBBS, BCS, MS",Consultant,National Institute of Cardiovascular Disease (NICVD),Dhaka,N/A,https://doctor.bd/doctor/dr-akm-ziaul-huque-vascular-surgery-dhaka
Dr. AKS Zahid Mahmud Khan,Cardiology,"MBBS, MD, MRCPS, FSCAI",Assistant Professor,National Institute of Cardiovascular Disease (NICVD),Dhaka,N/A,https://doctor.bd/doctor/dr-aks-zahid-mahmud-khan-cardiology-dhaka
Dr. Akshay Kumar Ray,Ophthalmology,"MBBS, MS",Consultant,"250 Bedded Mohammad Ali Hospital, Bogura",Bogura,N/A,https://doctor.bd/doctor/dr-akshay-kumar-ray-ophthalmology-bogura
Dr. Akter Jahan,Gynaecology & Obstetrics,"MBBS, DGO, FCPS",Associate Professor,Community Based Medical College & Hospital,Mymensingh,N/A,https://doctor.bd/doctor/dr-akter-jahan-gynaecology-obstetrics-mymensingh
Dr. Akterunnahar (Bithi),Dentistry,"BDS, BCS, FCPS",Assistant Professor,Mymensingh Medical College Hospital,Mymensingh,7+ Years,https://doctor.bd/doctor/dr-akterunnahar-bithi-dentistry-mymensingh
Dr. Al Hasan Tipu,Gastroenterology,"MBBS, BCS, MD, MACP, MRCPS, MRCP, FCPS",Consultant,"National Gastroliver Institute and Hospital, Dhaka",Dhaka,10+ Years,https://doctor.bd/doctor/dr-al-hasan-tipu-gastroenterology-dhaka
Dr. Al Mahmood Appolo,Gastroenterology,"MBBS, BCS, MD",Resident Physician,"National Gastroliver Institute and Hospital, Dhaka",Dhaka,N/A,https://doctor.bd/doctor/dr-al-mahmood-appolo-gastroenterology-dhaka
Dr. Al Mahmud Lemon,Ophthalmology,"MBBS, BCS, MRCS, FCPS",Resident Surgeon,Dhaka Medical College Hospital,Dhaka,N/A,https://doctor.bd/doctor/dr-al-mahmud-lemon-ophthalmology-dhaka
Dr. Al Mamun,Ophthalmology,"MBBS, BCS, FCPS, ICO",Eye Specialist,Kushtia Medical College Hospital,Pabna,N/A,https://doctor.bd/doctor/dr-al-mamun-ophthalmology-pabna
Dr. Alam Iftekhar Belyat,Pediatrics,"MBBS, BCS, MD",Consultant,Rajshahi Medical College Hospital,Rajshahi,N/A,https://doctor.bd/doctor/dr-alam-iftekhar-belyat-pediatrics-rajshahi
Dr. Alamgir Chowdhury,Nephrology,"MBBS, MCPS, MD",Professor & Head,Sylhet MAG Osmani Medical College Hospital,Sylhet,N/A,https://doctor.bd/doctor/dr-alamgir-chowdhury-nephrology-sylhet
Dr. Alamgir Hossain,Medicine,"MBBS, BCS, FCPS, DEM, MRCP",Consultant,Shaheed Suhrawardy Medical College Hospital,Narayanganj,N/A,https://doctor.bd/doctor/dr-alamgir-hossain-medicine-narayanganj
Dr. Alamgir Hossan,Medicine,"MBBS, BCS, MRCP, DEM, FCPS",Consultant,"250 Bedded General Hospital, Brahmanbaria",Brahmanbaria,17+ Years,https://doctor.bd/doctor/dr-alamgir-hossan-medicine-brahmanbaria
Dr. Alamgir Md. Shoab,ENT,"MBBS, BCS, DLO",Consultant,Chattogram Medical College Hospital,Chattogram,N/A,https://doctor.bd/doctor/dr-alamgir-md-shoab-ent-chattogram
Dr. Alamgir Mustak Ahamed,Rheumatology,"MBBS, FCPS, MD",Consultant,Bangladesh Medical University,Dhaka,N/A,https://doctor.bd/doctor/dr-alamgir-mustak-ahamed-rheumatology-dhaka
Dr. Alauddin Shikder,Physical Medicine & Rehabilitation,"MBBS, BCS, MD",Consultant,Khulna Medical College Hospital,Khulna,N/A,https://doctor.bd/doctor/dr-alauddin-shikder-physical-medicine-rehabilitation-khulna
Dr. Aleya Ferdush Monni,Endocrinology,"MBBS, MD, MACE, MACP, CCD",Consultant,"Popular Diagnostic Center, Savar",Dhaka,10+ Years,https://doctor.bd/doctor/dr-aleya-ferdush-monni-endocrinology-dhaka
Dr. Ali Asgar Chowdhury,Oncology,"MBBS, FCPS, FRCP",Associate Professor,Chattogram Medical College Hospital,Chattogram,N/A,https://doctor.bd/doctor/dr-ali-asgar-chowdhury-oncology-chattogram
Dr. Ali Monsur Sharif,Gastroenterology,"MBBS, MD",Associate Professor,Dhaka Medical College Hospital,Dhaka,N/A,https://doctor.bd/doctor/dr-ali-monsur-sharif-gastroenterology-dhaka
Dr. Ali Nafisa,Breast Surgery,"MBBS, FCPS",Associate Professor,Anwer Khan Modern Medical College Hospital,Dhaka,N/A,https://doctor.bd/doctor/dr-ali-nafisa-breast-surgery-dhaka
Dr. Alifa Salbin,Dermatology,"MBBS, DDV",Assistant Professor,Khulna City Medical College Hospital,Khulna,N/A,https://doctor.bd/doctor/dr-alifa-salbin-dermatology-khulna
Dr. Alim Akhtar Bhuiyan,Neurology,"MBBS, DTM&H, MD",Senior Consultant,"United Hospital, Dhaka",Dhaka,N/A,https://doctor.bd/doctor/dr-alim-akhtar-bhuiyan-neurology-dhaka
Dr. Alim Al Razy,Medicine,"MBBS, BCS, MCPS, FCPS",Consultant,Sylhet MAG Osmani Medical College Hospital,Sylhet,10+ Years,https://doctor.bd/doctor/dr-alim-al-razy-medicine-sylhet
Dr. Alok Chandra Sarkar,Cardiology,"MBBS, BCS, D-CARD, ECHO, CCD",Assistant Professor,"Shaheed Ziaur Rahman Medical College Hospital, Bogura",Bogura,N/A,https://doctor.bd/doctor/dr-alok-chandra-sarkar-cardiology-bogura
Dr. Alok Kumar mandal,Cardiology,"MBBS, BCS, MD, MRCP, MACC",Assistant Professor,Shaheed Shaikh Abu-Naser Specialized Hospital,Khulna,N/A,https://doctor.bd/doctor/dr-alok-kumar-mandal-cardiology-khulna
Dr. Aloke Kumar Raha,Hepatology,"MBBS, MCPS, MD",Professor & Head,Chattogram Medical College Hospital,Chattogram,N/A,https://doctor.bd/doctor/dr-aloke-kumar-raha-hepatology-chattogram
Dr. Altaf Hossain (Riad),Oncology,"MBBS, BCS, MD",Assistant Professor,National Institute of Cancer Research and Hospital (NICR&H),Dhaka,N/A,https://doctor.bd/doctor/dr-altaf-hossain-riad-oncology-dhaka
Dr. Altaf Mahmud,Endocrinology,"MBBS, MPH, CCD, PGT",Consultant,"Diabetic Hospital, Barishal",Barishal,N/A,https://doctor.bd/doctor/dr-altaf-mahmud-endocrinology-barishal
Dr. Amalendu Bhattacharyya,Hepatology,"MBBS, MD",Associate Professor,Sher-e-bangla Medical College Hospital,Barishal,N/A,https://doctor.bd/doctor/dr-amalendu-bhattacharyya-hepatology-barishal
Dr. Amanullah Bin Siddiq,Cardiology,"MBBS, MD",Assistant Professor,National Institute of Neurosciences & Hospital,Dhaka,N/A,https://doctor.bd/doctor/dr-amanullah-bin-siddiq-cardiology-dhaka
Dr. Amar Kanti Shil,Homeopathy,DHMS,Medical Officer,"Aroti Homeo Clinic, Sitakunda",Chattogram,N/A,https://doctor.bd/doctor/dr-amar-kanti-shil-homeopathy-chattogram
Dr. Amdad Hossain Raihan,Dentistry,BDS,Dental Surgeon,"Sonaimuri General Hospital, Noakhali",Noakhali,N/A,https://doctor.bd/doctor/dr-amdad-hossain-raihan-dentistry-noakhali
Dr. Amin Lutful Kabir,Hematology,"MBBS, MPhil, FCPS",Associate Professor,Bangladesh Medical University,Dhaka,N/A,https://doctor.bd/doctor/dr-amin-lutful-kabir-hematology-dhaka
Dr. Amina Akter,Pediatrics,"MBBS, MD",Child Specialist,"Labaid Specialized Hospital, Dhanmondi",Dhaka,N/A,https://doctor.bd/doctor/dr-amina-akter-pediatrics-dhaka
Dr. Aminul Islam Partho,Respiratory Medicine,"MBBS, BCS, MD, FCPS",Consultant,National Institute of Diseases of the Chest & Hospital (NIDCH),Dhaka,N/A,https://doctor.bd/doctor/dr-aminul-islam-partho-respiratory-medicine-dhaka
Dr. Aminur Rahman,Neurosurgery,"MBBS, BCS, MS",Consultant,Dhaka Medical College Hospital,Dhaka,5+ Years,https://doctor.bd/doctor/dr-aminur-rahman-neurosurgery-dhaka
Dr. Aminur Rahman Azad,Neurosurgery,"MBBS, MS",Consultant,Chattogram Medical College Hospital,Chattogram,N/A,https://doctor.bd/doctor/dr-aminur-rahman-azad-neurosurgery-chattogram
Dr. Amir Mohammad Khan,Neurosurgery,"MBBS, MS",Assistant Professor,National Institute of Neurosciences & Hospital,Dhaka,N/A,https://doctor.bd/doctor/dr-amir-mohammad-khan-neurosurgery-dhaka
Dr. Amirul Islam Bhuyan,Cardiac Surgery,"MBBS, MS",Consultant,"Labaid Specialized Hospital, Dhanmondi",Dhaka,N/A,https://doctor.bd/doctor/dr-amirul-islam-bhuyan-cardiac-surgery-dhaka
Dr. Amiruzzaman Sumon,Medicine,"MBBS, FCPS",Associate Professor,Sir Salimullah Medical College Mitford Hospital,Dhaka,N/A,https://doctor.bd/doctor/dr-amiruzzaman-sumon-medicine-dhaka
Dr. Amit Kapoor,Orthopedics,"MBBS, D-ORTHO, DNB",Senior Consultant,Evercare Hospital Dhaka,Dhaka,N/A,https://doctor.bd/doctor/dr-amit-kapoor-orthopedics-dhaka
Dr. Amit Kumar Barua,Medicine,"MBBS, DA, DOC, PGT",N/A,N/A,Chattogram,20+ Years,https://doctor.bd/doctor/dr-amit-kumar-barua-medicine-chattogram
Dr. Amit Kumar Devnath,Urology,"MBBS, BCS, MS, MACS, FCPS",Consultant,National Institute of Kidney Disease and Urology (NIKDU),Dhaka,N/A,https://doctor.bd/doctor/dr-amit-kumar-devnath-urology-dhaka
Dr. Amit Kumar Saha,ENT,"MBBS, DLO",Consultant,Popular Diagnostic Center,Narayanganj,N/A,https://doctor.bd/doctor/dr-amit-kumar-saha-ent-narayanganj
Dr. Amit Sen,Pediatrics,"MBBS, DCH, CCD",Registrar,Southern Medical College & Hospital,Chattogram,N/A,https://doctor.bd/doctor/dr-amit-sen-pediatrics-chattogram
Dr. Amitabh Sarkar,Neurology,"MBBS, MD",Consultant,Sher-e-bangla Medical College Hospital,Barishal,N/A,https://doctor.bd/doctor/dr-amitabh-sarkar-neurology-barishal
Dr. Amitav Banik,Physical Medicine & Rehabilitation,"MBBS, BCS, FCPS",Assistant Professor,Sir Salimullah Medical College Mitford Hospital,Dhaka,N/A,https://doctor.bd/doctor/dr-amitav-banik-physical-medicine-rehabilitation-dhaka
Dr. AMM Mukarrabin,Neurosurgery,"MBBS, BCS, MS",Neurosurgeon,Dhaka Medical College Hospital,Dhaka,N/A,https://doctor.bd/doctor/dr-amm-mukarrabin-neurosurgery-dhaka
Dr. Amrit Kumar Debnath,Medicine,"MBBS, BCS, FCPS, CCD, MACP",Senior Consultant,Cumilla General Hospital,Cumilla,N/A,https://doctor.bd/doctor/dr-amrit-kumar-debnath-medicine-cumilla
Dr. Amrita Lal Halder,Pediatrics,"MBBS, FCPS",Resident Physician,BIRDEM General Hospital,Dhaka,N/A,https://doctor.bd/doctor/dr-amrita-lal-halder-pediatrics-dhaka
Dr. Anamika Paul,Dentistry,BDS,Consultant,"Oasis Hospital, Sylhet",Sylhet,N/A,https://doctor.bd/doctor/dr-anamika-paul-dentistry-sylhet
Dr. Anamika Saha,Pediatrics,"MBBS, MRCPCH, FCPS",Consultant,Green Life Medical College & Hospital,Dhaka,N/A,https://doctor.bd/doctor/dr-anamika-saha-pediatrics-dhaka
Dr. Ananda Kishore Ghosh,Pediatrics,"MBBS, FCPS",Consultant,Popular Diagnostic Center,Narayanganj,N/A,https://doctor.bd/doctor/dr-ananda-kishore-ghosh-pediatrics-narayanganj
Dr. Anandita Dey,Dentistry,"BDS, MPH",Medical Officer,North East Medical College Hospital,Sylhet,N/A,https://doctor.bd/doctor/dr-anandita-dey-dentistry-sylhet
Dr. Ananta Kumar Bhakta,Orthopedics,"MBBS, BCS, MS",Registrar,National Institute of Traumatology and Orthopaedic Rehabilitation (NITOR),Dhaka,N/A,https://doctor.bd/doctor/dr-ananta-kumar-bhakta-orthopedics-dhaka
Dr. Ananta Kumar Kundu,Endocrinology,"MBBS, MD, DEM, MSc",Consultant,BIRDEM General Hospital,Dhaka,N/A,https://doctor.bd/doctor/dr-ananta-kumar-kundu-endocrinology-dhaka
Dr. Anaya Saha Banna,Endocrinology,"MBBS, MD, BCS, MACE",Consultant,Dhaka Medical College Hospital,Dhaka,N/A,https://doctor.bd/doctor/dr-anaya-saha-banna-endocrinology-dhaka
Dr. Anharur Rahman,General Surgery,"MBBS, FCPS, FMAS",Assistant Professor,Kumudini Women's Medical College & Hospital,Dhaka,N/A,https://doctor.bd/doctor/dr-anharur-rahman-general-surgery-dhaka
Dr. Anima Sarker,Gynaecology & Obstetrics,"MBBS, FCPS",Assistant Professor,Uttara Adhunik Medical College Hospital,Dhaka,N/A,https://doctor.bd/doctor/dr-anima-sarker-gynaecology-obstetrics-dhaka
Dr. Animesh Mallick,Respiratory Medicine,"MBBS, DTM&H, DTCD, FRSH",Consultant,Chattogram Medical College Hospital,Chattogram,N/A,https://doctor.bd/doctor/dr-animesh-mallick-respiratory-medicine-chattogram
Dr. Anirban Ghose,Urology,"MBBS, MS",Assistant Registrar,Chattogram Medical College Hospital,Chattogram,N/A,https://doctor.bd/doctor/dr-anirban-ghose-urology-chattogram
Dr. Anirudha Sardar,General Surgery,"MBBS, FCPS",Consultant,Khulna Medical College Hospital,Khulna,N/A,https://doctor.bd/doctor/dr-anirudha-sardar-general-surgery-khulna
Dr. Anis Ahmed,Neurology,"MBBS, MD",Assistant Professor,Bangladesh Medical University,Dhaka,N/A,https://doctor.bd/doctor/dr-anis-ahmed-neurology-dhaka
Dr. Anis Uddin Ahmed,Ophthalmology,"MBBS, BCS, MS",Consultant,Cumilla General Hospital,Cumilla,N/A,https://doctor.bd/doctor/dr-anis-uddin-ahmed-ophthalmology-cumilla
Dr. Anisa Jahan,Pediatrics,"MBBS, DCH, FCPS",Associate Professor,Bangladesh Shishu Hospital and Institute,Dhaka,N/A,https://doctor.bd/doctor/dr-anisa-jahan-pediatrics-dhaka
Dr. Anisul Awal,Cardiology,"MBBS, MCPS, FCPS, MD, FSCAI",Assistant Professor,Chattogram Medical College Hospital,Chattogram,N/A,https://doctor.bd/doctor/dr-anisul-awal-cardiology-chattogram
Dr. Anisul Goni Khan,Cardiology,"MBBS, D-CARD, MD, FRCP, FACC",Cardiologist,National Institute of Cardiovascular Disease (NICVD),Dhaka,N/A,https://doctor.bd/doctor/dr-anisul-goni-khan-cardiology-dhaka
Dr. Anisur Rahman,Endocrinology,"MBBS, DIH, DEM, FACE",Consultant,BIRDEM General Hospital,Dhaka,N/A,https://doctor.bd/doctor/dr-anisur-rahman-endocrinology-dhaka
Dr. Anisur Rahman Khan,Cardiology,"MBBS, MD",Cardiologist,"Mugda Medical College Hospital, Dhaka",Dhaka,N/A,https://doctor.bd/doctor/dr-anisur-rahman-khan-cardiology-dhaka
Dr. Anita Marium Islam,Rheumatology,"MBBS, CCD, FCPS",Consultant,Evercare Hospital Dhaka,Dhaka,N/A,https://doctor.bd/doctor/dr-anita-marium-islam-rheumatology-dhaka
Dr. Anjan Kumar Das,Homeopathy,"DHMS, MBA",Secretary General,"Bangladesh Homoeopathic Parishad, Central Committee",Chattogram,N/A,https://doctor.bd/doctor/dr-anjan-kumar-das-homeopathy-chattogram
Dr. Anjan Lal Ghosh,Orthopedics,"MBBS, D-ORTHO",Associate Professor,Northern International Medical College Hospital,Narayanganj,N/A,https://doctor.bd/doctor/dr-anjan-lal-ghosh-orthopedics-narayanganj
Dr. Anjana Saha,Endocrinology,"MBBS, BCS, MD",Consultant,National Institute of Cancer Research and Hospital (NICR&H),Narayanganj,N/A,https://doctor.bd/doctor/dr-anjana-saha-endocrinology-narayanganj
Dr. Anjir Anwar,Pediatrics,"MBBS, BCS, FCPS",Registrar,Chattogram Medical College Hospital,Chattogram,N/A,https://doctor.bd/doctor/dr-anjir-anwar-pediatrics-chattogram
Dr. Anjona Boshak,Pediatrics,"MBBS, BCS, FCPS",Assistant Professor,"Shaheed Ziaur Rahman Medical College Hospital, Bogura",Bogura,N/A,https://doctor.bd/doctor/dr-anjona-boshak-pediatrics-bogura
Dr. Anjuman Ara,Gynaecology & Obstetrics,"MBBS, MS",Assistant Professor,Khulna Medical College Hospital,Khulna,N/A,https://doctor.bd/doctor/dr-anjuman-ara-gynaecology-obstetrics-khulna
Dr. Anjuman Ara Rita,Gynaecology & Obstetrics,"MBBS, FCPS",Senior Consultant,Centre for Woman and Child Health,Dhaka,N/A,https://doctor.bd/doctor/dr-anjuman-ara-rita-gynaecology-obstetrics-dhaka
Dr. Anjuman-E-Ferdous,Gynaecology & Obstetrics,"MBBS, BCS, FCPS",Medical Officer,Pabna Mental Hospital,Pabna,N/A,https://doctor.bd/doctor/dr-anjuman-e-ferdous-gynaecology-obstetrics-pabna
Dr. ANM Harunur Rashid (Uzzal),Orthopedics,"MBBS, MS",Assistant Professor,Sir Salimullah Medical College Mitford Hospital,Dhaka,N/A,https://doctor.bd/doctor/dr-anm-harunur-rashid-uzzal-orthopedics-dhaka
Dr. ANM Ilias Naime,Neurosurgery,"MBBS, BCS, FCPS",Professor & Head,Cumilla Medical College Hospital,Cumilla,N/A,https://doctor.bd/doctor/dr-anm-ilias-naime-neurosurgery-cumilla
Dr. Anowarul Islam (Dider),Cardiology,"MBBS, BCS, MD, MACC, MRCP, CCD",Consultant,National Institute of Cardiovascular Disease (NICVD),Feni,10+ Years,https://doctor.bd/doctor/dr-anowarul-islam-dider-cardiology-feni
Dr. Anup Kumar,General Surgery,"MBBS, MPH, PhD, FRSH",Consultant,Farazy Hospital,Dhaka,N/A,https://doctor.bd/doctor/dr-anup-kumar-general-surgery-dhaka
Dr. Anup Kumar Das,Cardiology,"MBBS, D-CARD, FCPS, CCD",Junior Consultant,Enam Medical College & Hospital,Dhaka,N/A,https://doctor.bd/doctor/dr-anup-kumar-das-cardiology-dhaka
Dr. Anup Mostofa,Orthopedics,"MBBS, BCS, MS, MRCS",Surgeon,Dhaka Medical College Hospital,Dhaka,N/A,https://doctor.bd/doctor/dr-anup-mostofa-orthopedics-dhaka
Dr. Anup Roy Chowdhury,Urology,"MBBS, BCS, MS",Consultant,National Institute of Kidney Disease and Urology (NIKDU),Khulna,N/A,https://doctor.bd/doctor/dr-anup-roy-chowdhury-urology-khulna
Dr. Anupam Dutta Roy,Pediatrics,"MBBS, BCS, DCH, MRCPCH, PGPN, FCPS",Consultant,Mymensingh Medical College Hospital,Mymensingh,N/A,https://doctor.bd/doctor/dr-anupam-dutta-roy-pediatrics-mymensingh
Dr. Anwar Hossain Bablu,Neurology,"MBBS, FCPS, MD",Assistant Professor,Sher-e-bangla Medical College Hospital,Barishal,N/A,https://doctor.bd/doctor/dr-anwar-hossain-bablu-neurology-barishal
Dr. Anwar Israil,Neurology,"MBBS, BCS, MD",Assistant Professor,National Institute of Neurosciences & Hospital,Dhaka,N/A,https://doctor.bd/doctor/dr-anwar-israil-neurology-dhaka
Dr. Anwara Begum,Gynaecology & Obstetrics,"MBBS, FCPS",Professor,Dhaka Medical College Hospital,Dhaka,N/A,https://doctor.bd/doctor/dr-anwara-begum-gynaecology-obstetrics-dhaka
Dr. Anwarul Anam Kibria,Cardiac Surgery,"MBBS, MS",Surgeon,National Institute of Diseases of the Chest & Hospital (NIDCH),Dhaka,N/A,https://doctor.bd/doctor/dr-anwarul-anam-kibria-cardiac-surgery-dhaka
Dr. Anzirun Nahar Asma,Dermatology,"MBBS, DDV, FCPS",Associate Professor,Popular Medical College & Hospital,Dhaka,N/A,https://doctor.bd/doctor/dr-anzirun-nahar-asma-dermatology-dhaka
Dr. Anzuman Ara Bulu,Gynaecology & Obstetrics,"MBBS, MCPS, DMSU",Consultant,Ibn Sina Medical College Hospital,Dhaka,N/A,https://doctor.bd/doctor/dr-anzuman-ara-bulu-gynaecology-obstetrics-dhaka
Dr. Aparajita Chowdhury,Pediatrics,"MBBS, BCS, DCH",Consultant,Sylhet MAG Osmani Medical College Hospital,Sylhet,N/A,https://doctor.bd/doctor/dr-aparajita-chowdhury-pediatrics-sylhet
Dr. Aparna Das,Medicine,"MBBS, FCPS, MD, DEM",Associate Professor,Dhaka Medical College Hospital,Dhaka,N/A,https://doctor.bd/doctor/dr-aparna-das-medicine-dhaka
Dr. Aparup Kanti Das,Pediatrics,"MBBS, BCS, FCPS",Assistant Registrar,Chattogram Medical College Hospital,Chattogram,N/A,https://doctor.bd/doctor/dr-aparup-kanti-das-pediatrics-chattogram
Dr. Apel Mahmud,Dentistry,BDS,Consultant,"Opy’s Dental Care, Uttara, Dhaka",Dhaka,22+ Years,https://doctor.bd/doctor/dr-apel-mahmud-dentistry-dhaka
Dr. Arafat Azim,Psychiatry,"MBBS, BCS, MD",Consultant,Chattogram Medical College Hospital,Chattogram,N/A,https://doctor.bd/doctor/dr-arafat-azim-psychiatry-chattogram
Dr. Arafat Hasan,Medicine,"MBBS, BCS, MCPS, MRCP, FCPS",Consultant,Pabna Medical College Hospital,Pabna,15+ Years,https://doctor.bd/doctor/dr-arafat-hasan-medicine-pabna
Dr. Arefin Khan,Respiratory Medicine,"MBBS, DTCD, BCS, FCCP",Consultant,National Institute of Diseases of the Chest & Hospital (NIDCH),Dhaka,N/A,https://doctor.bd/doctor/dr-arefin-khan-respiratory-medicine-dhaka
Dr. Arfana Yesmin,Medicine,"MBBS, FCPS",Assistant Professor,Chattogram International Medical College & Hospital (CIMCH),Chattogram,N/A,https://doctor.bd/doctor/dr-arfana-yesmin-medicine-chattogram
Dr. Arfin Akter,Ophthalmology,"MBBS, DO",Department of Ophthalmology,Rangpur Medical College Hospital,Rangpur,15+ Years,https://doctor.bd/doctor/dr-arfin-akter-ophthalmology-rangpur
Dr. Arif Mahbub,Medicine,"MBBS, BCS, MD, MACP, CCD, FCPS",Resident Physician,Mymensingh Medical College Hospital,Mymensingh,N/A,https://doctor.bd/doctor/dr-arif-mahbub-medicine-mymensingh
Dr. Arif Mahmud Jewel,ENT,"MBBS, MS",Consultant,Bangladesh Medical University,Dhaka,N/A,https://doctor.bd/doctor/dr-arif-mahmud-jewel-ent-dhaka
Dr. Arif Mohammad Sohan,Cardiology,"MBBS, MD",Consultant,Ship International Hospital,Dhaka,N/A,https://doctor.bd/doctor/dr-arif-mohammad-sohan-cardiology-dhaka
Dr. Arif Uddin Ahmed,Dermatology,"MBBS, DDV",Associate Professor,Sylhet Womens Medical College Hospital,Sylhet,N/A,https://doctor.bd/doctor/dr-arif-uddin-ahmed-dermatology-sylhet
Dr. Arifa Akter Zahan Shoma,Gynaecology & Obstetrics,"MBBS, FCPS",Professor & Head,Kumudini Women's Medical College & Hospital,Dhaka,N/A,https://doctor.bd/doctor/dr-arifa-akter-zahan-shoma-gynaecology-obstetrics-dhaka
Dr. Arifa Billah Shafiq,Dermatology,"MBBS, CCD, MD",Clinical & Aesthetic Dermatologist,Asgar Ali Hospital,Dhaka,N/A,https://doctor.bd/doctor/dr-arifa-billah-shafiq-dermatology-dhaka
Dr. Arifa Tasnim,Hepatology,"MBBS, BCS, MD",Consultant,"National Gastroliver Institute and Hospital, Dhaka",Dhaka,N/A,https://doctor.bd/doctor/dr-arifa-tasnim-hepatology-dhaka
Dr. Ariful Basher,Medicine,"MBBS, FCPS, MPH, MD",Bangladesh Specialized Hospital,Bangladesh Specialized Hospital,Dhaka,N/A,https://doctor.bd/doctor/dr-ariful-basher-medicine-dhaka
Dr. Ariful Haque,Oncology,"MBBS, BCS, MD",Resident Surgeon,Dhaka Medical College Hospital,Dhaka,N/A,https://doctor.bd/doctor/dr-ariful-haque-oncology-dhaka
Dr. Ariful Islam,Medicine,"MBBS, FCPS, MRCP, CCD",Doctor,BIRDEM General Hospital,Dhaka,N/A,https://doctor.bd/doctor/dr-ariful-islam-medicine-dhaka
Dr. Ariful Islam,ENT,"MBBS, DLO",Assistant Registrar,Delta Medical College & Hospital,Dhaka,N/A,https://doctor.bd/doctor/dr-ariful-islam-ent-dhaka
Dr. Ariful Islam Arif,ENT,"MBBS, FCPS",Doctor,Bangladesh Medical College Hospital,Dhaka,N/A,https://doctor.bd/doctor/dr-ariful-islam-arif-ent-dhaka
Dr. Ariful Islam Majumder,Nephrology,"MBBS, BCS, MD",Assistant Professor,National Institute of Kidney Disease and Urology (NIKDU),Narayanganj,N/A,https://doctor.bd/doctor/dr-ariful-islam-majumder-nephrology-narayanganj
Dr. Ariful Rahman,Dentistry,"BDS, BCS, PGT, DDS",Assistant Professor,Cumilla Medical College Hospital,Cumilla,N/A,https://doctor.bd/doctor/dr-ariful-rahman-dentistry-cumilla
Dr. Arin Akbar Mou,Dentistry,"BDS, MPH, PGT",Chief Consultant,"Dental Doctor, Bangladesh Bank",Rajshahi,N/A,https://doctor.bd/doctor/dr-arin-akbar-mou-dentistry-rajshahi
Dr. Arman Ibne Haq,Psychiatry,"MBBS, FCPS",Assistant Professor,Bangladesh Medical College Hospital,Dhaka,N/A,https://doctor.bd/doctor/dr-arman-ibne-haq-psychiatry-dhaka
Dr. Arman Reza Chowdhury,Oncology,"MBBS, FCPS",Consultant,Evercare Hospital Dhaka,Dhaka,N/A,https://doctor.bd/doctor/dr-arman-reza-chowdhury-oncology-dhaka
Dr. Arman Uddin Ahmad,Ophthalmology,"MBBS, MS, FCPS",Assistant Professor,Kushtia Medical College Hospital,Kushtia,N/A,https://doctor.bd/doctor/dr-arman-uddin-ahmad-ophthalmology-kushtia
Dr. Armana Sharmin Khan,Pediatrics,"MBBS, DCH, FCPS",Consultant,Chattogram International Medical College & Hospital (CIMCH),Chattogram,N/A,https://doctor.bd/doctor/dr-armana-sharmin-khan-pediatrics-chattogram
Dr. Arpan Das,Medicine,"MBBS, BCS, MD, MACP, CCD",Assistant Professor,Rangamati Medical College Hospital,Rangamati,N/A,https://doctor.bd/doctor/dr-arpan-das-medicine-rangamati
Dr. Arpita Bhattacharjee,Gynaecology & Obstetrics,"MBBS, FCPS",Surgeon,Sylhet MAG Osmani Medical College Hospital,Sylhet,N/A,https://doctor.bd/doctor/dr-arpita-bhattacharjee-gynaecology-obstetrics-sylhet
Dr. Arpita Das,Gynaecology & Obstetrics,"MBBS, BCS, MCPS, FCPS",Gynecologist,Rajshahi Medical College Hospital,Rajshahi,N/A,https://doctor.bd/doctor/dr-arpita-das-gynaecology-obstetrics-rajshahi
Dr. Arun Kumar Baishnab,General Surgery,"MBBS, MS",Assistant Professor,Sylhet MAG Osmani Medical College Hospital,Sylhet,N/A,https://doctor.bd/doctor/dr-arun-kumar-baishnab-general-surgery-sylhet
Dr. Arun Kumar Pal,Colorectal Surgery,"MBBS, MS, FCPS, FACS",Assistant Professor,Dhaka Medical College Hospital,Dhaka,N/A,https://doctor.bd/doctor/dr-arun-kumar-pal-colorectal-surgery-dhaka
Dr. Arun Kumar Sarker,Orthopedics,"MBBS, BCS, MS, FACS",Assistant Professor,National Institute of Traumatology and Orthopaedic Rehabilitation (NITOR),Dhaka,N/A,https://doctor.bd/doctor/dr-arun-kumar-sarker-orthopedics-dhaka
Dr. Arun Kumar Sharma,Cardiology,"MBBS, MCPS, MEd, MD, FACC",Cardiologist,"Labaid Specialized Hospital, Dhanmondi",Dhaka,N/A,https://doctor.bd/doctor/dr-arun-kumar-sharma-cardiology-dhaka
Dr. Arunangshu Das,Oncology,"MBBS, BCS, FCPS",Consultant,"Square Hospital, Dhaka",Dhaka,N/A,https://doctor.bd/doctor/dr-arunangshu-das-oncology-dhaka
Dr. Arup Kumar Roy,Medicine,"MBBS, BCS, FCPS, MACP",Consultant,Cumilla Medical College Hospital,Cumilla,N/A,https://doctor.bd/doctor/dr-arup-kumar-roy-medicine-cumilla
Dr. As-Ad Din Mahmood (Asad),Plastic Surgery,"MBBS, BCS, MPH, MS",Assistant Professor,Sylhet MAG Osmani Medical College Hospital,Sylhet,N/A,https://doctor.bd/doctor/dr-as-ad-din-mahmood-asad-plastic-surgery-sylhet
Dr. Asadullahil Galib,General Surgery,"MBBS, FCPS",Consultant,Doctors Point Specialized Hospital,Khulna,N/A,https://doctor.bd/doctor/dr-asadullahil-galib-general-surgery-khulna
Dr. Asaduzzaman Biddut,Oncology,"MBBS, MD",Assistant Professor,National Institute of Cancer Research and Hospital (NICR&H),Dhaka,N/A,https://doctor.bd/doctor/dr-asaduzzaman-biddut-oncology-dhaka
Dr. Asfaq Bin Rahman,Dermatology,"MBBS, BCS, MD",Assistant Professor,Shaheed Tajuddin Ahmad Medical College & Hospital,Dhaka,N/A,https://doctor.bd/doctor/dr-asfaq-bin-rahman-dermatology-dhaka
Dr. Ashfak Ahmed,Neurology,"MBBS, BCS, FCPS, MD",Consultant,Rangpur Medical College Hospital,Rangpur,N/A,https://doctor.bd/doctor/dr-ashfak-ahmed-neurology-rangpur
Dr. Ashfaq Ahmad,ENT,"MBBS, FCPS",Associate Professor,Chattogram Medical College Hospital,Chattogram,N/A,https://doctor.bd/doctor/dr-ashfaq-ahmad-ent-chattogram
Dr. Ashfaque Ahmed Siddique,Gastroenterology,"MBBS, BCS, MCPS, MD",Associate Professor,"National Gastroliver Institute and Hospital, Dhaka",Dhaka,N/A,https://doctor.bd/doctor/dr-ashfaque-ahmed-siddique-gastroenterology-dhaka
Dr. Ashfaque Rahman Khan,Ophthalmology,"MBBS, DO, DMU",Consultant,"Bangladesh Eye Hospital, Zigatola",Dhaka,N/A,https://doctor.bd/doctor/dr-ashfaque-rahman-khan-ophthalmology-dhaka
Dr. Ashfeka Gini,Gynaecology & Obstetrics,"MBBS, BCS, FCPS",Consultant,"Khidmah Hospital, Dhaka",Dhaka,N/A,https://doctor.bd/doctor/dr-ashfeka-gini-gynaecology-obstetrics-dhaka
Dr. Ashia Ali,Anesthesiology,"MBBS, FCPS, FIPM",Consultant,"United Hospital, Dhaka",Dhaka,N/A,https://doctor.bd/doctor/dr-ashia-ali-anesthesiology-dhaka
Dr. Ashik Abdullah,Dentistry,"BDS, BCS, MS",Assistant Professor,Dhaka Dental College Hospital,Dhaka,10+ Years,https://doctor.bd/doctor/dr-ashik-abdullah-dentistry-dhaka
Dr. Ashik Iqbal,ENT,"MBBS, BCS, FCPS",Assistant Professor,Rajshahi Medical College Hospital,Rajshahi,N/A,https://doctor.bd/doctor/dr-ashik-iqbal-ent-rajshahi
Dr. Ashikul Arefin,Dentistry,"BDS, FCPS",Medical Officer,Bangladesh Medical University,Chattogram,N/A,https://doctor.bd/doctor/dr-ashikul-arefin-dentistry-chattogram
Dr. Ashikur Rahman (Sagor),Cardiology,"MBBS, BCS, MD, FCPS",Cardiologist,National Institute of Cardiovascular Disease (NICVD),Pabna,N/A,https://doctor.bd/doctor/dr-ashikur-rahman-sagor-cardiology-pabna
Dr. Ashikur Rahman Nipu,ENT,"MBBS, BCS, MS",Consultant,Chattogram Medical College Hospital,Chattogram,N/A,https://doctor.bd/doctor/dr-ashikur-rahman-nipu-ent-chattogram
Dr. Ashim Kumar Biswas,ENT,"MBBS, MS, FCPS",ENT Specialist,Bangladesh Medical University,Dhaka,N/A,https://doctor.bd/doctor/dr-ashim-kumar-biswas-ent-dhaka
Dr. Ashim Kumar Ghosh,Oncology,"MBBS, MPhil",Assistant Professor,Rajshahi Medical College Hospital,Rajshahi,N/A,https://doctor.bd/doctor/dr-ashim-kumar-ghosh-oncology-rajshahi
Dr. Ashim Kumar Sengupta,Oncology,"MBBS, PGT, MPhil",Senior Consultant,"United Hospital, Dhaka",Dhaka,N/A,https://doctor.bd/doctor/dr-ashim-kumar-sengupta-oncology-dhaka
Dr. Ashiqur Rahman Akanda,Ophthalmology,"MBBS, DO, FCPS",Associate Professor,National Institute of Ophthalmology & Hospital,Dhaka,N/A,https://doctor.bd/doctor/dr-ashiqur-rahman-akanda-ophthalmology-dhaka
Dr. Ashish Chowdhury,Neurology,"MBBS, MD",Assistant Professor,Bangladesh Medical University,Dhaka,N/A,https://doctor.bd/doctor/dr-ashish-chowdhury-neurology-dhaka
Dr. Ashish Dey,Cardiology,"MBBS, FCPS, MD, FSCAI",Associate Professor,Chattogram Medical College Hospital,Chattogram,N/A,https://doctor.bd/doctor/dr-ashish-dey-cardiology-chattogram
Dr. Ashish Kumar Chowdhury,General Surgery,"MBBS, PhD, CO",Associate Professor,University of Science and Technology Chattogram,Chattogram,N/A,https://doctor.bd/doctor/dr-ashish-kumar-chowdhury-general-surgery-chattogram
Dr. Ashish Kumar Halder,Pediatrics,"MBBS, DCH, FCPS",Assistant Professor,Sher-e-bangla Medical College Hospital,Barishal,N/A,https://doctor.bd/doctor/dr-ashish-kumar-halder-pediatrics-barishal
Dr. Ashish Kumer Roy,Cardiology,"MBBS, MD",Consultant,Mymensingh Medical College Hospital,Mymensingh,N/A,https://doctor.bd/doctor/dr-ashish-kumer-roy-cardiology-mymensingh
Dr. Ashith Chandra Das,Pediatrics,"MBBS, DCH, FCPS",Associate Professor,Jalalabad Ragib-Rabeya Medical College & Hospital,Sylhet,N/A,https://doctor.bd/doctor/dr-ashith-chandra-das-pediatrics-sylhet
Dr. Asho Tosh Nath,Orthopedics,"MBBS, BCS, MS",Assistant Registrar,Chattogram Medical College Hospital,Chattogram,N/A,https://doctor.bd/doctor/dr-asho-tosh-nath-orthopedics-chattogram
Dr. Ashoke Sorkar,Medicine,"MBBS, BCS, MD",Associate Professor,Rajshahi Medical College Hospital,Rajshahi,N/A,https://doctor.bd/doctor/dr-ashoke-sorkar-medicine-rajshahi
Dr. Ashraf Ur Rahman Tomal,Cardiology,"MBBS, BCS, FCPS, MCPS, MD",Assistant Registrar,National Institute of Cardiovascular Disease (NICVD),Dhaka,N/A,https://doctor.bd/doctor/dr-ashraf-ur-rahman-tomal-cardiology-dhaka
Dr. Ashraful Hoque,Transfusion Medicine,"MBBS, BCS, DBST, FCCS, FIPM",Assistant Professor,Cumilla Medical College Hospital,Cumilla,12+ Years,https://doctor.bd/doctor/dr-ashraful-hoque-transfusion-medicine-cumilla
Dr. Ashraful Islam Rana,Urology,"MBBS, BCS, MS",Consultant,Sylhet MAG Osmani Medical College Hospital,Sylhet,N/A,https://doctor.bd/doctor/dr-ashraful-islam-rana-urology-sylhet
Dr. Ashraful Islam Razib,ENT,"MBBS, BCS, MCPS, FCPS",Surgeon,"National Institute of ENT, Tejgaon, Dhaka",Dhaka,N/A,https://doctor.bd/doctor/dr-ashraful-islam-razib-ent-dhaka
Dr. Ashraful Matin Sagor,Orthopedics,"MBBS, BCS, MS",Consultant,Cumilla General Hospital,Cumilla,N/A,https://doctor.bd/doctor/dr-ashraful-matin-sagor-orthopedics-cumilla
Dr. Ashrafun Nahar Sweety,Gynaecology & Obstetrics,"MBBS, MCPS, FCPS, MRCOG, DMU",Consultant,"Specialized Medical Center Hospital, Saudi Arabia",Narayanganj,N/A,https://doctor.bd/doctor/dr-ashrafun-nahar-sweety-gynaecology-obstetrics-narayanganj
Dr. Asif Ahmed Bin Moin,Cardiac Surgery,"MBBS, MS",Senior Consultant,Evercare Hospital Chattogram,Chattogram,N/A,https://doctor.bd/doctor/dr-asif-ahmed-bin-moin-cardiac-surgery-chattogram
Dr. Asif Hasan Khan,Rheumatology,"MBBS, BCS, MD",Rheumatologist,National Institute of Neurosciences & Hospital,Dhaka,N/A,https://doctor.bd/doctor/dr-asif-hasan-khan-rheumatology-dhaka
Dr. Asif Imran Siddiqui,Dermatology,"MBBS, DDV",Chief Consultant,"Skinic Dermatology Centre, Mirpur",Dhaka,N/A,https://doctor.bd/doctor/dr-asif-imran-siddiqui-dermatology-dhaka
Dr. Asif Manwar,Cardiology,"MBBS, D-CARD, MSc",Consultant,"Square Hospital, Dhaka",Dhaka,N/A,https://doctor.bd/doctor/dr-asif-manwar-cardiology-dhaka
Dr. Asif Md. Sazzad-Uz Zumma,Urology,"MBBS, BCS, MS, MRCS, CCD, CMU, FICS",Consultant,National Institute of Cancer Research and Hospital (NICR&H),Dhaka,12+ Years,https://doctor.bd/doctor/dr-asif-md-sazzad-uz-zumma-urology-dhaka
Dr. Asif Moazzam Barkatullah,Neurosurgery,"MBBS, MS",Associate Professor,Sir Salimullah Medical College Mitford Hospital,Dhaka,N/A,https://doctor.bd/doctor/dr-asif-moazzam-barkatullah-neurosurgery-dhaka
Dr. Asif Mujtaba Mahmud,Respiratory Medicine,"MBBS, DTCD, PhD",Senior Consultant,Asgar Ali Hospital,Dhaka,N/A,https://doctor.bd/doctor/dr-asif-mujtaba-mahmud-respiratory-medicine-dhaka
Dr. Asif Rabbani,Physical Medicine & Rehabilitation,"MBBS, BCS, MD",Assistant Registrar,"Shaheed Ziaur Rahman Medical College Hospital, Bogura",Bogura,N/A,https://doctor.bd/doctor/dr-asif-rabbani-physical-medicine-rehabilitation-bogura
Dr. Asif Zaman Tushar,Cardiology,"MBBS, MD",Assistant Registrar,National Institute of Cardiovascular Disease (NICVD),Dhaka,N/A,https://doctor.bd/doctor/dr-asif-zaman-tushar-cardiology-dhaka
Dr. Asim Biswas,Cardiology,"MBBS, MD",Assistant Professor,Sher-e-bangla Medical College Hospital,Barishal,N/A,https://doctor.bd/doctor/dr-asim-biswas-cardiology-barishal
Dr. Asim Chandra Ghosh,Orthopedics,"MBBS, BCS, D-ORTHO",Consultant,National Institute of Traumatology and Orthopaedic Rehabilitation (NITOR),Dhaka,N/A,https://doctor.bd/doctor/dr-asim-chandra-ghosh-orthopedics-dhaka
Dr. ASM Aminul Islam,General Surgery,"MBBS, BCS, FCPS",Consultant,"Mohammad Ali Hospital, Bogura",Bogura,N/A,https://doctor.bd/doctor/dr-asm-aminul-islam-general-surgery-bogura
Dr. ASM Didarul Ahsan,Dermatology,"MBBS, DDV",Consultant,Green Life Medical College & Hospital,Dhaka,N/A,https://doctor.bd/doctor/dr-asm-didarul-ahsan-dermatology-dhaka
Dr. ASM Farhad Khan,Nephrology,"MBBS, BCS, MD",Assistant Professor,Dhaka Medical College Hospital,Dhaka,N/A,https://doctor.bd/doctor/dr-asm-farhad-khan-nephrology-dhaka
Dr. ASM Iftekhar Hossen,Cardiac Surgery,"MBBS, MS",Assistant Professor,Chattogram Medical College Hospital,Chattogram,N/A,https://doctor.bd/doctor/dr-asm-iftekhar-hossen-cardiac-surgery-chattogram
Dr. ASM Lutful Kabir Shimul,Rheumatology,"MBBS, BCS, FCPS, MACP, MCPS",Consultant,Chattogram Medical College Hospital,Chattogram,N/A,https://doctor.bd/doctor/dr-asm-lutful-kabir-shimul-rheumatology-chattogram
Dr. ASM Moin Uddin,Ophthalmology,"MBBS, DO",Consultant,Ispahani Islamia Eye Institute & Hospital,Dhaka,N/A,https://doctor.bd/doctor/dr-asm-moin-uddin-ophthalmology-dhaka
Dr. ASM Morshed,Nephrology,"MBBS, BCS, MD, MCPS",Kidney Specialist,Shaheed Tajuddin Ahmad Medical College & Hospital,Dhaka,N/A,https://doctor.bd/doctor/dr-asm-morshed-nephrology-dhaka
Dr. ASM Rahenur Mondol Apple,Medicine,"MBBS, FCPS",Assistant Professor,Rangpur Medical College Hospital,Rangpur,N/A,https://doctor.bd/doctor/dr-asm-rahenur-mondol-apple-medicine-rangpur
Dr. ASM Ridwan,Psychiatry,"MBBS, MD",Professor & Head,Chattogram International Medical College & Hospital (CIMCH),Chattogram,N/A,https://doctor.bd/doctor/dr-asm-ridwan-psychiatry-chattogram
Dr. ASM Salimullah,Gastroenterology,"MBBS, FCPS, MD",Gastroenterologist,Dhaka Medical College Hospital,Dhaka,N/A,https://doctor.bd/doctor/dr-asm-salimullah-gastroenterology-dhaka
Dr. ASM Sirajum Munir,Medicine,"MBBS, BCS, MRCP, FCPS, FRCP",Associate Professor,"Mugda Medical College Hospital, Dhaka",Dhaka,N/A,https://doctor.bd/doctor/dr-asm-sirajum-munir-medicine-dhaka
Dr. ASM Towhidul Alam,Endocrinology,"MBBS, MCPS, MD, MRCP, PhD",Consultant,Chattogram Medical College Hospital,Chattogram,N/A,https://doctor.bd/doctor/dr-asm-towhidul-alam-endocrinology-chattogram
Dr. Asma Ahmed Tonima,Dentistry,"BDS, PGT",Dentist,"Dream Dental Care, Ishwardi, Pabna",Pabna,N/A,https://doctor.bd/doctor/dr-asma-ahmed-tonima-dentistry-pabna
Dr. Asma Akter,Gynaecology & Obstetrics,"MBBS, BCS, DGO",Consultant,Cumilla Holy Family Hospital,Cumilla,N/A,https://doctor.bd/doctor/dr-asma-akter-gynaecology-obstetrics-cumilla
Dr. Asma Begum,Dentistry,"BDS, BCS, DDS, FICD",Professor & Head,Shaheed Shaikh Abu-Naser Specialized Hospital,Khulna,N/A,https://doctor.bd/doctor/dr-asma-begum-dentistry-khulna
Dr. Asma Ferdousi,Pediatrics,"MBBS, DCH, FCPS, MD",Associate Professor,Chattogram Medical College Hospital,Chattogram,N/A,https://doctor.bd/doctor/dr-asma-ferdousi-pediatrics-chattogram
Dr. Asma Helen Khan,Hepatology,"MBBS, FCPS",Consultant,Bangladesh Medical University,Dhaka,N/A,https://doctor.bd/doctor/dr-asma-helen-khan-hepatology-dhaka
Dr. Asma Khatun,Pediatrics,"MBBS, MD",Consultant,Ibn Sina Medical College Hospital,Dhaka,N/A,https://doctor.bd/doctor/dr-asma-khatun-pediatrics-dhaka
Dr. Asma Khatun Aurora,Gynaecology & Obstetrics,"MBBS, BCS, DG, FCPS, MS",Gynecologist,Dhaka Medical College Hospital,Dhaka,N/A,https://doctor.bd/doctor/dr-asma-khatun-aurora-gynaecology-obstetrics-dhaka
Dr. Asma Mazumder Toma,Gynaecology & Obstetrics,"MBBS, DGO, MCPS, DMUD, FCPS",Consultant,"Labaid (Diagnostic), Cumilla",Cumilla,N/A,https://doctor.bd/doctor/dr-asma-mazumder-toma-gynaecology-obstetrics-cumilla
Dr. Asma Rumanaz Shahid,Gynaecology & Obstetrics,"MBBS, DGO, MCPS, MS, FACS",Professor & Head,"Kurmitola General Hospital, Dhaka",Dhaka,N/A,https://doctor.bd/doctor/dr-asma-rumanaz-shahid-gynaecology-obstetrics-dhaka
Dr. Asma Siddiqua,Oncology,"MBBS, MPH, MCPS, FCPS",Associate Professor,National Institute of Cancer Research and Hospital (NICR&H),Dhaka,N/A,https://doctor.bd/doctor/dr-asma-siddiqua-oncology-dhaka
Dr. Asma-Ul-Hosna,Dentistry,"BDS, BCS, MS",Professor & Head,Mymensingh Medical College Hospital,Mymensingh,N/A,https://doctor.bd/doctor/dr-asma-ul-hosna-dentistry-mymensingh
Dr. Asraful Haque Chowdhury,Hematology,"MBBBS, BCS, FCPS",Doctor,Dhaka Medical College Hospital,Dhaka,N/A,https://doctor.bd/doctor/dr-asraful-haque-chowdhury-hematology-dhaka
Dr. Ata Md. Adnan,Endocrinology,"MBBS, MSc",Consultant,"Surgiscope Hospital, Chattogram",Chattogram,N/A,https://doctor.bd/doctor/dr-ata-md-adnan-endocrinology-chattogram
Dr. Ataul Mujeeb Rashed,Alternative Medicine,MBBS,Physician & Acupuncturist,"Yin Yang Healthcare, Dhaka, Bangladesh",Dhaka,N/A,https://doctor.bd/doctor/dr-ataul-mujeeb-rashed-alternative-medicine-dhaka
Dr. Atiqur Rahman,Anesthesiology,"MBBS, MCPS, FCPS",Consultant,"Apollo Imperial Hospital, Chattogram",Chattogram,N/A,https://doctor.bd/doctor/dr-atiqur-rahman-anesthesiology-chattogram
Dr. ATM Ataur Rahman (Hiron),Gastroenterology,"MBBS, BCS, MD, FCPS",Associate Professor,"Bangabandhu Sheikh Mujib Medical College, Faridpur",Faridpur,N/A,https://doctor.bd/doctor/dr-atm-ataur-rahman-hiron-gastroenterology-faridpur
Dr. ATM Faruque Ahmed,Pediatrics,"MBBS, DCH, MD",Professor & Head,"Star Line Specialized Hospital, Feni",Cumilla,37+ Years,https://doctor.bd/doctor/dr-atm-faruque-ahmed-pediatrics-cumilla
Dr. ATM Rezaul Karim,Orthopedics,"MBBS, D-ORTHO, MS",Consultant,"Parkview Hospital, Chattogram",Chattogram,N/A,https://doctor.bd/doctor/dr-atm-rezaul-karim-orthopedics-chattogram
Dr. Avijit Das Kanungo,Orthopedics,"MBBS, D-ORTHO",Consultant,Cumilla Medical College Hospital,Cumilla,N/A,https://doctor.bd/doctor/dr-avijit-das-kanungo-orthopedics-cumilla
Dr. Avijit Sen,Dentistry,"BDS, PGT",Medical Officer,Bangladesh Navy Shaheed Moazzem Hospital,Chattogram,N/A,https://doctor.bd/doctor/dr-avijit-sen-dentistry-chattogram
Dr. Avishek Bhadra,Orthopedics,"MBBS, D-ORTHO",Assistant Professor,President Abdul Hamid Medical College & Hospital,Kishoreganj,8+ Years,https://doctor.bd/doctor/dr-avishek-bhadra-orthopedics-kishoreganj
Dr. Ayenun Akter Luna,Gynaecology & Obstetrics,"MBBS, BCS, FCPS",Lecturer,Govt. Homeopathic Medical College,Dhaka,N/A,https://doctor.bd/doctor/dr-ayenun-akter-luna-gynaecology-obstetrics-dhaka
Dr. Ayesha Akter,Dermatology,"MBBS, BCS, FCPS",Associate Professor,Cumilla Medical College Hospital,Cumilla,N/A,https://doctor.bd/doctor/dr-ayesha-akter-dermatology-cumilla
Dr. Ayesha Akther Nipa,Dentistry,BDS,Consultant,Mostafizur's Dental,Cumilla,N/A,https://doctor.bd/doctor/dr-ayesha-akther-nipa-dentistry-cumilla
Dr. Ayesha Beg,Gynaecology & Obstetrics,"MBBS, BCS, FCPS",Consultant,Mymensingh Medical College Hospital,Mymensingh,N/A,https://doctor.bd/doctor/dr-ayesha-beg-gynaecology-obstetrics-mymensingh
Dr. Ayesha Begum,Pediatrics,"MBBS, BCS, MD",Assistant Professor,Chattogram Medical College Hospital,Chattogram,N/A,https://doctor.bd/doctor/dr-ayesha-begum-pediatrics-chattogram
Dr. Ayesha Begum,Endocrinology,"MBBS, BCS, MD, MACP, FCPS",Consultant,Keraniganj Upazila Health Complex,Dhaka,N/A,https://doctor.bd/doctor/dr-ayesha-begum-endocrinology-dhaka
Dr. Ayesha Hasina,Pediatrics,"MBBS, MCPS, MD, FCPS",Consultant,"BRB Hospital, Dhaka",Dhaka,N/A,https://doctor.bd/doctor/dr-ayesha-hasina-pediatrics-dhaka
Dr. Ayesha Khatun,General Surgery,"MBBS, BCS, FCPS",Assistant Professor,Cumilla Medical College Hospital,Cumilla,10+ Years,https://doctor.bd/doctor/dr-ayesha-khatun-general-surgery-cumilla
Dr. Ayesha Nasrin Surovee,General Surgery,"MBBS, MS",Associate Professor,Rangpur Community Medical College & Hospital,Rangpur,N/A,https://doctor.bd/doctor/dr-ayesha-nasrin-surovee-general-surgery-rangpur
Dr. Ayesha Nigar Nur,Gynaecology & Obstetrics,"MBBS, MCPS, MS",Assistant Professor,Holy Family Red Crescent Medical College Hospital,Dhaka,N/A,https://doctor.bd/doctor/dr-ayesha-nigar-nur-gynaecology-obstetrics-dhaka
Dr. Ayesha Rahman,General Surgery,"MBBS, BCS, MCPS, FCPS",Consultant,Bangladesh Medical University,Dhaka,N/A,https://doctor.bd/doctor/dr-ayesha-rahman-general-surgery-dhaka
Dr. Ayesha Siddika,Gynaecology & Obstetrics,"MBBS, BCS, MS",Consultant,Cumilla Medical College Hospital,Cumilla,N/A,https://doctor.bd/doctor/dr-ayesha-siddika-gynaecology-obstetrics-cumilla
Dr. Ayesha Siddika Purabi,Gynaecology & Obstetrics,"MBBS, FCPS, MS",Gynecologist,Dhaka Medical College Hospital,Dhaka,N/A,https://doctor.bd/doctor/dr-ayesha-siddika-purabi-gynaecology-obstetrics-dhaka
Dr. Ayesha Siddiqua,Dermatology,"MBBS, DDV, FCPS",Professor & Head,Delta Medical College & Hospital,Dhaka,N/A,https://doctor.bd/doctor/dr-ayesha-siddiqua-dermatology-dhaka
Dr. Ayesha Siddiqua,Medicine,"MBBS, MRCP, MACP, FCPS",Consultant,"Bangladesh Specialized Hospital, Dhaka",Dhaka,N/A,https://doctor.bd/doctor/dr-ayesha-siddiqua-medicine-dhaka
Dr. Ayinur Nahar Hamid,Gynaecology & Obstetrics,"MBBS, FCPS, MCPS",Assistant Professor,Chattogram Medical College Hospital,Chattogram,N/A,https://doctor.bd/doctor/dr-ayinur-nahar-hamid-gynaecology-obstetrics-chattogram
Dr. AYM Shahidullah,Cardiac Surgery,"MBBS, MS",Associate Professor,Khulna City Medical College Hospital,Khulna,N/A,https://doctor.bd/doctor/dr-aym-shahidullah-cardiac-surgery-khulna
Dr. Aynal Haque Shakil,Neurology,"MBBS, BCS, MD",Consultant,Dhaka Medical College Hospital,Dhaka,N/A,https://doctor.bd/doctor/dr-aynal-haque-shakil-neurology-dhaka
Dr. Ayon Kumar,Cardiology,"MBBS, MD, DNB",Consultant,Chattogram Metropolitan Hospital,Chattogram,N/A,https://doctor.bd/doctor/dr-ayon-kumar-cardiology-chattogram
Dr. Aysha Siddika,Dentistry,BDS,Dentist,Tech Dental,Dhaka,8+ Years,https://doctor.bd/doctor/dr-aysha-siddika-dentistry-dhaka
Dr. Azfar Bin Anis,Hepatobiliary Surgery,"MBBS, BCS, MRCS, MS",Surgeon,Bangladesh Medical University,Dhaka,N/A,https://doctor.bd/doctor/dr-azfar-bin-anis-hepatobiliary-surgery-dhaka
Dr. Azfar Hossain Bhuiyan,Cardiology,"MBBS, D-CARD, MD, FSCAI",Consultant,Baridhara General Hospital,Dhaka,N/A,https://doctor.bd/doctor/dr-azfar-hossain-bhuiyan-cardiology-dhaka
Dr. Azfar Uddin Shaikh,Urology,"MBBS, MS, MD",Senior Consultant,"Central Hospital, Dhanmondi",Dhaka,N/A,https://doctor.bd/doctor/dr-azfar-uddin-shaikh-urology-dhaka
Dr. Azharul Islam (PT),Physiotherapy,BPT,Senior Consultant,"Mayfair Wellness Clinic, Gulshan",Dhaka,N/A,https://doctor.bd/doctor/dr-azharul-islam-pt-physiotherapy-dhaka
Dr. Azimun Nessa (Sheyuli),Medicine,"MBBS, FCPS, MACP",Registrar,BIRDEM General Hospital,Dhaka,N/A,https://doctor.bd/doctor/dr-azimun-nessa-sheyuli-medicine-dhaka
Dr. Aziza Parveen,Homeopathy,BHMS,Doctor,Government Homeopathic Medical College & Hospital,Dhaka,N/A,https://doctor.bd/doctor/dr-aziza-parveen-homeopathy-dhaka
Dr. Azizul Haque,Orthopedics,"MBBS, MS",Senior Consultant,National Institute of Traumatology and Orthopaedic Rehabilitation (NITOR),Dhaka,N/A,https://doctor.bd/doctor/dr-azizul-haque-orthopedics-dhaka
Dr. Azizul Kabir,Ophthalmology,"MBBS, DO, FCS",Senior Consultant,Al Haramain Hospital Private,Sylhet,N/A,https://doctor.bd/doctor/dr-azizul-kabir-ophthalmology-sylhet
Dr. Azizur Rahman Majumder,Cardiology,"MBBS, MD",Consultant,Chattogram Medical College Hospital,Chattogram,N/A,https://doctor.bd/doctor/dr-azizur-rahman-majumder-cardiology-chattogram
Dr. AZM Selimullah,Orthopedics,"MBBS, MS",Doctor,Bangladesh Medical University,Dhaka,N/A,https://doctor.bd/doctor/dr-azm-selimullah-orthopedics-dhaka
Dr. Azmery Saima,Pediatrics,"MBBS, BCS, MD",Resident Physician,Shaheed Suhrawardy Medical College Hospital,Dhaka,10+ Years,https://doctor.bd/doctor/dr-azmery-saima-pediatrics-dhaka
Dr. Azmiree Binte Aslam,Dermatology,"MBBS, DDV, MCPS, FCPS",Assistant Professor,Dr. Sirajul Islam Medical College & Hospital,Narayanganj,N/A,https://doctor.bd/doctor/dr-azmiree-binte-aslam-dermatology-narayanganj
Dr. B. M. Nazrul Islam,Endocrinology,"MBBS, FCPS, CCD",Diabetes Specialist,Bangladesh Medical University,Dhaka,N/A,https://doctor.bd/doctor/dr-b-m-nazrul-islam-endocrinology-dhaka
Dr. B.C. Biswas Bidhan,Pediatrics,"MBBS, DCH, MD",Assistant Professor,Sher-e-bangla Medical College Hospital,Barishal,N/A,https://doctor.bd/doctor/dr-bc-biswas-bidhan-pediatrics-barishal
Dr. B.U.M. Wahid Ahmed,Medicine,"MBBS, BCS, FCPS",Assistant Professor,Dhaka Medical College Hospital,Dhaka,N/A,https://doctor.bd/doctor/dr-bum-wahid-ahmed-medicine-dhaka
Dr. Bablu Kumar Paul,Nephrology,"MBBS, BCS, MD",Professor & Head,Cumilla Medical College Hospital,Cumilla,N/A,https://doctor.bd/doctor/dr-bablu-kumar-paul-nephrology-cumilla
Dr. Bablu Kumar Saha,Pediatric Surgery,"MBBS, MS, FACS",Associate Professor,Rangpur Medical College Hospital,Rangpur,N/A,https://doctor.bd/doctor/dr-bablu-kumar-saha-pediatric-surgery-rangpur
Dr. Bakhtiar Ahmed,General Surgery,"MBBS, MPH, FCPS",Resident Surgeon,BIRDEM General Hospital,Dhaka,N/A,https://doctor.bd/doctor/dr-bakhtiar-ahmed-general-surgery-dhaka
Dr. Balaram Paul,General Surgery,"MBBS, FCPS",Consultant,Chattogram Medical College Hospital,Chattogram,14+ Years,https://doctor.bd/doctor/dr-balaram-paul-general-surgery-chattogram
Dr. Banita Biswas,Gynaecology & Obstetrics,"MBBS, BCS, DGO, MS",Gynecologist,Chattogram Medical College Hospital,Chattogram,N/A,https://doctor.bd/doctor/dr-banita-biswas-gynaecology-obstetrics-chattogram
Dr. Bappa Raj Dutta,Orthopedics,"MBBS, BCS, D-ORTHO",Consultant,Khulna Medical College Hospital,Khulna,N/A,https://doctor.bd/doctor/dr-bappa-raj-dutta-orthopedics-khulna
Dr. Barnali Barua,Dermatology,"MBBS, MD",Assistant Professor,Chattogram Medical College Hospital,Chattogram,N/A,https://doctor.bd/doctor/dr-barnali-barua-dermatology-chattogram
Dr. Bashudeb Kumar Saha,ENT,"MBBS, MS",Consultant,Central Police Hospital,Dhaka,N/A,https://doctor.bd/doctor/dr-bashudeb-kumar-saha-ent-dhaka
Dr. Basil Anwar,Ophthalmology,"MBBS, MPH, MCPS, FCPS",Consultant,"Bangladesh Eye Hospital, Zigatola",Dhaka,N/A,https://doctor.bd/doctor/dr-basil-anwar-ophthalmology-dhaka
Dr. Beauty Paul Nandy,Gynaecology & Obstetrics,"MBBS, DGO, MCPS",Senior Consultant,"Jemison Red Crescent Maternity Hospital, Chattogram",Chattogram,N/A,https://doctor.bd/doctor/dr-beauty-paul-nandy-gynaecology-obstetrics-chattogram
Dr. Beauty Saha,Oncology,"MBBS, DMU, MD",Registrar,Mymensingh Medical College Hospital,Mymensingh,N/A,https://doctor.bd/doctor/dr-beauty-saha-oncology-mymensingh
Dr. Beena Sarker,Nephrology,"MBBS, MD, FCPS",Consultant,"National Institute of Burn and Plastic Surgery, Dhaka",Dhaka,N/A,https://doctor.bd/doctor/dr-beena-sarker-nephrology-dhaka
Dr. Begum Mushaheda Annur Renu,Gynaecology & Obstetrics,"MBBS, BCS, FCPS",Assistant Professor,Mymensingh Medical College Hospital,Mymensingh,N/A,https://doctor.bd/doctor/dr-begum-mushaheda-annur-renu-gynaecology-obstetrics-mymensingh
Dr. Begum Rahila Akhtar,Pediatrics,"MBBS, DCH",Senior Consultant,Ad-Din Medical College & Hospital,Dhaka,N/A,https://doctor.bd/doctor/dr-begum-rahila-akhtar-pediatrics-dhaka
Dr. Begum Shamsun Nahar Kana,Gynaecology & Obstetrics,"MBBS, FCPS, DMU",Consultant,"Impulse Hospital, Dhaka",Dhaka,N/A,https://doctor.bd/doctor/dr-begum-shamsun-nahar-kana-gynaecology-obstetrics-dhaka
Dr. Belal Hossain,Neurology,"MBBS, MD",Assistant Professor,Chattogram Medical College Hospital,Chattogram,N/A,https://doctor.bd/doctor/dr-belal-hossain-neurology-chattogram
Dr. Belayet Hossain,Orthopedics,"MBBS, MS",Assistant Professor,Mymensingh Medical College Hospital,Mymensingh,N/A,https://doctor.bd/doctor/dr-belayet-hossain-orthopedics-mymensingh
Dr. Benozir Haque Panna,Gynaecology & Obstetrics,"MBBS, DGO, FCPS",Associate Professor,Popular Medical College & Hospital,Dhaka,N/A,https://doctor.bd/doctor/dr-benozir-haque-panna-gynaecology-obstetrics-dhaka
Dr. Benzir Ahmed,Endocrinology,"MBBS, MBA, CCD, MRSH",Consultant,National HealthCare Network,Dhaka,N/A,https://doctor.bd/doctor/dr-benzir-ahmed-endocrinology-dhaka
Dr. Bhabesh Chandra Mondal,Anesthesiology,"MBBS, DA, FCPS",Consultant,"Square Hospital, Dhaka",Dhaka,N/A,https://doctor.bd/doctor/dr-bhabesh-chandra-mondal-anesthesiology-dhaka
Dr. Bhaskar Chakraborty,Oncology,"MBBS, FCPS",Consultant,Ahsania Mission Cancer and General Hospital,Chattogram,N/A,https://doctor.bd/doctor/dr-bhaskar-chakraborty-oncology-chattogram
Dr. Bibhuti Bhusan Nath,Pediatrics,"MBBS, FCPS, MRCP",Assistant Professor,"Bangabandhu Memorial Hospital, USTC, Chattogram",Chattogram,N/A,https://doctor.bd/doctor/dr-bibhuti-bhusan-nath-pediatrics-chattogram
Dr. Bibi Fatema Jedney,Pediatrics,"MBBS, FCPS, MCPS",Assistant Professor,Chattogram Maa-O-Shishu Hospital Medical College,Chattogram,N/A,https://doctor.bd/doctor/dr-bibi-fatema-jedney-pediatrics-chattogram
Dr. Bicithra Kumar Dey,ENT,"MBBS, FCPS",Consultant,Sylhet MAG Osmani Medical College Hospital,Sylhet,N/A,https://doctor.bd/doctor/dr-bicithra-kumar-dey-ent-sylhet
Dr. Bidhan Chandra Poddar,Pediatrics,"MBBS, BCS, DCH, PGPN",Assistant Professor,Cumilla Medical College Hospital,Cumilla,N/A,https://doctor.bd/doctor/dr-bidhan-chandra-poddar-pediatrics-cumilla
Dr. Bidhan Kumar Pramanik,Pediatrics,"MBBS, BCS, MD",Junior Consultant,Durgapur Upazila Health Complex,Rajshahi,N/A,https://doctor.bd/doctor/dr-bidhan-kumar-pramanik-pediatrics-rajshahi
Dr. Bidyut Chandra Debnath,General Surgery,"MBBS, FCPS",Associate Professor,Bangladesh Medical University,Dhaka,N/A,https://doctor.bd/doctor/dr-bidyut-chandra-debnath-general-surgery-dhaka
Dr. Bijan Kumar Nath,General Surgery,"MBBS, FCPS",Senior Consultant,"General Hospital, Chattogram",Chattogram,N/A,https://doctor.bd/doctor/dr-bijan-kumar-nath-general-surgery-chattogram
Dr. Bijon Kumar Saha,Orthopedics,"MBBS, D-ORTHO",Assistant Professor,Uttara Adhunik Medical College Hospital,Dhaka,N/A,https://doctor.bd/doctor/dr-bijon-kumar-saha-orthopedics-dhaka
Dr. Bijoy Chandra Das,Dentistry,"BDS, BCS, FICD, PGT",Consultant,Narayanganj 300 Bed Hospital,Narayanganj,N/A,https://doctor.bd/doctor/dr-bijoy-chandra-das-dentistry-narayanganj
Dr. Bijoy Dutta,Cardiology,"MBBS, MD, FSCAI",Consultant,"Square Hospital, Dhaka",Dhaka,18+ Years,https://doctor.bd/doctor/dr-bijoy-dutta-cardiology-dhaka
Dr. Bijoy Pada Gope,Respiratory Medicine,"MBBS, BCS, MD",Assistant Professor,Sylhet MAG Osmani Medical College Hospital,Sylhet,N/A,https://doctor.bd/doctor/dr-bijoy-pada-gope-respiratory-medicine-sylhet
Dr. Bikash Shikder,Neurology,"MBBS, BCS, MD",Consultant,Sylhet MAG Osmani Medical College Hospital,Sylhet,N/A,https://doctor.bd/doctor/dr-bikash-shikder-neurology-sylhet
Dr. Bilash Ranjan Das,Medicine,"MBBS, BCS, FCPS, MD, MACP",Assistant Professor,Mymensingh Medical College Hospital,Mymensingh,N/A,https://doctor.bd/doctor/dr-bilash-ranjan-das-medicine-mymensingh
Dr. Bilkis Akthar,Orthopedics,"MBBS, MS",Assistant Registrar,Chattogram Maa-Shishu O General Hospital,Chattogram,N/A,https://doctor.bd/doctor/dr-bilkis-akthar-orthopedics-chattogram
Dr. Bilkis Begum Chowdhury,Gynaecology & Obstetrics,"MBBS, FCPS, DGO",Gynecologist,Kumudini Women's Medical College & Hospital,Dhaka,N/A,https://doctor.bd/doctor/dr-bilkis-begum-chowdhury-gynaecology-obstetrics-dhaka
Dr. Bilkis Fatema,Gynaecology & Obstetrics,"MBBS, BCS, DGO, MCPS",Assistant Professor,Rangamati Medical College Hospital,Rangamati,N/A,https://doctor.bd/doctor/dr-bilkis-fatema-gynaecology-obstetrics-rangamati
Dr. Bilkis Fatema,Colorectal Surgery,"MBBS, BCS, MCPS, FCPS, MS",Assistant Professor,Dhaka Medical College Hospital,Dhaka,N/A,https://doctor.bd/doctor/dr-bilkis-fatema-colorectal-surgery-dhaka
Dr. Bilkis Ferdous,Gynaecology & Obstetrics,"MBBS, DGO, FCPS",Gynecologist,Bangladesh Medical University,Dhaka,N/A,https://doctor.bd/doctor/dr-bilkis-ferdous-gynaecology-obstetrics-dhaka
Dr. Bilkis Sultana,Medicine,"MBBS, MD",Consultant,Al Haramain Hospital Private,Sylhet,N/A,https://doctor.bd/doctor/dr-bilkis-sultana-medicine-sylhet
Dr. Bimal Chandra Shil,Hepatology,"MBBS, FCPS, MEd, MD",Doctor,Sir Salimullah Medical College Mitford Hospital,Dhaka,N/A,https://doctor.bd/doctor/dr-bimal-chandra-shil-hepatology-dhaka
Dr. Binimoy Baran Roy,Orthopedics,"MBBS, D-ORTHO, MPH",Consultant,Chattogram Medical College Hospital,Chattogram,22+ Years,https://doctor.bd/doctor/dr-binimoy-baran-roy-orthopedics-chattogram
Dr. Binita Sarker,Gynaecology & Obstetrics,"MBBS, MCPS, FCPS",Medical Officer,"250 Bed General Hospital, Kishoreganj",Kishoreganj,N/A,https://doctor.bd/doctor/dr-binita-sarker-gynaecology-obstetrics-kishoreganj
Dr. Binoy Kirshna Goldar,Gynaecology & Obstetrics,"MBBS, DMAS, FMAS, MRCOG",Assistant Professor,Patuakhali Medical College Hospital,Patuakhali,N/A,https://doctor.bd/doctor/dr-binoy-kirshna-goldar-gynaecology-obstetrics-patuakhali
Dr. Binoy Krishna Tarafder,Medicine,"MBBS, FCPS",Associate Professor,Dhaka Medical College Hospital,Dhaka,N/A,https://doctor.bd/doctor/dr-binoy-krishna-tarafder-medicine-dhaka
Dr. Biplab Bhattacharjee,Cardiology,"MBBS, D-CARD, MD",Cardiologist,Chattogram Medical College Hospital,Chattogram,N/A,https://doctor.bd/doctor/dr-biplab-bhattacharjee-cardiology-chattogram
Dr. Biplab Biswas,General Surgery,"MBBS, BCS, FCPS, FMAS",Consultant,Khulna Medical College Hospital,Khulna,N/A,https://doctor.bd/doctor/dr-biplab-biswas-general-surgery-khulna
Dr. Biplab Mozumder,Pediatrics,"MBBS, BCS, D-ORTHO, MS",Assistant Professor,National Institute of Traumatology and Orthopaedic Rehabilitation (NITOR),Dhaka,N/A,https://doctor.bd/doctor/dr-biplab-mozumder-pediatrics-dhaka
Dr. Biplob Chandra Sarker,Medicine,"MBBS, BCS, MD, CCD, FRSPH",Consultant,Rangpur Medical College Hospital,Rangpur,5+ Years,https://doctor.bd/doctor/dr-biplob-chandra-sarker-medicine-rangpur
Dr. Biplob Kumar Barman,General Surgery,"MBBS, BCS, FCPS",Consultant,Cumilla Medical College Hospital,Cumilla,N/A,https://doctor.bd/doctor/dr-biplob-kumar-barman-general-surgery-cumilla
Dr. Biplob Kumar Barua,Nephrology,"MBBS, MD",Registrar,Chattogram Medical College Hospital,Chattogram,N/A,https://doctor.bd/doctor/dr-biplob-kumar-barua-nephrology-chattogram
Dr. Biplob Kumar Das,Neurology,"MBBS, BCS, MD",Associate Professor,Khulna Medical College Hospital,Khulna,N/A,https://doctor.bd/doctor/dr-biplob-kumar-das-neurology-khulna
Dr. Biplob Kumar Das,Dermatology,"MBBS, DDV",Associate Professor,Sher-e-bangla Medical College Hospital,Barishal,N/A,https://doctor.bd/doctor/dr-biplob-kumar-das-dermatology-barishal
Dr. Biplob Kumar Saha,Hepatology,"MBBS, BCS, MD",Associate Professor,Pabna Medical College Hospital,Pabna,N/A,https://doctor.bd/doctor/dr-biplob-kumar-saha-hepatology-pabna
Dr. Biplob Kumar Saha,Pediatrics,"MBBS, BCS, FCPS, MD",Assistant Professor,Mymensingh Medical College Hospital,Mymensingh,N/A,https://doctor.bd/doctor/dr-biplob-kumar-saha-pediatrics-mymensingh
Dr. Bipul Chandra Ghosh,Orthopedics,"MBBS, D-ORTHO",Resident Surgeon,Sylhet MAG Osmani Medical College Hospital,Sylhet,N/A,https://doctor.bd/doctor/dr-bipul-chandra-ghosh-orthopedics-sylhet
Dr. Bipul Kumar Saha,General Surgery,"MBBS, BCS, MS, CMU",Consultant,Rangpur Medical College Hospital,Rangpur,N/A,https://doctor.bd/doctor/dr-bipul-kumar-saha-general-surgery-rangpur
Dr. Bipul Kumer Sarker,Ophthalmology,"MBBS, MRCS, FRCS, FICO, FCPS",Associate Professor,Ispahani Islamia Eye Institute & Hospital,Dhaka,N/A,https://doctor.bd/doctor/dr-bipul-kumer-sarker-ophthalmology-dhaka
Dr. Birendra Nath Saha,Gastroenterology,"MBBS, BCS, MD",Assistant Professor,Shaheed Tajuddin Ahmad Medical College & Hospital,Dhaka,N/A,https://doctor.bd/doctor/dr-birendra-nath-saha-gastroenterology-dhaka
Dr. Bishnu Pada Das,Podiatry,"MBBS, D-ORTHO, MRCpod",Consultant,New Lab Aid Diagnostic Center & Hospital,Brahmanbaria,N/A,https://doctor.bd/doctor/dr-bishnu-pada-das-podiatry-brahmanbaria
Dr. Bishnu Pada Saha,Cardiology,"MBBS, BCS, MD, CCD, FCPS",Chief Consultant,Shaheed Shaikh Abu-Naser Specialized Hospital,Khulna,N/A,https://doctor.bd/doctor/dr-bishnu-pada-saha-cardiology-khulna
Dr. Bishojit Mondal,Cardiology,"MBBS, BCS, MD, FCPS",Registrar,Khulna Medical College Hospital,Khulna,N/A,https://doctor.bd/doctor/dr-bishojit-mondal-cardiology-khulna
Dr. Biswajit Bhattacharjee,Oncology,"MBBS, MPhil",Senior Consultant,Evercare Hospital Dhaka,Dhaka,N/A,https://doctor.bd/doctor/dr-biswajit-bhattacharjee-oncology-dhaka
Dr. Biswajit Chowdhury,Pediatrics,"MBBS, BCS, MD",Assistant Professor,Mymensingh Medical College Hospital,Mymensingh,N/A,https://doctor.bd/doctor/dr-biswajit-chowdhury-pediatrics-mymensingh
Dr. Biswajit Kumar Biswas,Respiratory Medicine,"MBBS, BCS, MD",Consultant,National Institute of Diseases of the Chest & Hospital (NIDCH),Dhaka,N/A,https://doctor.bd/doctor/dr-biswajit-kumar-biswas-respiratory-medicine-dhaka
Dr. Biswajit Mondal (Shovon),Neurology,"MBBS, BCS, FCPS, MD",Consultant,Khulna Medical College Hospital,Khulna,N/A,https://doctor.bd/doctor/dr-biswajit-mondal-shovon-neurology-khulna
Dr. Biswanath Mondal,Orthopedics,"MBBS, BCS, MS",Consultant,Khulna Medical College Hospital,Khulna,N/A,https://doctor.bd/doctor/dr-biswanath-mondal-orthopedics-khulna
Dr. Bithi Debnath,Pediatrics,"MBBS, BCS, FCPS",Assistant Professor,National Institute of Neurosciences & Hospital,Dhaka,N/A,https://doctor.bd/doctor/dr-bithi-debnath-pediatrics-dhaka
Dr. Bodhrun Naher,Pediatrics,"MBBS, MCPS, FCPS",Child Specialist,"Mugda Medical College Hospital, Dhaka",Dhaka,N/A,https://doctor.bd/doctor/dr-bodhrun-naher-pediatrics-dhaka
Dr. Borhan Uddin Ahmad,Medicine,"MBBS, MRCP",Senior Consultant,Evercare Hospital Dhaka,Dhaka,N/A,https://doctor.bd/doctor/dr-borhan-uddin-ahmad-medicine-dhaka
Dr. Borhanuddin Ahmed,Cardiology,"MBBS, BCS, D-CARD, FCCP, FACC",Associate Professor,Cumilla Medical College Hospital,Cumilla,N/A,https://doctor.bd/doctor/dr-borhanuddin-ahmed-cardiology-cumilla
Dr. Borna,Ophthalmology,"MBBS, BCS, DO, MCPS",Associate Professor,Sher-e-bangla Medical College Hospital,Barishal,N/A,https://doctor.bd/doctor/dr-borna-ophthalmology-barishal
Dr. Brig. Gen. Md. Nazmul Ahsan,Anesthesiology,"MBBS, MD",Senior Consultant,"United Hospital, Dhaka",Dhaka,N/A,https://doctor.bd/doctor/dr-brig-gen-md-nazmul-ahsan-anesthesiology-dhaka
Dr. C M Mosabber Rahman,Cardiac Surgery,"MBBS, BCS, MS",Junior Consultant,Dhaka Medical College Hospital,Dhaka,N/A,https://doctor.bd/doctor/dr-c-m-mosabber-rahman-cardiac-surgery-dhaka
Dr. C. M. Shamim Kabir,Medicine,"MBBS, MD, MPH, CCVD, CCD",Consultant,"Labaid Diagnostic, Uttara",Dhaka,N/A,https://doctor.bd/doctor/dr-c-m-shamim-kabir-medicine-dhaka
Dr. C.M. Kudrat E Khuda,Cardiology,"MBBS, MD",Assistant Professor,National Institute of Cardiovascular Disease (NICVD),Dhaka,N/A,https://doctor.bd/doctor/dr-cm-kudrat-e-khuda-cardiology-dhaka
Dr. Capt. M. Asaduzzaman,ENT,"MBBS, FCPS, MCPS, DLO",Professor & Head,Shaheed Monsur Ali Medical College Hospital,Dhaka,N/A,https://doctor.bd/doctor/dr-capt-m-asaduzzaman-ent-dhaka
Dr. Captain Sarwar Jahan Faiz,Medicine,"MBBS, FCGP, FMD","Armed Forces Medical College, Dhaka","Armed Forces Medical College, Dhaka",Pabna,N/A,https://doctor.bd/doctor/dr-captain-sarwar-jahan-faiz-medicine-pabna
Dr. Captain Zubair Mahmud,Medicine,"MBBS, FCGP, MPH, CCD",Medical Officer,Sibl Foundation Hospital & Diagnostic Centre,Dhaka,N/A,https://doctor.bd/doctor/dr-captain-zubair-mahmud-medicine-dhaka
Dr. Captain. Md. Saiful Islam Saif,Orthopedics,"MBBS, MS, D-ORTHO",Assistant Professor,Holy Family Red Crescent Medical College Hospital,Dhaka,N/A,https://doctor.bd/doctor/dr-captain-md-saiful-islam-saif-orthopedics-dhaka
Dr. Chaiti Chameli Paul,Dermatology,"MBBS, BCS, DDV",Dermatologist & Venereologist,"250 Bedded General Hospital, Dinajpur",Dinajpur,N/A,https://doctor.bd/doctor/dr-chaiti-chameli-paul-dermatology-dinajpur
Dr. Chaity Barua,Pediatrics,"MBBS, BCS, MD, FCPS",Assistant Professor,Bangladesh Medical University,Dhaka,N/A,https://doctor.bd/doctor/dr-chaity-barua-pediatrics-dhaka
Dr. Chanchal Kumar Devnath,Anesthesiology,"MBBS, DA, FCPS",Consultant,"BRB Hospital, Dhaka",Dhaka,N/A,https://doctor.bd/doctor/dr-chanchal-kumar-devnath-anesthesiology-dhaka
Dr. Chandan Kumar Saha,Orthopedics,"MBBS, BCS, D-ORTHO",Consultant,Shaheed Shaikh Abu-Naser Specialized Hospital,Khulna,N/A,https://doctor.bd/doctor/dr-chandan-kumar-saha-orthopedics-khulna
Dr. Chandan Pal,Dentistry,"BDS, BCS, MS",Assistant Professor,Kushtia Medical College Hospital,Kushtia,N/A,https://doctor.bd/doctor/dr-chandan-pal-dentistry-kushtia
Dr. Chandana Rani Debnath,Gynaecology & Obstetrics,"MBBS, FCPS",Consultant,Dhaka Medical College Hospital,Dhaka,N/A,https://doctor.bd/doctor/dr-chandana-rani-debnath-gynaecology-obstetrics-dhaka
Dr. Chandana Sultana,Ophthalmology,"MBBS, DO, MD, FCPS",Assistant Professor,Ispahani Islamia Eye Institute & Hospital,Dhaka,N/A,https://doctor.bd/doctor/dr-chandana-sultana-ophthalmology-dhaka
Dr. Chandra Shekhar Bala,Neurology,"MBBS, FCPS, MD",Assistant Professor,Sir Salimullah Medical College Mitford Hospital,Dhaka,N/A,https://doctor.bd/doctor/dr-chandra-shekhar-bala-neurology-dhaka
Dr. Chaya Bhattacharjee,Psychology,"MSc, MPhil, PhD",Consultant,"Labaid Specialized Hospital, Dhanmondi",Dhaka,N/A,https://doctor.bd/doctor/dr-chaya-bhattacharjee-psychology-dhaka
Dr. Chayan Singha,Cardiology,"MBBS, FCPS, MD, MACP",Cardiologist,Bangladesh Medical University,Dhaka,N/A,https://doctor.bd/doctor/dr-chayan-singha-cardiology-dhaka
Dr. Chhanda Majumder,Gynaecology & Obstetrics,"MBBS, FCPS, CCD",Consultant,Popular Medical College & Hospital,Dhaka,N/A,https://doctor.bd/doctor/dr-chhanda-majumder-gynaecology-obstetrics-dhaka
Dr. Chinmoy Kumar Saha,Medicine,"MBBS, BCS, FCPS",Associate Professor,Cumilla Medical College Hospital,Cumilla,N/A,https://doctor.bd/doctor/dr-chinmoy-kumar-saha-medicine-cumilla
Dr. Chinmoy Saha,Gastroenterology,"MBBS, BCS, MD, CCD",Medical Gastroenterologist,"National Gastroliver Institute and Hospital, Dhaka",Dhaka,14+ Years,https://doctor.bd/doctor/dr-chinmoy-saha-gastroenterology-dhaka
Dr. Chirangib Singha,ENT,"MBBS, BCS, MS",Registrar,Sher-e-bangla Medical College Hospital,Barishal,N/A,https://doctor.bd/doctor/dr-chirangib-singha-ent-barishal
Dr. Chiranjeeb Biswas,Psychiatry,MBBS,Doctor,Medical College for Women & Hospital,Dhaka,N/A,https://doctor.bd/doctor/dr-chiranjeeb-biswas-psychiatry-dhaka
Dr. Chitta Ranjan Das,General Surgery,"MBBS, MS",Surgeon,Bangladesh Medical University,Dhaka,N/A,https://doctor.bd/doctor/dr-chitta-ranjan-das-general-surgery-dhaka
Dr. Chitta Ranjan Paul,Respiratory Medicine,"MBBS, BCS, MD, MACP",Consultant,"Chest Disease Hospital, Rajshahi",Rajshahi,N/A,https://doctor.bd/doctor/dr-chitta-ranjan-paul-respiratory-medicine-rajshahi
Dr. Choudhury Faisal Md. Manzurur Rahim,Endocrinology,"MD, MACP, MBBS",Consultant,Bangladesh Medical University,Dhaka,N/A,https://doctor.bd/doctor/dr-choudhury-faisal-md-manzurur-rahim-endocrinology-dhaka
Dr. Choudhury Gulshan Ara Kamal (Lipa),Cardiology,"MBBS, BCS, MD",Consultant,Sylhet MAG Osmani Medical College Hospital,Sylhet,N/A,https://doctor.bd/doctor/dr-choudhury-gulshan-ara-kamal-lipa-cardiology-sylhet
Dr. Choudhury Md. Anwar Sadat,General Surgery,"MBBS, MS",Associate Professor,Parkview Medical College Hospital,Sylhet,N/A,https://doctor.bd/doctor/dr-choudhury-md-anwar-sadat-general-surgery-sylhet
Dr. Choudhury Taslima Nasrin,Gynaecology & Obstetrics,"MBBS, BCS, FCPS",Senior Consultant,Dhaka Medical College Hospital,Dhaka,N/A,https://doctor.bd/doctor/dr-choudhury-taslima-nasrin-gynaecology-obstetrics-dhaka
Dr. Chowdhury Adnan Sami,Medicine,"MBBS, MD, MRCP",Assistant Professor,Dhaka Community Medical College,Dhaka,11+ Years,https://doctor.bd/doctor/dr-chowdhury-adnan-sami-medicine-dhaka
Dr. Chowdhury Farhana Tinnee,Dermatology,"MBBS, MD",Consultant,Chattogram Medical College Hospital,Chattogram,N/A,https://doctor.bd/doctor/dr-chowdhury-farhana-tinnee-dermatology-chattogram
Dr. Chowdhury Foyzur Rob Zubayer,Orthopedics,"MBBS, MS",Senior Consultant,North East Medical College Hospital,Sylhet,N/A,https://doctor.bd/doctor/dr-chowdhury-foyzur-rob-zubayer-orthopedics-sylhet
Dr. Chowdhury Iqbal Mahmud,Orthopedics,"MBBS, FRCS, MCh, FACS, FICS, FRSM, CCD",Assistant Professor,Bangladesh Medical University,Dhaka,N/A,https://doctor.bd/doctor/dr-chowdhury-iqbal-mahmud-orthopedics-dhaka
Dr. Chowdhury Jabir Hossain,Physical Medicine & Rehabilitation,"MBBS, CCD, MD",Consultant,Sylhet MAG Osmani Medical College Hospital,Sylhet,N/A,https://doctor.bd/doctor/dr-chowdhury-jabir-hossain-physical-medicine-rehabilitation-sylhet
Dr. Chowdhury Md. Omar Faruque,Cardiology,"MBBS, BCS, MD, FCPS",Assistant Professor,Sylhet MAG Osmani Medical College Hospital,Sylhet,N/A,https://doctor.bd/doctor/dr-chowdhury-md-omar-faruque-cardiology-sylhet
Dr. Chowdhury Sazzad Hyder,Colorectal Surgery,"MBBS, BCS, FCPS, MS",Assistant Professor,Shaheed Suhrawardy Medical College Hospital,Dhaka,N/A,https://doctor.bd/doctor/dr-chowdhury-sazzad-hyder-colorectal-surgery-dhaka
Dr. Chowdhury Shamima Sultana,Gynaecology & Obstetrics,"MBBS, FCPS",Assistant Professor,National Institute of Cancer Research and Hospital (NICR&H),Dhaka,N/A,https://doctor.bd/doctor/dr-chowdhury-shamima-sultana-gynaecology-obstetrics-dhaka
Dr. Col. Mohammad Monirul Islam,Psychiatry,"MBBS, MACP, MRSH, FCPS",Head of the Department,Combined Military Hospital Dhaka,Dhaka,N/A,https://doctor.bd/doctor/dr-col-mohammad-monirul-islam-psychiatry-dhaka
Dr. D. A. Rashid,Endocrinology,"MBBS, MCPS, MD",Associate Professor,Rajshahi Medical College Hospital,Rajshahi,N/A,https://doctor.bd/doctor/dr-d-a-rashid-endocrinology-rajshahi
Dr. D.M. Sazzad Hossain,Medicine,"MBBS, BCS, FCPS",Consultant,Bangladesh Medical University,Dhaka,N/A,https://doctor.bd/doctor/dr-dm-sazzad-hossain-medicine-dhaka
Dr. D.M. Shahinuzzaman,Gastroenterology,"MBBS, BCS, MD",Consultant,Rajshahi Medical College Hospital,Rajshahi,N/A,https://doctor.bd/doctor/dr-dm-shahinuzzaman-gastroenterology-rajshahi
Dr. Dabashish Patowary,Oncology,MBBS,Associate Professor,North East Medical College Hospital,Sylhet,N/A,https://doctor.bd/doctor/dr-dabashish-patowary-oncology-sylhet
Dr. Dalia Akhter,Gynaecology & Obstetrics,"MBBS, FCPS",Assistant Professor,Khulna Medical College Hospital,Khulna,N/A,https://doctor.bd/doctor/dr-dalia-akhter-gynaecology-obstetrics-khulna
Dr. Dalia Rahman,Gynaecology & Obstetrics,"MBBS, DGO, FCPS, MCPS, MRCOG",Assistant Professor,Dhaka Medical College Hospital,Dhaka,N/A,https://doctor.bd/doctor/dr-dalia-rahman-gynaecology-obstetrics-dhaka
Dr. Dalia Sultana,Endocrinology,"MBBS, MD, CCD",Assistant Professor,Sir Salimullah Medical College Mitford Hospital,Dhaka,N/A,https://doctor.bd/doctor/dr-dalia-sultana-endocrinology-dhaka
Dr. Daud Hossain,Anesthesiology,"MBBS, DA",Consultant,"Fortis Escorts Heart Institute, Khulna",Khulna,N/A,https://doctor.bd/doctor/dr-daud-hossain-anesthesiology-khulna
Dr. Debabrata Das,Medicine,"MBBS, BCS, MCPS, MD",Consultant,Gazaria Upazila Health Complex,Munshiganj,N/A,https://doctor.bd/doctor/dr-debabrata-das-medicine-munshiganj
Dr. Debabrata Halder,Cardiology,"MBBS, BCS, MD, MACP, MPH, PGD-DM, CCD, FESC",Consultant,National Institute of Cardiovascular Disease (NICVD),Dhaka,N/A,https://doctor.bd/doctor/dr-debabrata-halder-cardiology-dhaka
Dr. Debashis Basu,ENT,"MBBS, BCS, DLO, MS",Assistant Professor,Sylhet MAG Osmani Medical College Hospital,Sylhet,N/A,https://doctor.bd/doctor/dr-debashis-basu-ent-sylhet
Dr. Debashis Chakraborty,Pediatric Surgery,"MBBS, MS",Assistant Professor,Eastern Medical College Hospital,Cumilla,N/A,https://doctor.bd/doctor/dr-debashis-chakraborty-pediatric-surgery-cumilla
Dr. Debashis Kumar Gupta,Respiratory Medicine,"MBBS, BCS, MCPS, MD",Professor & Head,"Shaheed Ziaur Rahman Medical College Hospital, Bogura",Bogura,N/A,https://doctor.bd/doctor/dr-debashis-kumar-gupta-respiratory-medicine-bogura
Dr. Debashis Majumder,Medicine,"MBBS, MD, FCPS",Assistant Professor,Durgapur Upazila Health Complex,Rajshahi,N/A,https://doctor.bd/doctor/dr-debashis-majumder-medicine-rajshahi
Dr. Debashis Paul,General Surgery,"MBBS, FCPS, FMAS",Assistant Professor,Kushtia Medical College Hospital,Kushtia,N/A,https://doctor.bd/doctor/dr-debashis-paul-general-surgery-kushtia
Dr. Debashis Roy,Medicine,"MBBS, BCS, MRCP, MACP, FCPS",Consultant,"Mugda Medical College Hospital, Dhaka",Dhaka,N/A,https://doctor.bd/doctor/dr-debashis-roy-medicine-dhaka
Dr. Debashish Dey,Orthopedics,"MBBS, D-ORTHO, MS",Junior Consultant,National Institute of Traumatology and Orthopaedic Rehabilitation (NITOR),Dhaka,N/A,https://doctor.bd/doctor/dr-debashish-dey-orthopedics-dhaka
Dr. Debashish Kumar Ghosh,Endocrinology,"MBBS, BCS, FCPS, MRCP, MD",Professor & Head,Khulna Medical College Hospital,Khulna,N/A,https://doctor.bd/doctor/dr-debashish-kumar-ghosh-endocrinology-khulna
Dr. Debashish Paul,Cardiology,"MBBS, MD",Associate Professor,Sylhet Womens Medical College Hospital,Sylhet,N/A,https://doctor.bd/doctor/dr-debashish-paul-cardiology-sylhet
Dr. Debashish Roy,Orthopedics,"MBBS, D-ORTHO, MS",Assistant Professor,Rajshahi Medical College Hospital,Rajshahi,N/A,https://doctor.bd/doctor/dr-debashish-roy-orthopedics-rajshahi
Dr. Debashish Sarkar,Cardiology,"MBBS, MRCP, MACP, MD, CCD",Deputy Medical Superintendent,"Fortis Escorts Heart Institute, Khulna",Khulna,N/A,https://doctor.bd/doctor/dr-debashish-sarkar-cardiology-khulna
Dr. Debasish Debnath,Cardiology,"MBBS, D-CARD",Assistant Professor,Enam Medical College & Hospital,Dhaka,N/A,https://doctor.bd/doctor/dr-debasish-debnath-cardiology-dhaka
Dr. Debasish Kumar Saha,Medicine,"MBBS, FCPS, MD",Assistant Professor,BIRDEM General Hospital,Dhaka,N/A,https://doctor.bd/doctor/dr-debasish-kumar-saha-medicine-dhaka
Dr. Debbroto Ganguly,ENT,"MBBS, BCS, MS",Consultant,"250 Bedded General Hospital, Khulna",Khulna,N/A,https://doctor.bd/doctor/dr-debbroto-ganguly-ent-khulna
Dr. Debdulal Debnath,Orthopedics,"MBBS, D-ORTHO",Surgeon,Northern International Medical College Hospital,Dhaka,N/A,https://doctor.bd/doctor/dr-debdulal-debnath-orthopedics-dhaka
Dr. Debika Dhar (PT),Physiotherapy,BPT,Physiotherapist,"Mayfair Wellness Clinic, Gulshan",Dhaka,N/A,https://doctor.bd/doctor/dr-debika-dhar-pt-physiotherapy-dhaka
Dr. Debjyoti Das,Cardiology,"MBBS, BCS, D-CARD",Cardiologist,Chattogram Medical College Hospital,Chattogram,N/A,https://doctor.bd/doctor/dr-debjyoti-das-cardiology-chattogram
Dr. Debnath Talukder,ENT,"MBBS, BCS, MS, FACS",Consultant,Khulna Medical College Hospital,Khulna,N/A,https://doctor.bd/doctor/dr-debnath-talukder-ent-khulna
Dr. Debprosad Adhikary,Gastroenterology,"MBBS, BCS, MD",Assistant Professor,Satkhira Medical College Hospital,Satkhira,N/A,https://doctor.bd/doctor/dr-debprosad-adhikary-gastroenterology-satkhira
Dr. Debraj Malakar,Hepatology,"MBBS, BCS, MD",Consultant,Narayanganj General (Victoria) Hospital,Narayanganj,N/A,https://doctor.bd/doctor/dr-debraj-malakar-hepatology-narayanganj
Dr. Deepa Das,Gynaecology & Obstetrics,"MBBS, BCS, FCPS",Consultant,"Gournadi Upozila Health Complex, Barishal",Barishal,13+ Years,https://doctor.bd/doctor/dr-deepa-das-gynaecology-obstetrics-barishal
Dr. Deepankar Kumar Basak,Medicine,"MBBS, FCPS",Consultant,"Square Hospital, Dhaka",Dhaka,N/A,https://doctor.bd/doctor/dr-deepankar-kumar-basak-medicine-dhaka
Dr. Delowar Hossain,Pediatrics,"MBBS, FCPS, MD",Associate Professor,Dhaka Medical College Hospital,Dhaka,N/A,https://doctor.bd/doctor/dr-delowar-hossain-pediatrics-dhaka
Dr. Delwar Hossain,ENT,"MBBS, FCPS",ENT Specialist,Bangladesh Medical University,Dhaka,N/A,https://doctor.bd/doctor/dr-delwar-hossain-ent-dhaka
Dr. Deva Pratim Barua,Dermatology,"MBBS, BCS, MD",Registrar,Chattogram Medical College Hospital,Chattogram,N/A,https://doctor.bd/doctor/dr-deva-pratim-barua-dermatology-chattogram
Dr. Dewan Azmal Hussain,Respiratory Medicine,"MBBS, MCPS, MD",Assistant Professor,National Institute of Diseases of the Chest & Hospital (NIDCH),Dhaka,N/A,https://doctor.bd/doctor/dr-dewan-azmal-hussain-respiratory-medicine-dhaka
Dr. Dewan Khairul Alam,Rheumatology,"MBBS, PGT, MD",Assistant Professor,Shaheed Suhrawardy Medical College Hospital,Dhaka,N/A,https://doctor.bd/doctor/dr-dewan-khairul-alam-rheumatology-dhaka
Dr. Dewan Md. Elias,Neurology,"MBBS, BCS, MD",Assistant Professor,National Institute of Neurosciences & Hospital,Narayanganj,N/A,https://doctor.bd/doctor/dr-dewan-md-elias-neurology-narayanganj
Dr. Dewan Nurul Islam,Orthopedics,"MBBS, BCS, MS",Consultant,Government of the People's Republic of Bangladesh,Dhaka,N/A,https://doctor.bd/doctor/dr-dewan-nurul-islam-orthopedics-dhaka
Dr. Dewan Shamsul Asif,Neurosurgery,"MBBS, FCPS",Assistant Professor,Anwer Khan Modern Medical College Hospital,Dhaka,N/A,https://doctor.bd/doctor/dr-dewan-shamsul-asif-neurosurgery-dhaka
Dr. Dhananjay Majumder,ENT,"MBBS, DLO",Professor & Head,Southern Medical College & Hospital,Chattogram,N/A,https://doctor.bd/doctor/dr-dhananjay-majumder-ent-chattogram
Dr. Dhananjoy Dey Biplab,Urology,"MBBS, BCS, FCPS, MS",Junior Consultant,Government of the People's Republic of Bangladesh,Barishal,N/A,https://doctor.bd/doctor/dr-dhananjoy-dey-biplab-urology-barishal
Dr. Dhiman Kumar Ray,General Surgery,"MBBS, BCS, FCPS",Consultant,Rangpur Medical College Hospital,Rangpur,N/A,https://doctor.bd/doctor/dr-dhiman-kumar-ray-general-surgery-rangpur
Dr. Dhruba Das,Nephrology,"MBBS, MD",Assistant Professor,Sylhet MAG Osmani Medical College Hospital,Sylhet,N/A,https://doctor.bd/doctor/dr-dhruba-das-nephrology-sylhet
Dr. Dhrubajyoti Roy Chowdhury,Dermatology,"MBBS, DDV, FCPS",Assistant Professor,Sylhet MAG Osmani Medical College Hospital,Sylhet,N/A,https://doctor.bd/doctor/dr-dhrubajyoti-roy-chowdhury-dermatology-sylhet
Dr. Dibakar Sarkar,Orthopedics,"MBBS, BCS, MS",Consultant,National Institute of Traumatology and Orthopaedic Rehabilitation (NITOR),Narayanganj,N/A,https://doctor.bd/doctor/dr-dibakar-sarkar-orthopedics-narayanganj
Dr. Dibbendu Kumar Dash,Pediatric Surgery,"MBBS, BCS, MS",Assistant Registrar,Khulna Medical College Hospital,Khulna,N/A,https://doctor.bd/doctor/dr-dibbendu-kumar-dash-pediatric-surgery-khulna
Dr. Didar Md. Ibrahim Bhuiyan,ENT,"MBBS, DLO",Associate Professor,Kumudini Women's Medical College & Hospital,Dhaka,N/A,https://doctor.bd/doctor/dr-didar-md-ibrahim-bhuiyan-ent-dhaka
Dr. Didaruzzaman,Dermatology,"MBBS, DD, DOC",Senior Consultant,National Hospital Chattogram,Chattogram,N/A,https://doctor.bd/doctor/dr-didaruzzaman-dermatology-chattogram
Dr. Dil Anziz Begum,Gynaecology & Obstetrics,"MBBS, PGT, MCPS, MS",Consultant,"Apollo Imperial Hospital, Chattogram",Chattogram,N/A,https://doctor.bd/doctor/dr-dil-anziz-begum-gynaecology-obstetrics-chattogram
Dr. Dil Md. Sazzadul Kabir (Sabuz),Psychiatry,"MBBS, BCS, MD",Registrar,Mymensingh Medical College Hospital,Mymensingh,N/A,https://doctor.bd/doctor/dr-dil-md-sazzadul-kabir-sabuz-psychiatry-mymensingh
Dr. Dilara Afroz,Cardiology,"MBBS, BCS, D-CARD, CCD",Consultant,National Heart Foundation Hospital and Research Institute,Dhaka,N/A,https://doctor.bd/doctor/dr-dilara-afroz-cardiology-dhaka
Dr. Dilara Begum,Gynaecology & Obstetrics,"MBBS, PGT",Medical Officer,"250 Bedded General Hospital, Pabna",Pabna,N/A,https://doctor.bd/doctor/dr-dilara-begum-gynaecology-obstetrics-pabna
Dr. Dildar Sultana Sopna,Gynaecology & Obstetrics,"MBBS, BCS, DGO",Consultant,Laksham Upazila Health Complex,Cumilla,N/A,https://doctor.bd/doctor/dr-dildar-sultana-sopna-gynaecology-obstetrics-cumilla
Dr. Dilip Kumar Ghosh,Gastroenterology,"MBBS, BCS, FCPS, MD",Associate Professor,Shaheed Suhrawardy Medical College Hospital,Dhaka,N/A,https://doctor.bd/doctor/dr-dilip-kumar-ghosh-gastroenterology-dhaka
Dr. Dilir Jamal,Physical Medicine & Rehabilitation,"MBBS, BCS, FCPS",Assistant Professor,National Institute of ENT & Hospital,Dhaka,N/A,https://doctor.bd/doctor/dr-dilir-jamal-physical-medicine-rehabilitation-dhaka
Dr. Dilruba Aktar,Dermatology,"MBBS, MCPS, FCPS",Professor & Head,Mainamoti Medical College & Hospital,Cumilla,N/A,https://doctor.bd/doctor/dr-dilruba-aktar-dermatology-cumilla
Dr. Dilruba Alam,Medicine,"MBBS, FCPS, CCD",Assistant Professor,BIRDEM General Hospital,Narayanganj,N/A,https://doctor.bd/doctor/dr-dilruba-alam-medicine-narayanganj
Dr. Dilruba Siddique,Pediatrics,"MBBS, DCH",Consultant,"250 Bedded General Hospital, Pabna",Pabna,N/A,https://doctor.bd/doctor/dr-dilruba-siddique-pediatrics-pabna
Dr. Dilruba Yeasmin Dina,Gynaecology & Obstetrics,"MBBS, BCS, FCPS",Gynecologist,National Institute of Cancer Research and Hospital (NICR&H),Dhaka,N/A,https://doctor.bd/doctor/dr-dilruba-yeasmin-dina-gynaecology-obstetrics-dhaka
Dr. Dilrukhsana Afroz Sumi,Dentistry,"BDS, BCS, MS, PGT",Assistant Registrar,"Shaheed Ziaur Rahman Medical College Hospital, Bogura",Bogura,N/A,https://doctor.bd/doctor/dr-dilrukhsana-afroz-sumi-dentistry-bogura
Dr. Dilshad Jahan,Hematology,"MBBS, FCPS",Hematologist,Asgar Ali Hospital,Dhaka,N/A,https://doctor.bd/doctor/dr-dilshad-jahan-hematology-dhaka
Dr. Dilshan Ara Habib,Gynaecology & Obstetrics,"MBBS, MCPS, DGO",Senior Consultant,Chattogram Medical College Hospital,Chattogram,N/A,https://doctor.bd/doctor/dr-dilshan-ara-habib-gynaecology-obstetrics-chattogram
Dr. Din Mohammad Sohel,Orthopedics,"MBBS, D-ORTHO, PhD",Surgeon,Rajshahi Medical College Hospital,Rajshahi,N/A,https://doctor.bd/doctor/dr-din-mohammad-sohel-orthopedics-rajshahi
Dr. Dina Layla Hossain,Gynaecology & Obstetrics,"MBBS, FCPS",Consultant,Dhaka Medical College Hospital,Dhaka,N/A,https://doctor.bd/doctor/dr-dina-layla-hossain-gynaecology-obstetrics-dhaka
Dr. Dip Jyoti Sarker,Medicine,"MBBS, BCS, MD, FCPS",Consultant,Rangpur Medical College Hospital,Rangpur,N/A,https://doctor.bd/doctor/dr-dip-jyoti-sarker-medicine-rangpur
Dr. Dip Kumar Dash,Medicine,"MBBS, BCS, MD",Assistant Registrar,Khulna Medical College Hospital,Khulna,N/A,https://doctor.bd/doctor/dr-dip-kumar-dash-medicine-khulna
Dr. Dipak Chandra Kirttania,General Surgery,"MBBS, FCPS",Assistant Professor,Patuakhali Medical College Hospital,Patuakhali,N/A,https://doctor.bd/doctor/dr-dipak-chandra-kirttania-general-surgery-patuakhali
Dr. Dipan Chowdhury,Nephrology,"MBBS, MD",Consultant,Labaid Specialized hospital chattogram,Chattogram,N/A,https://doctor.bd/doctor/dr-dipan-chowdhury-nephrology-chattogram
Dr. Dipankar Ghosh (Palash),Neurosurgery,"MBBS, BCS, MS",Assistant Professor,Khulna Medical College Hospital,Khulna,N/A,https://doctor.bd/doctor/dr-dipankar-ghosh-palash-neurosurgery-khulna
Dr. Dipankar Nag,Gastroenterology,"MBBS, FPGCS",Consultant,"Gastro-Liver Care & Endoscopy Centre, Khulna",Khulna,N/A,https://doctor.bd/doctor/dr-dipankar-nag-gastroenterology-khulna
Dr. Dipannita Dhar,Gynaecology & Obstetrics,"MBBS, BCS, MCPS, FCPS",Consultant,Narayanganj 300 Bed Hospital,Narayanganj,N/A,https://doctor.bd/doctor/dr-dipannita-dhar-gynaecology-obstetrics-narayanganj
Dr. Dipanwita Biswas,General Surgery,"MBBS, BCS, PGT, FCPS",Surgeon,Dhaka Medical College Hospital,Pabna,N/A,https://doctor.bd/doctor/dr-dipanwita-biswas-general-surgery-pabna
Dr. Dipika Dey,Pediatrics,"MBBS, DCH, FCPS",Senior Consultant,Evercare Hospital Chattogram,Chattogram,N/A,https://doctor.bd/doctor/dr-dipika-dey-pediatrics-chattogram
Dr. Dipika Rani Banik,Radiology & Imaging,"MBBS, DMU",Sonologist,Cumilla HUMAN DIAGNOSTIC & HOSPITAL,Cumilla,N/A,https://doctor.bd/doctor/dr-dipika-rani-banik-radiology-imaging-cumilla
Dr. DM Arman,Neurosurgery,"MBBS, MS",Assistant Professor,National Institute of Neurosciences & Hospital,Dhaka,N/A,https://doctor.bd/doctor/dr-dm-arman-neurosurgery-dhaka
Dr. DM Mohiduzzaman Tony,General Surgery,"MBBS, FCPS, MS, CCD",Associate Professor,Uttara Adhunik Medical College Hospital,Dhaka,N/A,https://doctor.bd/doctor/dr-dm-mohiduzzaman-tony-general-surgery-dhaka
Dr. DMM Faruque Osmani,Cardiology,"MBBS, MD",Professor,Bangladesh Medical University,Dhaka,N/A,https://doctor.bd/doctor/dr-dmm-faruque-osmani-cardiology-dhaka
Dr. Durba Halder,Cardiology,"MBBS, D-CARD, MCPS, MACP, MD",Associate Professor,Sir Salimullah Medical College Mitford Hospital,Dhaka,N/A,https://doctor.bd/doctor/dr-durba-halder-cardiology-dhaka
Dr. Durlav Kanti Paul,Pediatric Surgery,"MBBS, BCS, MS",Surgeon,Cumilla Medical College Hospital,Cumilla,N/A,https://doctor.bd/doctor/dr-durlav-kanti-paul-pediatric-surgery-cumilla
Dr. Ebadur Rahman,Nephrology,"MBBS, FRCP, FASN, MRCP, DIM, DNeph",Senior Consultant,Evercare Hospital Dhaka,Dhaka,N/A,https://doctor.bd/doctor/dr-ebadur-rahman-nephrology-dhaka
Dr. Ebana Begum,Gynaecology & Obstetrics,"MBBS, FCPS",Consultant,Sylhet MAG Osmani Medical College Hospital,Sylhet,N/A,https://doctor.bd/doctor/dr-ebana-begum-gynaecology-obstetrics-sylhet
Dr. Effat Zahan Abdullah (Eva),Gynaecology & Obstetrics,"MBBS, BCS, MS, FICS",Assistant Professor,Rangpur Medical College Hospital,Rangpur,N/A,https://doctor.bd/doctor/dr-effat-zahan-abdullah-eva-gynaecology-obstetrics-rangpur
Dr. Ehsanul Haque Khan,Physical Medicine & Rehabilitation,"MBBS, FCPS",Associate Professor,Shaheed Suhrawardy Medical College Hospital,Dhaka,N/A,https://doctor.bd/doctor/dr-ehsanul-haque-khan-physical-medicine-rehabilitation-dhaka
Dr. Ehsanul Kabir,Pediatrics,"MBBS, DCH",Assistant Professor,Khulna City Medical College Hospital,Khulna,N/A,https://doctor.bd/doctor/dr-ehsanul-kabir-pediatrics-khulna
Dr. Eidris Ali,Homeopathy,"DHMS, CAPT",Doctor,Dhaka Homeopathy,Dhaka,N/A,https://doctor.bd/doctor/dr-eidris-ali-homeopathy-dhaka
Dr. Ejajul Islam,Nuclear Medicine,"MBBS, DNM",Former Head of the Department,Dhaka Medical College Hospital,Dhaka,N/A,https://doctor.bd/doctor/dr-ejajul-islam-nuclear-medicine-dhaka
Dr. Ekramul Haque,Pediatrics,"MBBS, DCH",Senior Consultant,Chattogram General Hospital,Chattogram,N/A,https://doctor.bd/doctor/dr-ekramul-haque-pediatrics-chattogram
Dr. Eliza Khanom,Gynaecology & Obstetrics,"MBBS, BCS, FCPS",Gynecologist,Rajshahi Royal Hospital,Rajshahi,N/A,https://doctor.bd/doctor/dr-eliza-khanom-gynaecology-obstetrics-rajshahi
Dr. Elora Parveen,Medicine,"MBBS, BCS, MD, CCD, FCPS",Registrar,Rajshahi Medical College Hospital,Rajshahi,N/A,https://doctor.bd/doctor/dr-elora-parveen-medicine-rajshahi
Dr. Elora Yasmin,Gynaecology & Obstetrics,"MBBS, FCPS",Assistant Professor,Green Life Medical College & Hospital,Dhaka,N/A,https://doctor.bd/doctor/dr-elora-yasmin-gynaecology-obstetrics-dhaka
Dr. Emdadul Haque,Cardiology,"MBBS, FCGP, CCD, PhD",Associate Professor,Community Based Medical College & Hospital,Mymensingh,N/A,https://doctor.bd/doctor/dr-emdadul-haque-cardiology-mymensingh
Dr. Emily Akter,Dermatology,"MBBS, MD",Assistant Professor,Enam Medical College & Hospital,Dhaka,N/A,https://doctor.bd/doctor/dr-emily-akter-dermatology-dhaka
Dr. Emon Kanti Moharer,Pediatric Surgery,"MBBS, BCS, MS",Assistant Registrar,Sylhet MAG Osmani Medical College Hospital,Sylhet,N/A,https://doctor.bd/doctor/dr-emon-kanti-moharer-pediatric-surgery-sylhet
Dr. Emrul Hassan,Dermatology,"MBBS, BCS, DDV",Consultant,Rangamati General Hospital,Rangamati,N/A,https://doctor.bd/doctor/dr-emrul-hassan-dermatology-rangamati
Dr. Emrul Kaiser,Rheumatology,"MBBS, BCS, FCPS",Consultant,Chattogram Medical College Hospital,Chattogram,N/A,https://doctor.bd/doctor/dr-emrul-kaiser-rheumatology-chattogram
Dr. Enamul Ahsan Sohel,Homeopathy,BHMS,Chief Consultant,Dr Paul's Bangladesh Health Care,Dhaka,N/A,https://doctor.bd/doctor/dr-enamul-ahsan-sohel-homeopathy-dhaka
Dr. Enora Nilomi,Plastic Surgery,"MBBS, MS, MRCS",Assistant Professor,Enam Medical College & Hospital,Dhaka,N/A,https://doctor.bd/doctor/dr-enora-nilomi-plastic-surgery-dhaka
Dr. Erfanul Haque Siddiqui,Orthopedics,"MBBS, MS, FRSH",Surgeon,"Labaid Specialized Hospital, Dhanmondi",Dhaka,N/A,https://doctor.bd/doctor/dr-erfanul-haque-siddiqui-orthopedics-dhaka
Dr. Ershad Mondal,Endocrinology,"MBBS, BCS, MACP, MD",Assistant Professor,Mymensingh Medical College Hospital,Mymensingh,N/A,https://doctor.bd/doctor/dr-ershad-mondal-endocrinology-mymensingh
Dr. Ershad Uddin Ahmed,Gastroenterology,"MBBS, FCPS, MD",Professor & Head,Chattogram Medical College Hospital,Chattogram,N/A,https://doctor.bd/doctor/dr-ershad-uddin-ahmed-gastroenterology-chattogram
Dr. Eshita Biswas,Medicine,"MBBS, FCPS, MACP",Dhaka National Medical College & Hospital,Dhaka National Medical College & Hospital,Dhaka,N/A,https://doctor.bd/doctor/dr-eshita-biswas-medicine-dhaka
Dr. Eshita Reza Khan,Pediatrics,"MBBS, BCS, MD, FCPS",Assistant Professor,National Institute of Cancer Research and Hospital (NICR&H),Dhaka,N/A,https://doctor.bd/doctor/dr-eshita-reza-khan-pediatrics-dhaka
Dr. Eti Saha,Gynaecology & Obstetrics,"MBBS, DGO, FCPS",Associate Professor,Khulna Medical College Hospital,Khulna,N/A,https://doctor.bd/doctor/dr-eti-saha-gynaecology-obstetrics-khulna
Dr. Eusha A. F. Ansary,Nephrology,"MBBS, MD",Professor & Head,Uttara Adhunik Medical College Hospital,Dhaka,N/A,https://doctor.bd/doctor/dr-eusha-a-f-ansary-nephrology-dhaka
Dr. Eva Rani Nandi,Gynaecology & Obstetrics,"MBBS, FCPS",Consultant,Sir Salimullah Medical College Mitford Hospital,Dhaka,N/A,https://doctor.bd/doctor/dr-eva-rani-nandi-gynaecology-obstetrics-dhaka
Dr. Evana Nasrin,Pediatrics,"MBBS, BCS, FCPS",Consultant,Khulna Medical College Hospital,Khulna,N/A,https://doctor.bd/doctor/dr-evana-nasrin-pediatrics-khulna
Dr. Ezaj Ahmed,Ophthalmology,"MBBS, BCS, DO",Assistant Professor,"Shaheed Ziaur Rahman Medical College Hospital, Bogura",Bogura,N/A,https://doctor.bd/doctor/dr-ezaj-ahmed-ophthalmology-bogura
Dr. F K Chowdhury Chanchal,Gastroenterology,"MBBS, MCPS, MD, FCPS",Assistant Professor,Bangladesh Medical University,Dhaka,N/A,https://doctor.bd/doctor/dr-f-k-chowdhury-chanchal-gastroenterology-dhaka
Dr. F. A. M. Monjuman Ara Begum,Gynaecology & Obstetrics,"MBBS, DGO, MPH",Gynecologist,Rajshahi Medical College Hospital,Rajshahi,N/A,https://doctor.bd/doctor/dr-f-a-m-monjuman-ara-begum-gynaecology-obstetrics-rajshahi
Dr. F. M. Atiqur Rahman,Medicine,"MBBS, FCPS",Professor & Head,Patuakhali Medical College Hospital,Patuakhali,N/A,https://doctor.bd/doctor/dr-f-m-atiqur-rahman-medicine-patuakhali
Dr. F. R. Khan,Medicine,"MBBS, BCS, MD",Associate Professor,Sher-e-bangla Medical College Hospital,Barishal,N/A,https://doctor.bd/doctor/dr-f-r-khan-medicine-barishal
Dr. F.R. Al-Mahmud,Physical Medicine & Rehabilitation,"MBBS, FCPS",Associate Professor,TMSS Medical College & Hospital,Dhaka,N/A,https://doctor.bd/doctor/dr-fr-al-mahmud-physical-medicine-rehabilitation-dhaka
Dr. Fahim Ara Khanom Jenny,Gynaecology & Obstetrics,"MBBS, DGO",Assistant Professor,Sylhet Womens Medical College Hospital,Sylhet,N/A,https://doctor.bd/doctor/dr-fahim-ara-khanom-jenny-gynaecology-obstetrics-sylhet
Dr. Fahim Feroz,Dermatology,"MBBS, DCD, MSc",Senior Aesthetic Dermatologist,Asgar Ali Hospital,Dhaka,N/A,https://doctor.bd/doctor/dr-fahim-feroz-dermatology-dhaka
Dr. Fahima Afroz,Gynaecology & Obstetrics,"MBBS, MRCOG",Consultant,Ahsania Mission Cancer and General Hospital,Dhaka,N/A,https://doctor.bd/doctor/dr-fahima-afroz-gynaecology-obstetrics-dhaka
Dr. Fahima Akhter,Gynaecology & Obstetrics,"MBBS, BCS, MCPS, FCPS",Gynecologist,"Kurmitola General Hospital, Dhaka",Dhaka,N/A,https://doctor.bd/doctor/dr-fahima-akhter-gynaecology-obstetrics-dhaka
Dr. Fahmida Akhter Chowdhury,Medicine,"MBBS, FCPS",Assistant Professor,Jalalabad Ragib-Rabeya Medical College & Hospital,Sylhet,N/A,https://doctor.bd/doctor/dr-fahmida-akhter-chowdhury-medicine-sylhet
Dr. Fahmida Alam,Oncology,"MBBS, BCS, FCPS",Assistant Professor,Chattogram Medical College Hospital,Chattogram,N/A,https://doctor.bd/doctor/dr-fahmida-alam-oncology-chattogram
Dr. Fahmida Bayes Kakan,Gynaecology & Obstetrics,"MBBS, MS",Consultant,Bangladesh Medical University,Dhaka,N/A,https://doctor.bd/doctor/dr-fahmida-bayes-kakan-gynaecology-obstetrics-dhaka
Dr. Fahmida Begum,Nephrology,"MBBS, MD",Senior Consultant,Evercare Hospital Dhaka,Dhaka,N/A,https://doctor.bd/doctor/dr-fahmida-begum-nephrology-dhaka
Dr. Fahmida Chowdhury,Pediatrics,"MBBS, BCS, MD",Consultant,Sylhet MAG Osmani Medical College Hospital,Sylhet,N/A,https://doctor.bd/doctor/dr-fahmida-chowdhury-pediatrics-sylhet
Dr. Fahmida Chowdhury Suma,Gynaecology & Obstetrics,"MBBS, BCS, FCPS",Consultant,Bangladesh Medical University,Dhaka,N/A,https://doctor.bd/doctor/dr-fahmida-chowdhury-suma-gynaecology-obstetrics-dhaka
Dr. Fahmida Ferdousi,Dentistry,"BDS, MS",Consultant,Evercare Hospital Dhaka,Dhaka,N/A,https://doctor.bd/doctor/dr-fahmida-ferdousi-dentistry-dhaka
Dr. Fahmida Hoque,Dermatology,"MBBS, MD",Associate Professor,East- West Medical College & Hospital,Dhaka,N/A,https://doctor.bd/doctor/dr-fahmida-hoque-dermatology-dhaka
Dr. Fahmida Islam,Gynaecology & Obstetrics,"MBBS, DGO, MS",Consultant,Cumilla Medical College Hospital,Cumilla,N/A,https://doctor.bd/doctor/dr-fahmida-islam-gynaecology-obstetrics-cumilla
Dr. Fahmida Islam Chowdhury,Gynaecology & Obstetrics,"MBBS, FCPS",Assistant Professor,Chattogram Medical College Hospital,Chattogram,N/A,https://doctor.bd/doctor/dr-fahmida-islam-chowdhury-gynaecology-obstetrics-chattogram
Dr. Fahmida Khanam Shammi,Gynaecology & Obstetrics,"MBBS, PGT, DMU",Medical Officer,"250 Bedded General Hospital, Pabna",Pabna,N/A,https://doctor.bd/doctor/dr-fahmida-khanam-shammi-gynaecology-obstetrics-pabna
Dr. Fahmida Naz,Gynaecology & Obstetrics,"MBBS, FCPS, MS",Gynecologist,"Mugda Medical College Hospital, Dhaka",Dhaka,N/A,https://doctor.bd/doctor/dr-fahmida-naz-gynaecology-obstetrics-dhaka
Dr. Fahmida Rashid (Swati),Gynaecology & Obstetrics,"MBBS, FCPS, MS, MSc, FRM",Assistant Professor,Chattogram Medical College Hospital,Chattogram,N/A,https://doctor.bd/doctor/dr-fahmida-rashid-swati-gynaecology-obstetrics-chattogram
Dr. Fahmida Shireen Neela,Gynaecology & Obstetrics,"MBBS, FCPS",Consultant,"Mohammad Ali Hospital, Bogura",Bogura,N/A,https://doctor.bd/doctor/dr-fahmida-shireen-neela-gynaecology-obstetrics-bogura
Dr. Fahmida Sultana,Pediatrics,"MBBS, DCH, MD",Assistant Professor,"National Gastroliver Institute and Hospital, Dhaka",Dhaka,N/A,https://doctor.bd/doctor/dr-fahmida-sultana-pediatrics-dhaka
Dr. Fahmida Zabeen,Pediatrics,"MBBS, MD",Senior Consultant,Evercare Hospital Dhaka,Dhaka,N/A,https://doctor.bd/doctor/dr-fahmida-zabeen-pediatrics-dhaka
Dr. Fahmida Zebin,Dermatology,"MBBS, BCS, DDV",Consultant,Dhaka Medical College Hospital,Dhaka,N/A,https://doctor.bd/doctor/dr-fahmida-zebin-dermatology-dhaka
Dr. Fahmidul Haque,Urology,"MBBS, BCS, MS",Consultant,Moon Hospital Ltd.,Cumilla,N/A,https://doctor.bd/doctor/dr-fahmidul-haque-urology-cumilla
Dr. Fahmidur Rahman,Psychiatry,"MBBS, MPhil, FCPS",Associate Professor,"Mugda Medical College Hospital, Dhaka",Dhaka,N/A,https://doctor.bd/doctor/dr-fahmidur-rahman-psychiatry-dhaka
Dr. Fahmina Akter Fahmi,Cardiology,"MBBS, BCS, MS",Assistant Professor,Sylhet MAG Osmani Medical College Hospital,Sylhet,N/A,https://doctor.bd/doctor/dr-fahmina-akter-fahmi-cardiology-sylhet
Dr. Faijun Nahar Khanam (Toma),Gynaecology & Obstetrics,"MBBS, MCPS, DMU, FCPS",Gynecologist,Bangladesh Medical University,Narsingdi,N/A,https://doctor.bd/doctor/dr-faijun-nahar-khanam-toma-gynaecology-obstetrics-narsingdi
Dr. Fairuj Pervin Tania,Gynaecology & Obstetrics,"MBBS, BCS, FCPS",Consultant,Rajshahi Medical College Hospital,Rajshahi,N/A,https://doctor.bd/doctor/dr-fairuj-pervin-tania-gynaecology-obstetrics-rajshahi
Dr. Faisal Ahmed,Pediatrics,"MBBS, MD, MRCPH",Senior Consultant,Labaid Specialized hospital chattogram,Chattogram,N/A,https://doctor.bd/doctor/dr-faisal-ahmed-pediatrics-chattogram
Dr. Faisal Ahmed,Dentistry,"BDS, MS",Assistant Professor,Chattogram International Dental College,Chattogram,N/A,https://doctor.bd/doctor/dr-faisal-ahmed-dentistry-chattogram
Dr. Faisal Ahmed Sajib,Respiratory Medicine,"MBBS, MD, MACP, ACCP",Department of Respiratory Medicine,Mymensingh Medical College Hospital,Mymensingh,10+ Years,https://doctor.bd/doctor/dr-faisal-ahmed-sajib-respiratory-medicine-mymensingh
Dr. Faisal Bin Yousuf,Medicine,"MBBS, BCS, MACP, CCD, FCPS",Consultant,Dhaka Medical College Hospital,Dhaka,N/A,https://doctor.bd/doctor/dr-faisal-bin-yousuf-medicine-dhaka
Dr. Faiz Ahmad Khondaker,Hepatology,"MBBS, FCPS, MD",Associate Professor,Shaheed Suhrawardy Medical College Hospital,Dhaka,N/A,https://doctor.bd/doctor/dr-faiz-ahmad-khondaker-hepatology-dhaka
Dr. Faizur Rahman,Dermatology,"MBBS, BCS, DDV",Consultant,Sher-e-bangla Medical College Hospital,Barishal,N/A,https://doctor.bd/doctor/dr-faizur-rahman-dermatology-barishal
Dr. Fajlul Haque (Sohail),Physical Medicine & Rehabilitation,"MBBS, BCS, MD, CCD",Consultant,"250 Bed General Hospital, Moulvibazar",Moulvibazar,N/A,https://doctor.bd/doctor/dr-fajlul-haque-sohail-physical-medicine-rehabilitation-moulvibazar
Dr. Fakhrul Imam,Dentistry,"BDS, MCPS, FCPS",Consultant,Divine Mercy Hospital,Gazipur,14+ Years,https://doctor.bd/doctor/dr-fakhrul-imam-dentistry-gazipur
Dr. Fakhrul Islam Juwel,Medicine,"MBBS, BCS, MCPS, FCPS, MRCP",Consultant,"Shaheed Ziaur Rahman Medical College Hospital, Bogura",Bogura,N/A,https://doctor.bd/doctor/dr-fakhrul-islam-juwel-medicine-bogura
Dr. Fakrul Hassan Rony,Dentistry,"BDS, FCPS",Consultant,Dhaka Dental College Hospital,Dhaka,N/A,https://doctor.bd/doctor/dr-fakrul-hassan-rony-dentistry-dhaka
Dr. Faora Tasnim,Plastic Surgery,"MBBS, MS",Surgeon,Shaheed Suhrawardy Medical College Hospital,Dhaka,N/A,https://doctor.bd/doctor/dr-faora-tasnim-plastic-surgery-dhaka
Dr. Farah Chowdhury,Pediatrics,"MBBS, FCPS",Assistant Professor,Chattogram Maa-O-Shishu Hospital Medical College,Chattogram,N/A,https://doctor.bd/doctor/dr-farah-chowdhury-pediatrics-chattogram
Dr. Farah Safa Huq,Dermatology,"MBBS, BCS, MD",Consultant,"Mohammad Ali Hospital, Bogura",Bogura,N/A,https://doctor.bd/doctor/dr-farah-safa-huq-dermatology-bogura
Dr. Farahnaz Mabud Silvi,Gynaecology & Obstetrics,"MBBS, MCPS, MS, FRM",Associate Professor,Chattogram Maa-O-Shishu Hospital Medical College,Chattogram,N/A,https://doctor.bd/doctor/dr-farahnaz-mabud-silvi-gynaecology-obstetrics-chattogram
Dr. Farhadul Alam,Ophthalmology,"MBBS, DCO, FPOS",Consultant,Chevron Eye Hospital & Research Center,Chattogram,N/A,https://doctor.bd/doctor/dr-farhadul-alam-ophthalmology-chattogram
Dr. Farhadul Islam,Dentistry,"BDS, PGT",BMDC Reg No: 12492,"Dental Palace, Sonaimuri, Noakhali",Noakhali,6+ Years,https://doctor.bd/doctor/dr-farhadul-islam-dentistry-noakhali
Dr. Farhan Imtiaz Chowdhury,General Surgery,"MBBS, BCS, FCPS, FIAGES, FACS",Assistant Professor,Rajshahi Medical College Hospital,Rajshahi,N/A,https://doctor.bd/doctor/dr-farhan-imtiaz-chowdhury-general-surgery-rajshahi
Dr. Farhana Afroz,Medicine,"MBBS, FCPS",Consultant,BIRDEM General Hospital,Dhaka,N/A,https://doctor.bd/doctor/dr-farhana-afroz-medicine-dhaka
Dr. Farhana Afroz (Tania),Medicine,"MBBS, FCPS",Registrar,Delta Hospital,Dhaka,N/A,https://doctor.bd/doctor/dr-farhana-afroz-tania-medicine-dhaka
Dr. Farhana Afroz Chomon,Gynaecology & Obstetrics,"MBBS, FCPS",Assistant Professor,Kushtia Medical College Hospital,Kushtia,N/A,https://doctor.bd/doctor/dr-farhana-afroz-chomon-gynaecology-obstetrics-kushtia
Dr. Farhana Ahmed,Cardiology,"MBBS, FCPS, FSCAI",Associate Professor,National Institute of Cardiovascular Disease (NICVD),Dhaka,N/A,https://doctor.bd/doctor/dr-farhana-ahmed-cardiology-dhaka
Dr. Farhana Ahmed Nancy,Gynaecology & Obstetrics,"MBBS, BCS, FCPS, MCPS, MPH",Consultant,Dhaka Medical College Hospital,Dhaka,N/A,https://doctor.bd/doctor/dr-farhana-ahmed-nancy-gynaecology-obstetrics-dhaka
Dr. Farhana Akhter,Plastic Surgery,"MBBS, BCS, FCPS",Consultant,Chattogram Medical College Hospital,Chattogram,N/A,https://doctor.bd/doctor/dr-farhana-akhter-plastic-surgery-chattogram
Dr. Farhana Anam,Reproductive Medicine,"MBBS, CCU",Director,"Harvest Infertility Care, Dhaka",Dhaka,N/A,https://doctor.bd/doctor/dr-farhana-anam-reproductive-medicine-dhaka
Dr. Farhana Binte Rashid,Gynaecology & Obstetrics,"MBBS, FCPS",Consultant,"Kurmitola General Hospital, Dhaka",Dhaka,N/A,https://doctor.bd/doctor/dr-farhana-binte-rashid-gynaecology-obstetrics-dhaka
Dr. Farhana Haque,Gynaecology & Obstetrics,"MBBS, BCS, FCPS",Assistant Professor,National Institute of Cancer Research and Hospital (NICR&H),Dhaka,N/A,https://doctor.bd/doctor/dr-farhana-haque-gynaecology-obstetrics-dhaka
Dr. Farhana Haque,Dermatology,"MBBS, BCS, DDV, CCD",Consultant,Sylhet Leprosy Hospital,Sylhet,N/A,https://doctor.bd/doctor/dr-farhana-haque-dermatology-sylhet
Dr. Farhana Haque,Gynaecology & Obstetrics,"MBBS, BCS, DGO",Consultant,"General Hospital, Khulna",Khulna,N/A,https://doctor.bd/doctor/dr-farhana-haque-gynaecology-obstetrics-khulna
Dr. Farhana Hossain,Ophthalmology,"MBBS, FCPS, DCO, FICO",Consultant,Popular Medical College & Hospital,Dhaka,N/A,https://doctor.bd/doctor/dr-farhana-hossain-ophthalmology-dhaka
Dr. Farhana Kalam Ovi,Gynaecology & Obstetrics,"MBBS, BCS, FCPS",Assistant Professor,National Institute of Cancer Research and Hospital (NICR&H),Dhaka,N/A,https://doctor.bd/doctor/dr-farhana-kalam-ovi-gynaecology-obstetrics-dhaka
Dr. Farhana Khan,Oncology,"MBBS, BCS, MD",Consultant,Sher-e-bangla Medical College Hospital,Barishal,N/A,https://doctor.bd/doctor/dr-farhana-khan-oncology-barishal
Dr. Farhana Khatoon,Gynaecology & Obstetrics,"MBBS, MS, FCPS",Associate Professor,Bangladesh Medical University,Dhaka,20+ Years,https://doctor.bd/doctor/dr-farhana-khatoon-gynaecology-obstetrics-dhaka
Dr. Farhana Monsur (Jhumur),Gynaecology & Obstetrics,"MBBS, BCS, FCPS",Consultant,Kushtia Medical College Hospital,Kushtia,N/A,https://doctor.bd/doctor/dr-farhana-monsur-jhumur-gynaecology-obstetrics-kushtia
Dr. Farhana Naznin,Psychiatry,"MBBS, BCS, MD",Consultant,Chattogram Medical College Hospital,Chattogram,N/A,https://doctor.bd/doctor/dr-farhana-naznin-psychiatry-chattogram
Dr. Farhana Naznin Ratna,Dentistry,BDS,Consultant,Islami Bank Hospital Barishal,Barishal,N/A,https://doctor.bd/doctor/dr-farhana-naznin-ratna-dentistry-barishal
Dr. Farhana Parvin,Gynaecology & Obstetrics,"MBBS, BCS, FCPS",Consultant,Sher-e-bangla Medical College Hospital,Barishal,N/A,https://doctor.bd/doctor/dr-farhana-parvin-gynaecology-obstetrics-barishal
Dr. Farhana Qayum,Dermatology,"MBBS, MCPS, FCPS",Consultant,"BRB Hospital, Dhaka",Dhaka,N/A,https://doctor.bd/doctor/dr-farhana-qayum-dermatology-dhaka
Dr. Farhana Quyum,Dermatology,"MBBS, MCPS, FCPS",Doctor,"BRB Hospital, Dhaka",Dhaka,N/A,https://doctor.bd/doctor/dr-farhana-quyum-dermatology-dhaka
Dr. Farhana Rahman,Gynaecology & Obstetrics,"MBBS, FCPS",Consultant,Dhaka Dental College Hospital,Dhaka,N/A,https://doctor.bd/doctor/dr-farhana-rahman-gynaecology-obstetrics-dhaka
Dr. Farhana Rahman,Pediatrics,"MBBS, BCS, MD",Assistant Professor,Kushtia Medical College Hospital,Kushtia,N/A,https://doctor.bd/doctor/dr-farhana-rahman-pediatrics-kushtia
Dr. Farhana Rahman,Dermatology,"MBBS, MD",Specialist,"Mugda Medical College Hospital, Dhaka",Cumilla,N/A,https://doctor.bd/doctor/dr-farhana-rahman-dermatology-cumilla
Dr. Farhana Rima,Dentistry,"BDS, PGT",Chief Consultant,Mymensingh Union Specialized Hospital,Mymensingh,N/A,https://doctor.bd/doctor/dr-farhana-rima-dentistry-mymensingh
Dr. Farhana Sayeed,Medicine,"MBBS, BCS, FCPS, MCPS, CCD",Consultant,Bangladesh Medical University,Dhaka,N/A,https://doctor.bd/doctor/dr-farhana-sayeed-medicine-dhaka
Dr. Farhana Sharmin,Dentistry,"BDS, PGT",Consultant,Oral & Dental Care,Khulna,N/A,https://doctor.bd/doctor/dr-farhana-sharmin-dentistry-khulna
Dr. Farhana Tarannum Khan,Gynaecology & Obstetrics,"MBBS, FCPS, MS",Assistant Professor,National Institute of Cancer Research and Hospital (NICR&H),Dhaka,N/A,https://doctor.bd/doctor/dr-farhana-tarannum-khan-gynaecology-obstetrics-dhaka
Dr. Farhana Tasnim Chowdhury,Ophthalmology,MBBS,Registrar,North East Medical College Hospital,Sylhet,N/A,https://doctor.bd/doctor/dr-farhana-tasnim-chowdhury-ophthalmology-sylhet
Dr. Farhana Yasmin,Medicine,"MBBS, MPH, MPhil, PhD",Professor & Head,Rajshahi Medical College Hospital,Rajshahi,N/A,https://doctor.bd/doctor/dr-farhana-yasmin-medicine-rajshahi
Dr. Farhana Yasmin,Pediatrics,"MBBS, FCPS",Assistant Professor,Bangladesh Shishu Hospital and Institute,Dhaka,10+ Years,https://doctor.bd/doctor/dr-farhana-yasmin-pediatrics-dhaka
Dr. Farhana Yesmin,General Surgery,"MBBS, BCS, FCPS",Assistant Professor,Dhaka Dental College Hospital,Dhaka,N/A,https://doctor.bd/doctor/dr-farhana-yesmin-general-surgery-dhaka
Dr. Faria Afsana,Endocrinology,"MBBS, DEM, MD, MACP, FACE",Professor & Unit Head,BIRDEM General Hospital,Dhaka,N/A,https://doctor.bd/doctor/dr-faria-afsana-endocrinology-dhaka
Dr. Faria Faruque,Gynaecology & Obstetrics,"MBBS, BCS, FCPS",Gynecologist,Khulna Medical College Hospital,Khulna,N/A,https://doctor.bd/doctor/dr-faria-faruque-gynaecology-obstetrics-khulna
Dr. Faria Hossen Shanta,Dentistry,"BDS, PGT",Consultant,"Ibn Sina Diagnostic & Consultation Center, Bogura",Bogura,N/A,https://doctor.bd/doctor/dr-faria-hossen-shanta-dentistry-bogura
Dr. Faria Rashid,Gynaecology & Obstetrics,"MBBS, FCPS, CCD",Gynecologist,MH Samorita Hospital & Medical College,Dhaka,N/A,https://doctor.bd/doctor/dr-faria-rashid-gynaecology-obstetrics-dhaka
Dr. Faria Tabassum Tanni,Dentistry,"BDS, MS",Consultant,"Faria Dental Paradise & Orthodontics, Dhaka",Dhaka,17+ Years,https://doctor.bd/doctor/dr-faria-tabassum-tanni-dentistry-dhaka
Dr. Fariah Sharmeen,Oncology,"MBBS, FCPS",Consultant,"Square Hospital, Dhaka",Dhaka,N/A,https://doctor.bd/doctor/dr-fariah-sharmeen-oncology-dhaka
Dr. Farid Ahmed Khan,Medicine,"MBBS, BCS, MD, MACP, FCPS",Assistant Professor,"250 Bedded General Hospital, Pabna",Pabna,N/A,https://doctor.bd/doctor/dr-farid-ahmed-khan-medicine-pabna
Dr. Farid Uddin Ahmed,Pediatrics,"MBBS, MSc, MCh, DCH",Consultant,Al-Manar Hospital,Dhaka,N/A,https://doctor.bd/doctor/dr-farid-uddin-ahmed-pediatrics-dhaka
Dr. Farida Yeasmin,Gynaecology & Obstetrics,"MBBS, FCPS, MCPS, CCD, CMU, DMU",Gynecologist,Bangladesh Medical University,Dhaka,N/A,https://doctor.bd/doctor/dr-farida-yeasmin-gynaecology-obstetrics-dhaka
Dr. Farida Yesmin,Gynaecology & Obstetrics,"MBBS, BCS, MCPS, MS",Assistant Professor,"Mugda Medical College Hospital, Dhaka",Dhaka,6+ Years,https://doctor.bd/doctor/dr-farida-yesmin-gynaecology-obstetrics-dhaka
Dr. Fariel Bilkis,Physical Medicine & Rehabilitation,"MBBS, BCS, MD",Consultant,Sylhet Shahid Shamsuddin Ahmed District Hospital,Sylhet,N/A,https://doctor.bd/doctor/dr-fariel-bilkis-physical-medicine-rehabilitation-sylhet
Dr. Fariha Binte Quayum,Dentistry,"BDS, PGT, FCPS",Consultant,"Labaid Dental Clinic, Kalabagan",Dhaka,N/A,https://doctor.bd/doctor/dr-fariha-binte-quayum-dentistry-dhaka
Dr. Farjana Ahmed Surovi,Gynaecology & Obstetrics,"MBBS, FCPS",Assistant Professor,Chattogram Maa-O-Shishu Hospital Medical College,Chattogram,N/A,https://doctor.bd/doctor/dr-farjana-ahmed-surovi-gynaecology-obstetrics-chattogram
Dr. Farjana Akhter,Dermatology,"MBBS, DDV",Skin Specialist,Bangladesh Specialized Hospital,Dhaka,N/A,https://doctor.bd/doctor/dr-farjana-akhter-dermatology-dhaka
Dr. Farjana Begum,Gynaecology & Obstetrics,"MBBS, FCPS",Associate Professor,Dhaka Community Medical College & Hospital,Dhaka,N/A,https://doctor.bd/doctor/dr-farjana-begum-gynaecology-obstetrics-dhaka
Dr. Farjana Haque Shumi,General Surgery,"MBBS, FCPS",Resident Surgeon,Uttara Adhunik Medical College Hospital,Dhaka,N/A,https://doctor.bd/doctor/dr-farjana-haque-shumi-general-surgery-dhaka
Dr. Farjana Kabir,Medicine,"MBBS, BCS, FCPS",Consultant,Khulna Medical College Hospital,Khulna,N/A,https://doctor.bd/doctor/dr-farjana-kabir-medicine-khulna
Dr. Farjana Mahjabin (Ovi),Gynaecology & Obstetrics,"MBBS, BCS, MS",Assistant Registrar,"250 Bedded General Hospital, Pabna",Pabna,N/A,https://doctor.bd/doctor/dr-farjana-mahjabin-ovi-gynaecology-obstetrics-pabna
Dr. Farjana Nasreen,Dentistry,BDS,Consultant,"Ocean Diagnostic Centre, Chattogram",Chattogram,N/A,https://doctor.bd/doctor/dr-farjana-nasreen-dentistry-chattogram
Dr. Farrukh Ahmad,Pediatrics,"MBBS, MCPS, MD",Consultant,Khulna Medical College Hospital,Khulna,N/A,https://doctor.bd/doctor/dr-farrukh-ahmad-pediatrics-khulna
Dr. Farrukh Shaheen Rosy,Endocrinology,"MBBS, CCD",Diabetes Specialist,BIRDEM General Hospital,Dhaka,N/A,https://doctor.bd/doctor/dr-farrukh-shaheen-rosy-endocrinology-dhaka
Dr. Faruk Hossain,Plastic Surgery,"MBBS, MS",Assistant Professor,Dhaka Community Medical College,Dhaka,7+ Years,https://doctor.bd/doctor/dr-faruk-hossain-plastic-surgery-dhaka
Dr. Faruq Amin Talukder,Nephrology,"MBBS, MD",Doctor,"Kurmitola General Hospital, Dhaka",Dhaka,N/A,https://doctor.bd/doctor/dr-faruq-amin-talukder-nephrology-dhaka
Dr. Faruque Ahmed,Nephrology,"MBBS, BCS, MD",Assistant Professor,Shaheed Suhrawardy Medical College Hospital,Dhaka,N/A,https://doctor.bd/doctor/dr-faruque-ahmed-nephrology-dhaka
Dr. Farzana Afroze,Dermatology,"MBBS, MCPS, FCPS",Consultant,Ahsania Mission Cancer and General Hospital,Dhaka,N/A,https://doctor.bd/doctor/dr-farzana-afroze-dermatology-dhaka
Dr. Farzana Ahmed,Pediatrics,"MBBS, FCPS, FRCP",Associate Professor,Marks Medical College & Hospital,Dhaka,N/A,https://doctor.bd/doctor/dr-farzana-ahmed-pediatrics-dhaka
Dr. Farzana Akhter Bithi,Gynaecology & Obstetrics,"MBBS, BCS, FCPS",Surgeon,Chattogram Medical College Hospital,Chattogram,N/A,https://doctor.bd/doctor/dr-farzana-akhter-bithi-gynaecology-obstetrics-chattogram
Dr. Farzana Akter Chowdhury,Ophthalmology,"MBBS, DCO",Consultant,Chattogram Eye Infirmary and Training Complex,Chattogram,N/A,https://doctor.bd/doctor/dr-farzana-akter-chowdhury-ophthalmology-chattogram
Dr. Farzana Aman Sharmin,Dentistry,"BDS, PGT",Consultant,Freshdent Orthodontics & Implant Center,Chattogram,N/A,https://doctor.bd/doctor/dr-farzana-aman-sharmin-dentistry-chattogram
Dr. Farzana Anam,Gynaecology & Obstetrics,"MBBS, BCS, FCPS",Consultant,Narayanganj General (Victoria) Hospital,Narayanganj,N/A,https://doctor.bd/doctor/dr-farzana-anam-gynaecology-obstetrics-narayanganj
Dr. Farzana Anar,Dentistry,"BDS, FCPS",Assistant Professor,Community Based Medical College Hospital Bangladesh,Dhaka,N/A,https://doctor.bd/doctor/dr-farzana-anar-dentistry-dhaka
Dr. Farzana Begum,Gynaecology & Obstetrics,"MBBS, BCS, MS",Gynecologist,Rajshahi Medical College Hospital,Rajshahi,N/A,https://doctor.bd/doctor/dr-farzana-begum-gynaecology-obstetrics-rajshahi
Dr. Farzana Chowdhury,Gynaecology & Obstetrics,"MBBS, MCPS, FCPS",Assistant Professor,Chattogram International Medical College & Hospital (CIMCH),Chattogram,N/A,https://doctor.bd/doctor/dr-farzana-chowdhury-gynaecology-obstetrics-chattogram
Dr. Farzana Ferdous Munmun,Gynaecology & Obstetrics,"MBBS, BCS, DGO, FCPS",Assistant Professor,Sher-e-bangla Medical College Hospital,Barishal,N/A,https://doctor.bd/doctor/dr-farzana-ferdous-munmun-gynaecology-obstetrics-barishal
Dr. Farzana Hamid,Pediatrics,"MBBS, FCPS, MRCP",Associate Professor,North East Medical College Hospital,Sylhet,N/A,https://doctor.bd/doctor/dr-farzana-hamid-pediatrics-sylhet
Dr. Farzana Hamid (Eti),Gynaecology & Obstetrics,"MBBS, BCS, MS",Consultant,Bangladesh Medical University,Dhaka,N/A,https://doctor.bd/doctor/dr-farzana-hamid-eti-gynaecology-obstetrics-dhaka
Dr. Farzana Haque,Medicine,"MBBS, BCS, MACP, FCPS",Registrar,Dhaka Medical College Hospital,Dhaka,N/A,https://doctor.bd/doctor/dr-farzana-haque-medicine-dhaka
Dr. Farzana Haseen Mukti,Gynaecology & Obstetrics,"MBBS, DGO, FCPS, MCPS",Senior Consultant,Evercare Hospital Chattogram,Chattogram,N/A,https://doctor.bd/doctor/dr-farzana-haseen-mukti-gynaecology-obstetrics-chattogram
Dr. Farzana Islam,Pediatrics,"MBBS, DCH, MCPS",Specialist and Head,Evercare Hospital Dhaka,Dhaka,N/A,https://doctor.bd/doctor/dr-farzana-islam-pediatrics-dhaka
Dr. Farzana Khondaker Eshan,Gynaecology & Obstetrics,"MBBS, BCS, FCPS",Consultant,Cumilla Medical College Hospital,Cumilla,N/A,https://doctor.bd/doctor/dr-farzana-khondaker-eshan-gynaecology-obstetrics-cumilla
Dr. Farzana Naznin Ripa,Gynaecology & Obstetrics,"MBBS, FCPS",Consultant,Rajshahi Medical College Hospital,Rajshahi,N/A,https://doctor.bd/doctor/dr-farzana-naznin-ripa-gynaecology-obstetrics-rajshahi
Dr. Farzana Rabin (Shormi),Psychiatry,"MBBS, MPhil, MD",Professor & Head,Holy Family Red Crescent Medical College Hospital,Dhaka,N/A,https://doctor.bd/doctor/dr-farzana-rabin-shormi-psychiatry-dhaka
Dr. Farzana Rahman,Hematology,"MBBS, FCPS",Associate Professor,Bangladesh Medical University,Dhaka,N/A,https://doctor.bd/doctor/dr-farzana-rahman-hematology-dhaka
Dr. Farzana Rahman Chowdhury,Pediatrics,"MBBS, DCH, FCPS",Consultant,Popular Medical College & Hospital,Dhaka,N/A,https://doctor.bd/doctor/dr-farzana-rahman-chowdhury-pediatrics-dhaka
Dr. Farzana Rahman Shathi,Dermatology,"MBBS, BCS, MCPS, DDV, FCPS",Assistant Professor,Shaheed Suhrawardy Medical College Hospital,Dhaka,N/A,https://doctor.bd/doctor/dr-farzana-rahman-shathi-dermatology-dhaka
Dr. Farzana Rashid,Gynaecology & Obstetrics,"MBBS, BCS, FCPS",Consultant,Khulna Medical College Hospital,Khulna,N/A,https://doctor.bd/doctor/dr-farzana-rashid-gynaecology-obstetrics-khulna
Dr. Farzana Rashid,Gynaecology & Obstetrics,"MBBS, FCPS",Consultant,"Square Hospital, Dhaka",Dhaka,N/A,https://doctor.bd/doctor/dr-farzana-rashid-gynaecology-obstetrics-dhaka
Dr. Farzana Sharmin Bithi,Gynaecology & Obstetrics,"MBBS, DGO, FCPS",Consultant,National Institute of Cancer Research and Hospital (NICR&H),Dhaka,N/A,https://doctor.bd/doctor/dr-farzana-sharmin-bithi-gynaecology-obstetrics-dhaka
Dr. Farzana Sharmin Shuvra,Gynaecology & Obstetrics,"MBBS, FCPS",Assistant Professor,Bangladesh Medical University,Dhaka,N/A,https://doctor.bd/doctor/dr-farzana-sharmin-shuvra-gynaecology-obstetrics-dhaka
Dr. Farzana Shumy,Rheumatology,"MBBS, FCPS, MRCP, MD",Consultant,"Square Hospital, Dhaka",Dhaka,N/A,https://doctor.bd/doctor/dr-farzana-shumy-rheumatology-dhaka
Dr. Farzana Tazin,Cardiology,"MBBS, FCPS",Senior Consultant,National Heart Foundation Hospital Sylhet,Sylhet,N/A,https://doctor.bd/doctor/dr-farzana-tazin-cardiology-sylhet
Dr. Farzana Yeasmin Luna,Gynaecology & Obstetrics,"MBBS, BCS, FCPS, MRCOG, MSc",Senior Consultant,"United Hospital, Dhaka",Dhaka,N/A,https://doctor.bd/doctor/dr-farzana-yeasmin-luna-gynaecology-obstetrics-dhaka
Dr. Farzana Zulfia Khan,Cardiology,"MBBS, D-CARD",Consultant,"BRB Hospital, Dhaka",Dhaka,N/A,https://doctor.bd/doctor/dr-farzana-zulfia-khan-cardiology-dhaka
Dr. Fatama Tul Tanzina Chowdhury,Gynaecology & Obstetrics,"MBBS, MS",Assistant Professor,Sylhet Womens Medical College Hospital,Sylhet,15+ Years,https://doctor.bd/doctor/dr-fatama-tul-tanzina-chowdhury-gynaecology-obstetrics-sylhet
Dr. Fatamatuz Zohura Antora,Dermatology,"MBBS, FCPS",Dermatologist,Medix,Dhaka,N/A,https://doctor.bd/doctor/dr-fatamatuz-zohura-antora-dermatology-dhaka
Dr. Fateha Ferdous,Gynaecology & Obstetrics,"MBBS, MCPS, FCPS",Gynecologist,BIRDEM General Hospital,Dhaka,N/A,https://doctor.bd/doctor/dr-fateha-ferdous-gynaecology-obstetrics-dhaka
Dr. Fatema Akter,General Surgery,"MBBS, FCPS, FMAS",Consultant,Islami Bank Hospital Khulna,Khulna,N/A,https://doctor.bd/doctor/dr-fatema-akter-general-surgery-khulna
Dr. Fatema Akter Doly,Reproductive Medicine,"MBBS, MCPS",Manager at Model Family Planning Center,Dhaka Medical College Hospital,Dhaka,N/A,https://doctor.bd/doctor/dr-fatema-akter-doly-reproductive-medicine-dhaka
Dr. Fatema Akther (Juthi),Gynaecology & Obstetrics,"MBBS, DGO, FCPS",RMO,Bauphal Upazila Health Complex,Patuakhali,N/A,https://doctor.bd/doctor/dr-fatema-akther-juthi-gynaecology-obstetrics-patuakhali
Dr. Fatema Begum,Gynaecology & Obstetrics,"MBBS, DGO, FCPS",Gynecologist,Khwaja Yunus Ali Medical College & Hospital,Dhaka,N/A,https://doctor.bd/doctor/dr-fatema-begum-gynaecology-obstetrics-dhaka
Dr. Fatema Begum,Cardiology,"MBBS, FCPS, MD",Senior Consultant,"United Hospital, Dhaka",Dhaka,N/A,https://doctor.bd/doctor/dr-fatema-begum-cardiology-dhaka
Dr. Fatema Begum (Sweety),Pediatrics,"MBBS, FCPS",Assistant Professor,Rangamati Medical College Hospital,Rangamati,N/A,https://doctor.bd/doctor/dr-fatema-begum-sweety-pediatrics-rangamati
Dr. Fatema Farzana,Pediatrics,"MBBS, BCS, FCPS",Child Specialist,Dhaka Medical College Hospital,Dhaka,N/A,https://doctor.bd/doctor/dr-fatema-farzana-pediatrics-dhaka
Dr. Fatema Khanam,Nephrology,"MBBS, FCPS",Head,Kidney Foundation Hospital Sylhet,Sylhet,N/A,https://doctor.bd/doctor/dr-fatema-khanam-nephrology-sylhet
Dr. Fatema Masur,Gynaecology & Obstetrics,"MBBS, FCPS",Consultant,Pabna Medical College Hospital,Pabna,N/A,https://doctor.bd/doctor/dr-fatema-masur-gynaecology-obstetrics-pabna
Dr. Fatema Rahman Pinky,Gynaecology & Obstetrics,"MBBS, DGO, MCPS, FCPS",Gynecologist,Dhaka Medical College Hospital,Dhaka,N/A,https://doctor.bd/doctor/dr-fatema-rahman-pinky-gynaecology-obstetrics-dhaka
Dr. Fatema Siddiqua,Gynaecology & Obstetrics,"MBBS, DGO, FCPS",Professor & Head,"Islami Bank Medical College Hospital, Rajshahi",Rajshahi,N/A,https://doctor.bd/doctor/dr-fatema-siddiqua-gynaecology-obstetrics-rajshahi
Dr. Fatema Yasmin,Pediatrics,"MBBS, BCS, MD",Resident Physician,Sylhet MAG Osmani Medical College Hospital,Sylhet,N/A,https://doctor.bd/doctor/dr-fatema-yasmin-pediatrics-sylhet
Dr. Fatema Yeasmin (Popy),Gynaecology & Obstetrics,"MBBS, MS",Registrar,Sylhet MAG Osmani Medical College Hospital,Sylhet,N/A,https://doctor.bd/doctor/dr-fatema-yeasmin-popy-gynaecology-obstetrics-sylhet
Dr. Fatema Zohra,Gynaecology & Obstetrics,"MBBS, BCS, FCPS",Consultant,"General Hospital, Khulna",Khulna,N/A,https://doctor.bd/doctor/dr-fatema-zohra-gynaecology-obstetrics-khulna
Dr. Fatema-Tu-Zohora,Dermatology,"MBBS, MD",Assistant Professor,Enam Medical College & Hospital,Dhaka,N/A,https://doctor.bd/doctor/dr-fatema-tu-zohora-dermatology-dhaka
Dr. Fatematul Jannat Taniya,Gynaecology & Obstetrics,"MBBS, MS",Assistant Professor,Central Medical College Hospital,Cumilla,N/A,https://doctor.bd/doctor/dr-fatematul-jannat-taniya-gynaecology-obstetrics-cumilla
Dr. Fatematuz Zuhora,Gynaecology & Obstetrics,"MBBS, BCS, FCPS",Consultant,Sylhet MAG Osmani Medical College Hospital,Sylhet,N/A,https://doctor.bd/doctor/dr-fatematuz-zuhora-gynaecology-obstetrics-sylhet
Dr. Fatima Zohra,Psychiatry,"MBBS, MD",Assistant Professor,Bangladesh Medical University,Dhaka,N/A,https://doctor.bd/doctor/dr-fatima-zohra-psychiatry-dhaka
Dr. Fauzia Sobhan,Physical Medicine & Rehabilitation,"MBBS, FCPS",Associate Professor,Jalalabad Ragib-Rabeya Medical College & Hospital,Sylhet,N/A,https://doctor.bd/doctor/dr-fauzia-sobhan-physical-medicine-rehabilitation-sylhet
Dr. Fayem Chowdhury (Sony),Colorectal Surgery,"MS, MBBS, BCS, FCPS, FACS",Senior Consultant,Shaheed Suhrawardy Medical College Hospital,Dhaka,N/A,https://doctor.bd/doctor/dr-fayem-chowdhury-sony-colorectal-surgery-dhaka
Dr. Faysal Ahmed,Endocrinology,"MBBS, MPH, CCD",Director,"Ibrahim Genaral Hospital, Savar",Dhaka,N/A,https://doctor.bd/doctor/dr-faysal-ahmed-endocrinology-dhaka
Dr. Faysal Ahmed,Hepatology,"MBBS, MD",Consultant,Bangladesh Medical University,Dhaka,N/A,https://doctor.bd/doctor/dr-faysal-ahmed-hepatology-dhaka
Dr. Fazana Iffat Majumder,Dentistry,"BDS, PGT",Consultant,Islami Bank Hospital Mirpur,Dhaka,N/A,https://doctor.bd/doctor/dr-fazana-iffat-majumder-dentistry-dhaka
Dr. Fazilatun Nesa Bristy,Ophthalmology,"MBBS, BCS, MCPS, FCPS",Eye Specialist,Khulna Medical College Hospital,Khulna,N/A,https://doctor.bd/doctor/dr-fazilatun-nesa-bristy-ophthalmology-khulna
Dr. Fazilatun Nesa Kusum,Gynaecology & Obstetrics,"MBBS, MS, CMU, DMU",Consultant,"Institute of Child and Mother Health, Matuail",Dhaka,N/A,https://doctor.bd/doctor/dr-fazilatun-nesa-kusum-gynaecology-obstetrics-dhaka
Dr. Fazilatunnesa Naznin,Gynaecology & Obstetrics,"MBBS, FCPS",Assistant Professor,Northern International Medical College Hospital,Dhaka,N/A,https://doctor.bd/doctor/dr-fazilatunnesa-naznin-gynaecology-obstetrics-dhaka
Dr. Fazle Noor-E-Tawhida,Gynaecology & Obstetrics,"MBBS, FCPS",Senior Consultant,Dhaka Medical College Hospital,Dhaka,N/A,https://doctor.bd/doctor/dr-fazle-noor-e-tawhida-gynaecology-obstetrics-dhaka
Dr. Fazley Rabby,Ophthalmology,"MBBS, BCS, FCPS, MCPS, ICO",Resident Surgeon,"250 Bedded General Hospital, Pabna",Pabna,N/A,https://doctor.bd/doctor/dr-fazley-rabby-ophthalmology-pabna
Dr. Fazlur Rahman Chowdhury,Pediatrics,"MBBS, DCH, PGT, PGPN",Consultant,Dhaka Shishu Hospital,Dhaka,N/A,https://doctor.bd/doctor/dr-fazlur-rahman-chowdhury-pediatrics-dhaka
Dr. Ferdous Akhter Jolly,Ophthalmology,"MBBS, DO, FCPS",Associate Professor,BIRDEM General Hospital,Dhaka,N/A,https://doctor.bd/doctor/dr-ferdous-akhter-jolly-ophthalmology-dhaka
Dr. Ferdous Alam,General Surgery,"MBBS, FCPS, MRCS",Surgeon,Bangladesh Medical University,Dhaka,N/A,https://doctor.bd/doctor/dr-ferdous-alam-general-surgery-dhaka
Dr. Ferdous Ara Banu Kakoli,Gynaecology & Obstetrics,"MBBS, FCPS",Consultant,Islami Bank Central Hospital,Dhaka,N/A,https://doctor.bd/doctor/dr-ferdous-ara-banu-kakoli-gynaecology-obstetrics-dhaka
Dr. Ferdous Ara Begum,Oncology,"MBBS, DCH, MD",Consultant,National Institute of Cancer Research and Hospital (NICR&H),Dhaka,N/A,https://doctor.bd/doctor/dr-ferdous-ara-begum-oncology-dhaka
Dr. Ferdous Ara Sarwar,Gynaecology & Obstetrics,"MBBS, MCPS",Senior Medical Officer,Chattogram Port Authority Hospital,Chattogram,N/A,https://doctor.bd/doctor/dr-ferdous-ara-sarwar-gynaecology-obstetrics-chattogram
Dr. Ferdous Kamal Bhuiyan,Nephrology,"MBBS, MD",Kidney Specialist,Asgar Ali Hospital,Dhaka,N/A,https://doctor.bd/doctor/dr-ferdous-kamal-bhuiyan-nephrology-dhaka
Dr. Ferdous Mahmud Faisal,Urology,"MBBS, BCS, MS",Consultant,National Institute of Kidney Disease and Urology (NIKDU),Dhaka,N/A,https://doctor.bd/doctor/dr-ferdous-mahmud-faisal-urology-dhaka
Dr. Ferdous Shahriar Sayed,Oncology,"MBBS, MD",Senior Consultant,Evercare Hospital Dhaka,Dhaka,N/A,https://doctor.bd/doctor/dr-ferdous-shahriar-sayed-oncology-dhaka
Dr. Ferdousi Begum,Pediatrics,"MBBS, BCS, MCPS, FCPS, MD",Consultant,Rajshahi Medical College Hospital,Rajshahi,N/A,https://doctor.bd/doctor/dr-ferdousi-begum-pediatrics-rajshahi
Dr. Ferdousi Begum,Gynaecology & Obstetrics,"MBBS, DGO, FCPS",Associate Professor,Holy Family Red Crescent Medical College Hospital,Dhaka,N/A,https://doctor.bd/doctor/dr-ferdousi-begum-gynaecology-obstetrics-dhaka
Dr. Ferdousi Begum,Dentistry,"BDS, MS, BCS",Professor & Head,Rangpur Medical College Hospital,Rangpur,N/A,https://doctor.bd/doctor/dr-ferdousi-begum-dentistry-rangpur
Dr. Ferdousi Begum Nely,Gynaecology & Obstetrics,"MBBS, DGO",Resident Surgeon,Southern Medical College & Hospital,Chattogram,N/A,https://doctor.bd/doctor/dr-ferdousi-begum-nely-gynaecology-obstetrics-chattogram
Dr. Ferdousi Chowdhury,Gynaecology & Obstetrics,"MBBS, DGO, FCPS",Gynecologist,Asgar Ali Hospital,Dhaka,N/A,https://doctor.bd/doctor/dr-ferdousi-chowdhury-gynaecology-obstetrics-dhaka
Dr. Feroza Aktar,Pediatrics,"MBBS, DCH, FCPS",Consultant,Chattogram International Medical College & Hospital (CIMCH),Chattogram,N/A,https://doctor.bd/doctor/dr-feroza-aktar-pediatrics-chattogram
Dr. Feroza Meher,Dermatology,MBBS,Consultant,"Surecell Medical, Chattogram",Chattogram,N/A,https://doctor.bd/doctor/dr-feroza-meher-dermatology-chattogram
Dr. Firoj Ahmed Al-Amin,Neurosurgery,"MBBS, MS, MRCS, FACS",Consultant,Sir Salimullah Medical College Mitford Hospital,Dhaka,N/A,https://doctor.bd/doctor/dr-firoj-ahmed-al-amin-neurosurgery-dhaka
Dr. Firoz Ahmed,Pediatrics,"MBBS, BCS, MD",Associate Professor,Cumilla Medical College Hospital,Cumilla,10+ Years,https://doctor.bd/doctor/dr-firoz-ahmed-pediatrics-cumilla
Dr. Firoz Ahmed,Orthopedics,"MBBS, BCS, D-ORTHO",Consultant,Khulna Medical College Hospital,Khulna,N/A,https://doctor.bd/doctor/dr-firoz-ahmed-orthopedics-khulna
Dr. Firoza Banu Shirin,Gynaecology & Obstetrics,"MBBS, BCS, FCPS",Consultant,"Shaheed Ziaur Rahman Medical College Hospital, Bogura",Bogura,N/A,https://doctor.bd/doctor/dr-firoza-banu-shirin-gynaecology-obstetrics-bogura
Dr. Florida Rahman,Reproductive Medicine,"MBBS, FCPS",Associate Professor,Lumina IVF & Fertility Center,Dhaka,N/A,https://doctor.bd/doctor/dr-florida-rahman-reproductive-medicine-dhaka
Dr. Forhad Hossain Badol,General Surgery,"MBBS, BCS, FCPS",Registrar,Rangpur Medical College Hospital,Rangpur,N/A,https://doctor.bd/doctor/dr-forhad-hossain-badol-general-surgery-rangpur
Dr. Forhad Hossain Chowdhury,Neurosurgery,"MBBS, FCPS, MS",Assistant Professor,National Institute of Neurosciences & Hospital,Dhaka,N/A,https://doctor.bd/doctor/dr-forhad-hossain-chowdhury-neurosurgery-dhaka
Dr. Forhad Hossain Md. Shahed,Hepatology,"MBBS, BCS, MD",Assistant Professor,Dhaka Medical College Hospital,Dhaka,N/A,https://doctor.bd/doctor/dr-forhad-hossain-md-shahed-hepatology-dhaka
Dr. Forhad Karim Majumder,Cardiology,"MBBS, BCS, MACP, MD",Consultant,National Institute of Cardiovascular Disease (NICVD),Cumilla,N/A,https://doctor.bd/doctor/dr-forhad-karim-majumder-cardiology-cumilla
Dr. Forhad Uddin Hasan Chowdhury,Medicine,"MBBS, FCPS, MSc",Registrar,Dhaka Medical College Hospital,Dhaka,N/A,https://doctor.bd/doctor/dr-forhad-uddin-hasan-chowdhury-medicine-dhaka
Dr. Forhadul Islam Tuhin,Medicine,"MBBS, BCS, FCPS, MACP, MD",Consultant,Khulna Medical College Hospital,Khulna,N/A,https://doctor.bd/doctor/dr-forhadul-islam-tuhin-medicine-khulna
Dr. Forida Begum,Gynaecology & Obstetrics,"MBBS, BCS, DGO",Senior Consultant,Sher-e-bangla Medical College Hospital,Barishal,N/A,https://doctor.bd/doctor/dr-forida-begum-gynaecology-obstetrics-barishal
Dr. Forrukh Uddin Rasel,Dentistry,"BDS, PGT",Chief Consultant,"Dental Avenue, Khulna",Khulna,N/A,https://doctor.bd/doctor/dr-forrukh-uddin-rasel-dentistry-khulna
Dr. Fouad Al Hasanat,Dentistry,"BDS, DDC, MSc",Associate Professor,Mandy Dental College & Hospital,Dhaka,N/A,https://doctor.bd/doctor/dr-fouad-al-hasanat-dentistry-dhaka
Dr. Foujia Sharmin,Gynaecology & Obstetrics,"MBBS, FCPS",Consultant,National Institute of Cancer Research and Hospital (NICR&H),Dhaka,N/A,https://doctor.bd/doctor/dr-foujia-sharmin-gynaecology-obstetrics-dhaka
Dr. Fouzia Akter,Gynaecology & Obstetrics,"MBBS, BCS, MCPS, FCPS",Assistant Professor,Rangpur Medical College Hospital,Rangpur,14+ Years,https://doctor.bd/doctor/dr-fouzia-akter-gynaecology-obstetrics-rangpur
Dr. Fouzia Anar,Medicine,"MBBS, CCD, FCPS",Doctor,BIRDEM General Hospital,Dhaka,N/A,https://doctor.bd/doctor/dr-fouzia-anar-medicine-dhaka
Dr. Fouzia Begum,Gynaecology & Obstetrics,"MBBS, FCPS",Associate Professor,Khulna City Medical College Hospital,Khulna,N/A,https://doctor.bd/doctor/dr-fouzia-begum-gynaecology-obstetrics-khulna
Dr. Fouzia Sultana,General Surgery,"MBBS, FCPS",Assistant Professor,Delta Medical College & Hospital,Dhaka,N/A,https://doctor.bd/doctor/dr-fouzia-sultana-general-surgery-dhaka
Dr. Fowaz Hussain Shuvo,Hepatology,"MBBS, MD",Consultant,"Square Hospital, Dhaka",Dhaka,N/A,https://doctor.bd/doctor/dr-fowaz-hussain-shuvo-hepatology-dhaka
Dr. Foysal Ahmed,Medicine,"MBBS, BCS, FCPS",Associate Professor,Mymensingh Medical College Hospital,Mymensingh,N/A,https://doctor.bd/doctor/dr-foysal-ahmed-medicine-mymensingh
Dr. Foysal Islam,Dentistry,"BDS, PGT",Dental Surgeon,"Foysal Dental Care, Ramganj, Lakshmipur",Lakshmipur,N/A,https://doctor.bd/doctor/dr-foysal-islam-dentistry-lakshmipur
Dr. Foysal Kader Shah Chowdhury Imon,Ophthalmology,"MBBS, BCS, DO, MCPS",Assistant Professor,Mymensingh Medical College Hospital,Mymensingh,N/A,https://doctor.bd/doctor/dr-foysal-kader-shah-chowdhury-imon-ophthalmology-mymensingh
Dr. Fuad Mohammad Shaheed Hossain,ENT,"MBBS, DLO, MS",Doctor,Holy Family Red Crescent Medical College Hospital,Dhaka,N/A,https://doctor.bd/doctor/dr-fuad-mohammad-shaheed-hossain-ent-dhaka
Dr. Furkan Ahmed,Urology,"MBBS, MS",Assistant Professor,Sir Salimullah Medical College Mitford Hospital,Dhaka,N/A,https://doctor.bd/doctor/dr-furkan-ahmed-urology-dhaka
Dr. G. M. Abu Jafor,Ophthalmology,"MBBS, FCPS",Senior Consultant,Islami Bank Hospital Khulna,Khulna,N/A,https://doctor.bd/doctor/dr-g-m-abu-jafor-ophthalmology-khulna
Dr. G. M. Mohiuddin,Cardiology,"MBBS, MD",Assistant Professor,Sylhet MAG Osmani Medical College Hospital,Sylhet,N/A,https://doctor.bd/doctor/dr-g-m-mohiuddin-cardiology-sylhet
Dr. G. R. M. Zihadul Islam Riaz,Dermatology,"MBBS, BCS, DDV",Consultant,Cumilla Medical College Hospital,Cumilla,10+ Years,https://doctor.bd/doctor/dr-g-r-m-zihadul-islam-riaz-dermatology-cumilla
Dr. G.M. Reza,Orthopedics,"MBBS, MCPS, D-ORTHO, MS",Associate Professor,National Institute of Traumatology and Orthopaedic Rehabilitation (NITOR),Dhaka,N/A,https://doctor.bd/doctor/dr-gm-reza-orthopedics-dhaka
Dr. G.M. Ruhul Quddus,Orthopedics,"MBBS, D-ORTHO",Assistant Professor,National Institute of Traumatology and Orthopaedic Rehabilitation (NITOR),Dhaka,N/A,https://doctor.bd/doctor/dr-gm-ruhul-quddus-orthopedics-dhaka
Dr. Galiba Tasnim (Bony),Pediatrics,"MBBS, BCS, MD",Consultant,"250 Bedded General Hospital, Pabna",Pabna,N/A,https://doctor.bd/doctor/dr-galiba-tasnim-bony-pediatrics-pabna
Dr. Ganesh Chandra Saurav,Rheumatology,"MBBS, D-CARD, MACP, MESC, FCCP, FCPS",Professor & Head,Eastern Medical College Hospital,Cumilla,N/A,https://doctor.bd/doctor/dr-ganesh-chandra-saurav-rheumatology-cumilla
Dr. Ganesh Kumar Agarwala,General Surgery,"MBBS, BCS, MCPS, MS",Associate Professor,"Shaheed Ziaur Rahman Medical College Hospital, Bogura",Bogura,N/A,https://doctor.bd/doctor/dr-ganesh-kumar-agarwala-general-surgery-bogura
Dr. Gaousul Azam,Neurosurgery,"MBBS, BCS, MS",Assistant Professor,Dhaka Medical College Hospital,Dhaka,N/A,https://doctor.bd/doctor/dr-gaousul-azam-neurosurgery-dhaka
Dr. Gautam Kumar Mondal,Medicine,"MBBS, BCS, FCPS",Assistant Professor,Khulna Medical College Hospital,Khulna,15+ Years,https://doctor.bd/doctor/dr-gautam-kumar-mondal-medicine-khulna
Dr. Gazi Mahmud Ul Hasan Rusho,Pediatric Surgery,"MBBS, MS",Assistant Registrar,Dhaka Medical College Hospital,Dhaka,N/A,https://doctor.bd/doctor/dr-gazi-mahmud-ul-hasan-rusho-pediatric-surgery-dhaka
Dr. Gazi Md. Ariful Islam Velia,Orthopedics,"MBBS, BCS, MS",Assistant Registrar,Cumilla Medical College Hospital,Cumilla,N/A,https://doctor.bd/doctor/dr-gazi-md-ariful-islam-velia-orthopedics-cumilla
Dr. Gazi Md. Matiur Rahman,Dermatology,"MBBS, BCS, MD",Assistant Professor,Cumilla Medical College Hospital,Cumilla,N/A,https://doctor.bd/doctor/dr-gazi-md-matiur-rahman-dermatology-cumilla
Dr. Gazi Md. Zakir Hossain,General Surgery,"MBBS, MS",Associate Professor,Bashundhara Ad-din Medical College Hospital,Dhaka,N/A,https://doctor.bd/doctor/dr-gazi-md-zakir-hossain-general-surgery-dhaka
Dr. Gazi Mohammad Imranul Haque,Pediatrics,"MBBS, MD, FCPS",Consultant,Dhaka Shishu Hospital,Dhaka,N/A,https://doctor.bd/doctor/dr-gazi-mohammad-imranul-haque-pediatrics-dhaka
Dr. Gazi Muhammad Salahuddin,Colorectal Surgery,"MBBS, BCS, FCPS, MCPS, FMAS, FACS",Consultant,Narayanganj General (Victoria) Hospital,Narayanganj,N/A,https://doctor.bd/doctor/dr-gazi-muhammad-salahuddin-colorectal-surgery-narayanganj
Dr. GC Pal,General Surgery,"MBBS, BCS, FCPS",Consultant,Dhaka Medical College Hospital,Dhaka,N/A,https://doctor.bd/doctor/dr-gc-pal-general-surgery-dhaka
Dr. GK Chakravarty,Gynaecology & Obstetrics,"MBBS, FCPS",Chief Consultant,"BellView Medical Services, Barishal",Barishal,N/A,https://doctor.bd/doctor/dr-gk-chakravarty-gynaecology-obstetrics-barishal
Dr. Gobinda Chandra Barman,Nephrology,"MBBS, BCS, MD",Assistant Professor,Mymensingh Medical College Hospital,Mymensingh,N/A,https://doctor.bd/doctor/dr-gobinda-chandra-barman-nephrology-mymensingh
Dr. Gobinda Chandra Roy,Cardiology,"MBBS, FCPS, MD, MRCP",Associate Professor,Shaheed Suhrawardy Medical College Hospital,Dhaka,N/A,https://doctor.bd/doctor/dr-gobinda-chandra-roy-cardiology-dhaka
Dr. Gobinda Gain,Gastroenterology,"MBBS, MCPS, MD, FCPS",Consultant,Labaid Cancer Hospital and Super Speciality Centre,Dhaka,N/A,https://doctor.bd/doctor/dr-gobinda-gain-gastroenterology-dhaka
Dr. Gobinda Kanti Pal,Cardiology,"MBBS, BCS, FCPS, MD",Assistant Professor,Mymensingh Medical College Hospital,Mymensingh,N/A,https://doctor.bd/doctor/dr-gobinda-kanti-pal-cardiology-mymensingh
Dr. Golam Faisal,Nephrology,"MBBS, MD",Consultant,"Central Police Hospital, Rajarbag, Dhaka",Dhaka,N/A,https://doctor.bd/doctor/dr-golam-faisal-nephrology-dhaka
Dr. Golam Mahabub Sikder,Nephrology,"MBBS, BCS, MD, CCD, MACP",Consultant,Cumilla Medical College Hospital,Cumilla,N/A,https://doctor.bd/doctor/dr-golam-mahabub-sikder-nephrology-cumilla
Dr. Golam Mahbub Chowdhury,Orthopedics,"MBBS, BCS, MS",Assistant Registrar,National Institute of Traumatology and Orthopaedic Rehabilitation (NITOR),Dhaka,N/A,https://doctor.bd/doctor/dr-golam-mahbub-chowdhury-orthopedics-dhaka
Dr. Golam Mahfuz Rabbani,Cardiology,"MBBS, BCS, MD",Consultant,Sir Salimullah Medical College Mitford Hospital,Dhaka,N/A,https://doctor.bd/doctor/dr-golam-mahfuz-rabbani-cardiology-dhaka
Dr. Golam Mahmud Rayhan,Hepatobiliary Surgery,"MBBS, MRCS, MS, FCPS",Assistant Professor,"National Gastroliver Institute and Hospital, Dhaka",Dhaka,N/A,https://doctor.bd/doctor/dr-golam-mahmud-rayhan-hepatobiliary-surgery-dhaka
Dr. Golam Mohammad,General Surgery,"MBBS, FCPS",Surgeon,Rajshahi Medical College Hospital,Rajshahi,N/A,https://doctor.bd/doctor/dr-golam-mohammad-general-surgery-rajshahi
Dr. Golam Morshed,Cardiology,"MBBS, FCPS, MRCP, MACP",Assistant Professor,National Institute of Cardiovascular Disease (NICVD),Dhaka,N/A,https://doctor.bd/doctor/dr-golam-morshed-cardiology-dhaka
Dr. Golam Mostafa Chowdhury Shamim,Ophthalmology,"MBBS, DCO",Consultant,"Chevron Eye Hospital, Chattogram",Chattogram,N/A,https://doctor.bd/doctor/dr-golam-mostafa-chowdhury-shamim-ophthalmology-chattogram
Dr. Golam Mostofa,Pediatrics,"MBBS, BCS, FCPS",Registrar,Cumilla Medical College Hospital,Cumilla,N/A,https://doctor.bd/doctor/dr-golam-mostofa-pediatrics-cumilla
Dr. Golam Musfiqur,Ophthalmology,"MBBS, BCS, MCPS",Assistant Professor,National Institute of Ophthalmology & Hospital,Dhaka,N/A,https://doctor.bd/doctor/dr-golam-musfiqur-ophthalmology-dhaka
Dr. Golam Mustafa,Colorectal Surgery,"MBBS, BCS, MRCS, FCPS, MS",Assistant Professor,Dhaka Medical College Hospital,Dhaka,N/A,https://doctor.bd/doctor/dr-golam-mustafa-colorectal-surgery-dhaka
Dr. Golam Mustofa,Pediatrics,"MBBS, DTM, HDCH",Child Specialist,Dhaka Medical College Hospital,Dhaka,N/A,https://doctor.bd/doctor/dr-golam-mustofa-pediatrics-dhaka
Dr. Golam Rabbani,Rheumatology,"MBBS, BCS, FCPS, MRCP",Assistant Professor,Rangpur Medical College Hospital,Rangpur,N/A,https://doctor.bd/doctor/dr-golam-rabbani-rheumatology-rangpur
Dr. Golam Rahman Bhuiyan,Cardiology,"MBBS, BCS, FCPS, MRCP, MD",Assistant Professor,Mymensingh Medical College Hospital,Mymensingh,N/A,https://doctor.bd/doctor/dr-golam-rahman-bhuiyan-cardiology-mymensingh
Dr. Golam Sarwar,Medicine,"MBBS, BCS, FMD, FCGP",Assistant Professor,Sher-e-bangla Medical College Hospital,Barishal,N/A,https://doctor.bd/doctor/dr-golam-sarwar-medicine-barishal
Dr. Golam Sarwar Bidyut,Respiratory Medicine,"MBBS, MD",Assistant Professor,National Institute of Diseases of the Chest & Hospital (NIDCH),Dhaka,N/A,https://doctor.bd/doctor/dr-golam-sarwar-bidyut-respiratory-medicine-dhaka
Dr. Gopal Verma,Orthopedics,"MBBS, MS",Assistant Professor,Aichi Medical College & Hospital,Dhaka,N/A,https://doctor.bd/doctor/dr-gopal-verma-orthopedics-dhaka
Dr. Goutam Kumar Ghosh,General Surgery,"MBBS, MS",Senior Consultant,"250 Bedded General Hospital, Pabna",Pabna,N/A,https://doctor.bd/doctor/dr-goutam-kumar-ghosh-general-surgery-pabna
Dr. Goutam Kumar Mukharjee,Orthopedics,"MBBS, BCS, D-ORTHO, FCPS",Consultant,Khulna Medical College Hospital,Khulna,N/A,https://doctor.bd/doctor/dr-goutam-kumar-mukharjee-orthopedics-khulna
Dr. Goutam Talukder,Medicine,"MBBS, BCS, FCPS",Registrar,Sylhet MAG Osmani Medical College Hospital,Sylhet,N/A,https://doctor.bd/doctor/dr-goutam-talukder-medicine-sylhet
Dr. Govinda Karmakar,Medicine,"MBBS, BCS, FCPS, MACP",Consultant,Sylhet MAG Osmani Medical College Hospital,Sylhet,N/A,https://doctor.bd/doctor/dr-govinda-karmakar-medicine-sylhet
Dr. Gule Tajkia,Pediatrics,"MBBS, FCPS",Junior Consultant,Anwer Khan Modern Medical College Hospital,Dhaka,N/A,https://doctor.bd/doctor/dr-gule-tajkia-pediatrics-dhaka
Dr. Gulshan Ara,Gynaecology & Obstetrics,"MBBS, MCPS, MS, FCPS",Senior Consultant,Evercare Hospital Dhaka,Dhaka,N/A,https://doctor.bd/doctor/dr-gulshan-ara-gynaecology-obstetrics-dhaka
Dr. Gulzar Hossain Ujjal,Hematology,"MBBS, MD",Consultant,National Institute of Cancer Research and Hospital (NICR&H),Dhaka,N/A,https://doctor.bd/doctor/dr-gulzar-hossain-ujjal-hematology-dhaka
Dr. Gurudas Mondal,Neurology,"MBBS, MD",Associate Professor,Pabna Medical College Hospital,Pabna,N/A,https://doctor.bd/doctor/dr-gurudas-mondal-neurology-pabna
Dr. H M Zafor Sharif,Pediatric Surgery,"MBBS, BCS, MS",Assistant Professor,Khulna Medical College Hospital,Khulna,N/A,https://doctor.bd/doctor/dr-h-m-zafor-sharif-pediatric-surgery-khulna
Dr. H. A. Mahmudunnesa,Gynaecology & Obstetrics,"MBBS, PGT, DMU, TVS",Consultant,"TMC Diagnostic & Hospital, Mymensingh",Mymensingh,N/A,https://doctor.bd/doctor/dr-h-a-mahmudunnesa-gynaecology-obstetrics-mymensingh
Dr. H. A. Rashid,Orthopedics,"MBBS, BCS, MS, FCPS",Assistant Professor,"Mugda Medical College Hospital, Dhaka",Narayanganj,N/A,https://doctor.bd/doctor/dr-h-a-rashid-orthopedics-narayanganj
Dr. H. M. Kaiser,Medicine,"MBBS, BCS, FCPS, MACP",Consultant,Cox's Bazar 250 Bed District Sadar Hospital,Cox's Bazar,N/A,https://doctor.bd/doctor/dr-h-m-kaiser-medicine-coxs-bazar
Dr. H. S. M. Al-Salih Sabbir,Medicine,"MBBS, BCS, FCPS",Assistant Registrar,Rangpur Medical College Hospital,Rangpur,7+ Years,https://doctor.bd/doctor/dr-h-s-m-al-salih-sabbir-medicine-rangpur
Dr. H. S. Mobarak Hossen,ENT,"MBBS, BCS, FCPS",Associate Professor,Chattogram Medical College Hospital,Chattogram,N/A,https://doctor.bd/doctor/dr-h-s-mobarak-hossen-ent-chattogram
Dr. H.M. Aminur Rashid,Respiratory Medicine,"MBBS, BCS, MD",Registrar,National Institute of Diseases of the Chest & Hospital (NIDCH),Dhaka,N/A,https://doctor.bd/doctor/dr-hm-aminur-rashid-respiratory-medicine-dhaka
Dr. H.M. Masum Billah,Medicine,"MBBS, BCS, FCPS",Registrar,Sher-e-bangla Medical College Hospital,Barishal,N/A,https://doctor.bd/doctor/dr-hm-masum-billah-medicine-barishal
Dr. H.M. Nazmul Ahsan,Medicine,"MBBS, BCS, FCPS",Associate Professor,Shaheed Suhrawardy Medical College Hospital,Dhaka,N/A,https://doctor.bd/doctor/dr-hm-nazmul-ahsan-medicine-dhaka
Dr. H.N Masuk Rahman,Physical Medicine & Rehabilitation,"MBBS, MACP, CCD, FCPS",Professor & Head,Bangladesh Institute of Health Science (BIHS),Dhaka,N/A,https://doctor.bd/doctor/dr-hn-masuk-rahman-physical-medicine-rehabilitation-dhaka
Dr. H.N.M Shafiquzzaman,General Surgery,"MBBS, BCS, FCPS, FACS",Assistant Professor,Rajshahi Medical College Hospital,Rajshahi,N/A,https://doctor.bd/doctor/dr-hnm-shafiquzzaman-general-surgery-rajshahi
Dr. H.S. Kollol,Pediatrics,"MBBS, DCH, FCPS",Junior Consultant,"250 Bedded General Hospital, Kushtia",Kushtia,N/A,https://doctor.bd/doctor/dr-hs-kollol-pediatrics-kushtia
Dr. Habib Ahmed,Gastroenterology,"MBBS, BCS, MD",Assistant Professor,Shaheed Suhrawardy Medical College Hospital,Dhaka,N/A,https://doctor.bd/doctor/dr-habib-ahmed-gastroenterology-dhaka
Dr. Habibul Islam Chowdhury,Cardiology,"MBBS, BCS, MD",Assistant Professor,Chattogram Medical College Hospital,Chattogram,N/A,https://doctor.bd/doctor/dr-habibul-islam-chowdhury-cardiology-chattogram
Dr. Habibur Rahman,Endocrinology,"MBBS, BCS, MD",Assistant Professor,Sylhet MAG Osmani Medical College Hospital,Sylhet,N/A,https://doctor.bd/doctor/dr-habibur-rahman-endocrinology-sylhet
Dr. Habibur Rahman Bhuiyan,Pediatrics,"MBBS, BCS, MD",Assistant Registrar,Cumilla Medical College Hospital,Cumilla,N/A,https://doctor.bd/doctor/dr-habibur-rahman-bhuiyan-pediatrics-cumilla
Dr. Habibur Rahman Palash,ENT,"MBBS, DLO, MS",Assistant Professor,Bangladesh Medical University,Cumilla,N/A,https://doctor.bd/doctor/dr-habibur-rahman-palash-ent-cumilla
Dr. Hafiz Ahmed Nazmul Hakim,Hepatobiliary Surgery,"MBBS, FCPS, FACS",Associate Professor,Dhaka Medical College Hospital,Dhaka,N/A,https://doctor.bd/doctor/dr-hafiz-ahmed-nazmul-hakim-hepatobiliary-surgery-dhaka
Dr. Hafiz Al Asad,Urology,"MBBS, MS",Assistant Professor,Cox's Bazar Medical College Hospital,Cox's Bazar,N/A,https://doctor.bd/doctor/dr-hafiz-al-asad-urology-coxs-bazar
Dr. Hafiza Farzana,Gynaecology & Obstetrics,"MBBS, BCS, MCPS, FCPS",Consultant,Dhaka Medical College Hospital,Dhaka,N/A,https://doctor.bd/doctor/dr-hafiza-farzana-gynaecology-obstetrics-dhaka
Dr. Hafiza Marjan,Gynaecology & Obstetrics,"MBBS, BCS, FCPS",Consultant,Chattogram Medical College Hospital,Chattogram,N/A,https://doctor.bd/doctor/dr-hafiza-marjan-gynaecology-obstetrics-chattogram
Dr. Hafsa Marium,Medicine,"MBBS, MPH, CCD, PGT",Medical Officer,Delta Medical College & Hospital,Dhaka,N/A,https://doctor.bd/doctor/dr-hafsa-marium-medicine-dhaka
Dr. Halida Yeasmin,Gynaecology & Obstetrics,"MBBS, FCPS",Consultant,Jahurul Islam Medical College & Hospital,Dhaka,N/A,https://doctor.bd/doctor/dr-halida-yeasmin-gynaecology-obstetrics-dhaka
Dr. Halima Khatun,Gynaecology & Obstetrics,"MBBS, FCPS",Gynecologist,Sir Salimullah Medical College Mitford Hospital,Pabna,N/A,https://doctor.bd/doctor/dr-halima-khatun-gynaecology-obstetrics-pabna
Dr. Hamid Hasan,Medicine,"MBBS, BCS, MD",Consultant,Chattogram Medical College Hospital,Chattogram,N/A,https://doctor.bd/doctor/dr-hamid-hasan-medicine-chattogram
Dr. Hamida Parvin,Gynaecology & Obstetrics,"MBBS, BCS, MCPS, MS",Gynecologist,Rajshahi Medical College Hospital,Rajshahi,N/A,https://doctor.bd/doctor/dr-hamida-parvin-gynaecology-obstetrics-rajshahi
Dr. Hamudur Rahman,Urology,"MBBS, FCPS, MS",Assistant Professor,National Institute of Diseases of the Chest & Hospital (NIDCH),Dhaka,N/A,https://doctor.bd/doctor/dr-hamudur-rahman-urology-dhaka
Dr. Hanif Ahmed Towhid,Medicine,"MBBS, BCS, MCPS, FCPS",Registrar,Sylhet MAG Osmani Medical College Hospital,Sylhet,10+ Years,https://doctor.bd/doctor/dr-hanif-ahmed-towhid-medicine-sylhet
Dr. Haowa Begum Siddiqa,Gynaecology & Obstetrics,"MBBS, DGO",Consultant,"Islami Bank Medical College Hospital, Rajshahi",Rajshahi,N/A,https://doctor.bd/doctor/dr-haowa-begum-siddiqa-gynaecology-obstetrics-rajshahi
Dr. Happy Haque,Oncology,"MBBS, MPhil",Professor & Head,Holy Family Red Crescent Medical College Hospital,Dhaka,N/A,https://doctor.bd/doctor/dr-happy-haque-oncology-dhaka
Dr. Happy Saha,Oncology,"MBBS, BCS, MPhil",Assistant Professor,Khulna Medical College Hospital,Khulna,13+ Years,https://doctor.bd/doctor/dr-happy-saha-oncology-khulna
Dr. Haradhan Dev Nath,Neurosurgery,"MBBS, MS",Neurosurgeon,Bangladesh Medical University,Dhaka,N/A,https://doctor.bd/doctor/dr-haradhan-dev-nath-neurosurgery-dhaka
Dr. Harasit Kumar Paul,Dermatology,"MBBS, MD",Doctor,Bangladesh Medical University,Dhaka,N/A,https://doctor.bd/doctor/dr-harasit-kumar-paul-dermatology-dhaka
Dr. Harimohan Pandit Newton,Cardiology,"MBBS, FCPS, MCPS, MD",Associate Professor,Mymensingh Medical College Hospital,Mymensingh,N/A,https://doctor.bd/doctor/dr-harimohan-pandit-newton-cardiology-mymensingh
Dr. Haripada Sarker,Cardiology,"MBBS, MD",Associate Professor,Rangpur Medical College Hospital,Rangpur,N/A,https://doctor.bd/doctor/dr-haripada-sarker-cardiology-rangpur
Dr. Harun Or Rashid,ENT,"MBBS, BCS, MS",Assistant Professor,Pabna Medical College Hospital,Dhaka,N/A,https://doctor.bd/doctor/dr-harun-or-rashid-ent-dhaka
Dr. Harun Or Rashid Khan,Orthopedics,"MBBS, D-ORTHO, MS",Assistant Professor,National Institute of Traumatology and Orthopaedic Rehabilitation (NITOR),Narayanganj,N/A,https://doctor.bd/doctor/dr-harun-or-rashid-khan-orthopedics-narayanganj
Dr. Harun Ur Rashid,Ophthalmology,"MBBS, MS, DO, FGO",Associate Professor,Shaheed Suhrawardy Medical College Hospital,Dhaka,N/A,https://doctor.bd/doctor/dr-harun-ur-rashid-ophthalmology-dhaka
Dr. Harun-ur-Rashid Bhuiyan,Cardiology,"MBBS, DIP-CARD, FACC",Senior Consultant,"AMZ Hospital, Badda",Dhaka,N/A,https://doctor.bd/doctor/dr-harun-ur-rashid-bhuiyan-cardiology-dhaka
Dr. Hasan Al Habib Sagor,Orthopedics,"MBBS, MS",Consultant,Pabna Medical College Hospital,Pabna,N/A,https://doctor.bd/doctor/dr-hasan-al-habib-sagor-orthopedics-pabna
Dr. Hasan Habibur Rahman,Physical Medicine & Rehabilitation,"MBBS, BCS, MD",Assistant Professor,"National Institute of Burn and Plastic Surgery, Dhaka",Pabna,N/A,https://doctor.bd/doctor/dr-hasan-habibur-rahman-physical-medicine-rehabilitation-pabna
Dr. Hasan Hafizur Rahman,Medicine,"MBBS, BCS, FCPS, FACP, DFID",Assistant Professor,Dhaka Medical College Hospital,Dhaka,N/A,https://doctor.bd/doctor/dr-hasan-hafizur-rahman-medicine-dhaka
Dr. Hasan Imam,Medicine,"MBBS, MD, CCD",Associate Professor,Bangladesh Medical University,Dhaka,N/A,https://doctor.bd/doctor/dr-hasan-imam-medicine-dhaka
Dr. Hasan Mahbub,Neurosurgery,"MBBS, MS, FACS, BCS",Assistant Professor,National Institute of Neurosciences & Hospital,Dhaka,10+ Years,https://doctor.bd/doctor/dr-hasan-mahbub-neurosurgery-dhaka
Dr. Hasan Mahfuz Reza (Likhon),Endocrinology,"MBBS, DEM, MPhil, MACP, MSc, MPH, CCD",Consultant,"Sono Consultation Centre, Kushtia",Kushtia,N/A,https://doctor.bd/doctor/dr-hasan-mahfuz-reza-likhon-endocrinology-kushtia
Dr. Hasan Mahmud,Nephrology,"MBBS, BCS, MD, CCD",Assistant Professor,National Institute of Kidney Disease and Urology (NIKDU),Dhaka,N/A,https://doctor.bd/doctor/dr-hasan-mahmud-nephrology-dhaka
Dr. Hasan Mahmud Iqbal,Cardiology,"MBBS, BCS, MD",Consultant,National Heart Foundation Hospital and Research Institute,Cumilla,N/A,https://doctor.bd/doctor/dr-hasan-mahmud-iqbal-cardiology-cumilla
Dr. Hasan Shahriar Kallol,Oncology,"MBBS, FCPS, MS",Assistant Professor,National Institute of Cancer Research and Hospital (NICR&H),Dhaka,N/A,https://doctor.bd/doctor/dr-hasan-shahriar-kallol-oncology-dhaka
Dr. Hasan Zahid,Pediatrics,"MBBS, DCH",Consultant,"Apollo Imperial Hospital, Chattogram",Chattogram,N/A,https://doctor.bd/doctor/dr-hasan-zahid-pediatrics-chattogram
Dr. Hasanul Hasib,Dentistry,"BDS, MCPS, FCPS",Chief Consultant,Dr. Hasib’s Dental Surgery and Implant Centre,Chattogram,N/A,https://doctor.bd/doctor/dr-hasanul-hasib-dentistry-chattogram
Dr. Hasanuzzaman,Homeopathy,"BHMS, CSW, DHM",Consultant,"Natural Health, Uttara",Dhaka,N/A,https://doctor.bd/doctor/dr-hasanuzzaman-homeopathy-dhaka
Dr. Hashim Rabbi,Hepatobiliary Surgery,"MBBS, FCPS, MRCS, MRCPS",Assistant Professor,BIRDEM General Hospital,Dhaka,N/A,https://doctor.bd/doctor/dr-hashim-rabbi-hepatobiliary-surgery-dhaka
Dr. Hashmi Sina,Neurology,"MBBS, MRCP, MD",Neurologist,Dhaka Medical College Hospital,Dhaka,N/A,https://doctor.bd/doctor/dr-hashmi-sina-neurology-dhaka
Dr. Hashmot Ali Mia,Urology,"MBBS, BCS, MS, FCPS",Registrar,Chattogram Medical College Hospital,Chattogram,N/A,https://doctor.bd/doctor/dr-hashmot-ali-mia-urology-chattogram
Dr. Hasib Hasanur Udoy,Dentistry,"BDS, PGT",Dental Surgeon,Mymensingh Medical College Hospital,Mymensingh,N/A,https://doctor.bd/doctor/dr-hasib-hasanur-udoy-dentistry-mymensingh
Dr. Hasib Rahman,Plastic Surgery,"MBBS, FCPS, MS",Surgeon,Dhaka Medical College Hospital,Dhaka,N/A,https://doctor.bd/doctor/dr-hasib-rahman-plastic-surgery-dhaka
Dr. Hasib Uddin Khan,Medicine,"MBBS, BCS, FCPS, MD, MACP",Consultant,Dhaka Medical College Hospital,Dhaka,N/A,https://doctor.bd/doctor/dr-hasib-uddin-khan-medicine-dhaka
Dr. Hasibul Hasan Emon,Dentistry,"BDS, PGT, MS",Assistant Professor,"Udayan Dental College, Rajshahi",Rajshahi,N/A,https://doctor.bd/doctor/dr-hasibul-hasan-emon-dentistry-rajshahi
Dr. Hasibul Khaleque,Dentistry,"BDS, PGD, PhD",Assistant Professor,Dhaka Community Medical College & Hospital,Dhaka,15+ Years,https://doctor.bd/doctor/dr-hasibul-khaleque-dentistry-dhaka
Dr. Hasibush Shahid Hasib,Dentistry,"BDS, D-Prostho",Assistant Professor,Dhaka Dental College Hospital,Dhaka,N/A,https://doctor.bd/doctor/dr-hasibush-shahid-hasib-dentistry-dhaka
Dr. Hasina Afroz,Gynaecology & Obstetrics,"MBBS, MCPS, MS, FCPS",Consultant,"United Hospital, Dhaka",Dhaka,N/A,https://doctor.bd/doctor/dr-hasina-afroz-gynaecology-obstetrics-dhaka
Dr. Hasina Akhter,Anesthesiology,"MBBS, FCPS",Senior Consultant,Evercare Hospital Dhaka,Dhaka,N/A,https://doctor.bd/doctor/dr-hasina-akhter-anesthesiology-dhaka
Dr. Hasina Akhter Rekha,Gynaecology & Obstetrics,"MBBS, BCS, MS, FCPS",Assistant Professor,"Shaheed Ziaur Rahman Medical College Hospital, Bogura",Bogura,N/A,https://doctor.bd/doctor/dr-hasina-akhter-rekha-gynaecology-obstetrics-bogura
Dr. Hasina Akter,Gynaecology & Obstetrics,"MBBS, DGO, MRCOG",Consultant,Asgar Ali Hospital,Dhaka,N/A,https://doctor.bd/doctor/dr-hasina-akter-gynaecology-obstetrics-dhaka
Dr. Hasina Alam,General Surgery,"MBBS, FCPS",Registrar,BIRDEM General Hospital,Dhaka,N/A,https://doctor.bd/doctor/dr-hasina-alam-general-surgery-dhaka
Dr. Hasina Bilkis Banu,Physical Medicine & Rehabilitation,"MBBS, FCPS",Physical Medicine Specialist,Shaheed Suhrawardy Medical College Hospital,Dhaka,N/A,https://doctor.bd/doctor/dr-hasina-bilkis-banu-physical-medicine-rehabilitation-dhaka
Dr. Hasina Ferdousy,Gynaecology & Obstetrics,"MBBS, FCPS",Assistant Professor,Rangpur Medical College Hospital,Rangpur,N/A,https://doctor.bd/doctor/dr-hasina-ferdousy-gynaecology-obstetrics-rangpur
Dr. Hasina Nasreen,Medicine,"MBBS, MD",Registrar,Chattogram Medical University,Chattogram,N/A,https://doctor.bd/doctor/dr-hasina-nasreen-medicine-chattogram
Dr. Hasina Parveen,Gynaecology & Obstetrics,"MBBS, DGO, FCPS",Consultant,Monno Medical College Hospital,Dhaka,N/A,https://doctor.bd/doctor/dr-hasina-parveen-gynaecology-obstetrics-dhaka
Dr. Hasina Sadia Khan,Urology,"MBBS, MRCS, FCPS",Assistant Professor,Popular Medical College & Hospital,Dhaka,N/A,https://doctor.bd/doctor/dr-hasina-sadia-khan-urology-dhaka
Dr. Hasina Wahab,Gynaecology & Obstetrics,"MBBS, EOC",Medical Officer,"Mother & Child Welfare Centre (MCWC), Pabna Sadar",Pabna,N/A,https://doctor.bd/doctor/dr-hasina-wahab-gynaecology-obstetrics-pabna
Dr. Hasinatul Zannat,Nephrology,"MBBS, MD, FCPS",Registrar,National Institute of Kidney Disease and Urology (NIKDU),Dhaka,N/A,https://doctor.bd/doctor/dr-hasinatul-zannat-nephrology-dhaka
Dr. Hasna Fahmima Haque,Medicine,"MBBS, FCPS",Assistant Professor,BIRDEM General Hospital,Dhaka,N/A,https://doctor.bd/doctor/dr-hasna-fahmima-haque-medicine-dhaka
Dr. Hasna Hena Bhuiyan Nishi,Dentistry,BDS,Dentist,"Dental Surgeon, Tech Dental, Jatrabari Branch",Dhaka,3+ Years,https://doctor.bd/doctor/dr-hasna-hena-bhuiyan-nishi-dentistry-dhaka
Dr. Hasna Hena Pervin,Gynaecology & Obstetrics,"MBBS, FCPS",Assistant Professor,Bangladesh Medical University,Dhaka,N/A,https://doctor.bd/doctor/dr-hasna-hena-pervin-gynaecology-obstetrics-dhaka
Dr. Hasna Hossain Akhee,Gynaecology & Obstetrics,"MBBS, BCS, MS",Consultant,Dhaka Medical College Hospital,Dhaka,N/A,https://doctor.bd/doctor/dr-hasna-hossain-akhee-gynaecology-obstetrics-dhaka
Dr. Hasnatu Rabbi,Cardiology,"MBBS, BCS, D-CARD, MD",Consultant,Rajshahi Medical College Hospital,Rajshahi,N/A,https://doctor.bd/doctor/dr-hasnatu-rabbi-cardiology-rajshahi
Dr. Hasnina Akter,Oncology,"MBBS, MPhil",Consultant,Evercare Hospital Chattogram,Chattogram,N/A,https://doctor.bd/doctor/dr-hasnina-akter-oncology-chattogram
Dr. Hazera Akter,Pediatrics,"MBBS, BCS, MD",Consultant,Shaheed Suhrawardy Medical College Hospital,Cumilla,10+ Years,https://doctor.bd/doctor/dr-hazera-akter-pediatrics-cumilla
Dr. Hazrat Ali,Orthopedics,"MBBS, BCS, MS",Assistant Professor,Rangpur Medical College Hospital,Rangpur,N/A,https://doctor.bd/doctor/dr-hazrat-ali-orthopedics-rangpur
Dr. Heba Hoque,Ophthalmology,"MBBS, MS",Junior Consultant,Lions Charitable Eye Hospital,Chattogram,N/A,https://doctor.bd/doctor/dr-heba-hoque-ophthalmology-chattogram
Dr. Heemel Saha,Thoracic Surgery,"MBBS, MS",Assistant Professor,Bangladesh Medical University,Dhaka,N/A,https://doctor.bd/doctor/dr-heemel-saha-thoracic-surgery-dhaka
Dr. Helal Uddin Ahmed,Psychiatry,"MBBS, MD",Associate Professor,National Institute of Mental Health (NIMH),Dhaka,N/A,https://doctor.bd/doctor/dr-helal-uddin-ahmed-psychiatry-dhaka
Dr. Hena Khatun,Respiratory Medicine,"MBBS, BCS, DTCD, MD",Assistant Professor,Dhaka Medical College Hospital,Dhaka,N/A,https://doctor.bd/doctor/dr-hena-khatun-respiratory-medicine-dhaka
Dr. Hena Rani Barua,Gynaecology & Obstetrics,"MBBS, DCM, MCPS, DGO, FCPS, MS",Associate Professor,Rangamati Medical College Hospital,Chattogram,N/A,https://doctor.bd/doctor/dr-hena-rani-barua-gynaecology-obstetrics-chattogram
Dr. Himangshu Shekhar Das,Dermatology,"MBBS, DDV",Assistant Professor,Sylhet Womens Medical College Hospital,Sylhet,N/A,https://doctor.bd/doctor/dr-himangshu-shekhar-das-dermatology-sylhet
Dr. Himel Chakma,Dentistry,"BDS, MS, MCPS",Medical Officer,Bangladesh Medical University,Dhaka,N/A,https://doctor.bd/doctor/dr-himel-chakma-dentistry-dhaka
Dr. Himel Saha,Cardiology,"MBBS, BCS, D-CARD, CCD",Consultant,Khulna Medical College Hospital,Khulna,N/A,https://doctor.bd/doctor/dr-himel-saha-cardiology-khulna
Dr. Himon Barua,ENT,"MBBS, DLO",Assistant Professor,"BGC Trust Medical College, Chattogram",Chattogram,N/A,https://doctor.bd/doctor/dr-himon-barua-ent-chattogram
Dr. Hiranmoy Dutta,Medicine,"MBBS, BCS, MCPS, FCPS, MRCP, MACP",Assistant Professor,Chattogram Medical College Hospital,Chattogram,N/A,https://doctor.bd/doctor/dr-hiranmoy-dutta-medicine-chattogram
Dr. Hironmoy Das,Cardiology,"MBBS, MD",Assistant Professor,Sylhet MAG Osmani Medical College Hospital,Sylhet,N/A,https://doctor.bd/doctor/dr-hironmoy-das-cardiology-sylhet
Dr. Homaira Begum,Gynaecology & Obstetrics,"MBBS, MCPS, DGO, MS",Assistant Professor,Sylhet MAG Osmani Medical College Hospital,Sylhet,N/A,https://doctor.bd/doctor/dr-homaira-begum-gynaecology-obstetrics-sylhet
Dr. Homaira Koli,Gynaecology & Obstetrics,"MBBS, BCS, MS",Consultant,Sher-e-bangla Medical College Hospital,Barishal,N/A,https://doctor.bd/doctor/dr-homaira-koli-gynaecology-obstetrics-barishal
Dr. Homayra Tahseen Hossain,Medicine,"MBBS, MRCP, FCPS",Associate Professor,Popular Medical College & Hospital,Dhaka,N/A,https://doctor.bd/doctor/dr-homayra-tahseen-hossain-medicine-dhaka
Dr. Hosneara Begum,Oncology,"MBBS, MD",Consultant,National Institute of Cancer Research and Hospital (NICR&H),Dhaka,N/A,https://doctor.bd/doctor/dr-hosneara-begum-oncology-dhaka
Dr. Hossain Ahmed,Endocrinology,"MBBS, FCGP, CCD",Diabetes Specialist,"Khidmah Hospital, Dhaka",Dhaka,N/A,https://doctor.bd/doctor/dr-hossain-ahmed-endocrinology-dhaka
Dr. Hossain Mohammad Selim,Homeopathy,"DHMS, BHMS, DIHOM",Consultant,Organon Homoeo Healing Home,Chattogram,N/A,https://doctor.bd/doctor/dr-hossain-mohammad-selim-homeopathy-chattogram
Dr. Hritu Raj Deb,ENT,"MBBS, DLO",Associate Professor,Jalalabad Ragib-Rabeya Medical College & Hospital,Sylhet,N/A,https://doctor.bd/doctor/dr-hritu-raj-deb-ent-sylhet
Dr. Humaira Alam,Gynaecology & Obstetrics,"MBBS, FCPS",Gynecologist,Bangladesh Medical University,Dhaka,N/A,https://doctor.bd/doctor/dr-humaira-alam-gynaecology-obstetrics-dhaka
Dr. Humaira Rafiqa Quaderi,Pediatrics,"MBBS, DCH, FCPS",Associate Professor,Dhaka Shishu Hospital & Institute,Dhaka,N/A,https://doctor.bd/doctor/dr-humaira-rafiqa-quaderi-pediatrics-dhaka
Dr. Humayara Shahrin Simi,Gynaecology & Obstetrics,"MBBS, FCPS",Gynecologist,Rajshahi Medical College Hospital,Rajshahi,N/A,https://doctor.bd/doctor/dr-humayara-shahrin-simi-gynaecology-obstetrics-rajshahi
Dr. Humayra Nazneen,Hematology,"MBBS, FCPS",Associate Professor,Dhaka Medical College Hospital,Dhaka,N/A,https://doctor.bd/doctor/dr-humayra-nazneen-hematology-dhaka
Dr. Humayun Kabir Sarker,Neurology,"MBBS, BCS, MD, FCPS",Medical Officer,Dhaka Medical College Hospital,Dhaka,N/A,https://doctor.bd/doctor/dr-humayun-kabir-sarker-neurology-dhaka
Dr. Hurjahan Banu Urmi,Endocrinology,"MBBS, FCPS",Doctor,Bangladesh Medical University,Dhaka,N/A,https://doctor.bd/doctor/dr-hurjahan-banu-urmi-endocrinology-dhaka
Dr. Hussain Ahmed,Endocrinology,"MBBS, CCD, PGT, MPhil",Assistant Professor,Sylhet Womens Medical College Hospital,Sylhet,N/A,https://doctor.bd/doctor/dr-hussain-ahmed-endocrinology-sylhet
Dr. Ibrahim Khalil,Neurosurgery,"MBBS, FCPS, MS",Assistant Registrar,Shaheed Shaikh Abu-Naser Specialized Hospital,Khulna,N/A,https://doctor.bd/doctor/dr-ibrahim-khalil-neurosurgery-khulna
"Dr. Ibrahim Khalil Nayem, PT",Physiotherapy,BSc,Physiotherapy Officer,"Olive’s Physiotherapy Center, Uttara",Dhaka,N/A,https://doctor.bd/doctor/dr-ibrahim-khalil-nayem-pt-physiotherapy-dhaka
Dr. Ibrahim Khalil Ullah,Respiratory Medicine,"MBBS, DTCD, MS",Senior Consultant,Chattogram Medical College Hospital,Chattogram,N/A,https://doctor.bd/doctor/dr-ibrahim-khalil-ullah-respiratory-medicine-chattogram
Dr. Iffat Ara Jahan Liza,Endocrinology,"MBBS, MD",Consultant,Islami Bank Hospital Mirpur,Dhaka,N/A,https://doctor.bd/doctor/dr-iffat-ara-jahan-liza-endocrinology-dhaka
Dr. Iffat Ara Tulip,Gynaecology & Obstetrics,"MBBS, FCPS",Assistant Professor,Rangpur Medical College Hospital,Rangpur,N/A,https://doctor.bd/doctor/dr-iffat-ara-tulip-gynaecology-obstetrics-rangpur
Dr. Iftekhar Ahmed,Orthopedics,"MBBS, MS",Consultant,Chattogram Medical College Hospital,Chattogram,N/A,https://doctor.bd/doctor/dr-iftekhar-ahmed-orthopedics-chattogram
Dr. Iftekhar Ibne Mannan,Plastic Surgery,"MBBS, FCPS",Associate Professor,Popular Medical College & Hospital,Dhaka,N/A,https://doctor.bd/doctor/dr-iftekhar-ibne-mannan-plastic-surgery-dhaka
Dr. Iftekhar Md. Kudrat-E-Khuda,General Surgery,"MBBS, BCS, MS",Assistant Professor,Rajshahi Medical College Hospital,Rajshahi,N/A,https://doctor.bd/doctor/dr-iftekhar-md-kudrat-e-khuda-general-surgery-rajshahi
Dr. Ilias Ahmad,General Surgery,"MBBS, FCPS",Director,"Sodesh Hospital, Mymensingh",Mymensingh,N/A,https://doctor.bd/doctor/dr-ilias-ahmad-general-surgery-mymensingh
Dr. Imam Gaziul Haque,Orthopedics,"MBBS, MS",Associate Professor,National Institute of Traumatology and Orthopaedic Rehabilitation (NITOR),Dhaka,N/A,https://doctor.bd/doctor/dr-imam-gaziul-haque-orthopedics-dhaka
Dr. Imam Uddin Ahmad,Respiratory Medicine,"MBBS, DTCD, FCCP",Senior Consultant,"Gomati Hospital, Cumilla",Cumilla,N/A,https://doctor.bd/doctor/dr-imam-uddin-ahmad-respiratory-medicine-cumilla
Dr. Imran Alam Chowdhury,Medicine,"MBBS, MRCP",Consultant,"Shajinaz Hospital, Chattogram",Chattogram,N/A,https://doctor.bd/doctor/dr-imran-alam-chowdhury-medicine-chattogram
Dr. Imran Bin Showkat,Cardiology,"MBBS, D-CARD",Registrar,"Apollo Imperial Hospitals, Chattogram",Chattogram,2+ Years,https://doctor.bd/doctor/dr-imran-bin-showkat-cardiology-chattogram
Dr. Imran Chowdhury,Cardiology,"MBBS, BCS, FCPS, MD, CCD",Registrar,Dhaka Medical College Hospital,Dhaka,N/A,https://doctor.bd/doctor/dr-imran-chowdhury-cardiology-dhaka
Dr. Imran Sarker,Neurology,"MBBS, MCPS, MD, FCPS, MACP, MAAN",Assistant Professor,National Institute of Neurosciences & Hospital,Dhaka,N/A,https://doctor.bd/doctor/dr-imran-sarker-neurology-dhaka
Dr. Imran Sharker,Neurology,"MBBS, MCPS, MD, FCPS",Assistant Professor,National Institute of Neurosciences & Hospital,Dhaka,N/A,https://doctor.bd/doctor/dr-imran-sharker-neurology-dhaka
Dr. Imrose Mohit,Dermatology,"MBBS, DD",Senior Consultant,"National Skin Center, Dhaka",Dhaka,N/A,https://doctor.bd/doctor/dr-imrose-mohit-dermatology-dhaka
Dr. Imtiaz Ahmed,Medicine,"MBBS, MRCP, MACP, FCPS",Assistant Professor,Sir Salimullah Medical College Mitford Hospital,Dhaka,N/A,https://doctor.bd/doctor/dr-imtiaz-ahmed-medicine-dhaka
Dr. Imtiaz Hasan,Cardiology,"MBBS, BCS, MCPS, MD, MRCP, MACP, CCD, FCPS",Registrar,Khulna Medical College Hospital,Khulna,N/A,https://doctor.bd/doctor/dr-imtiaz-hasan-cardiology-khulna
Dr. Imtiaz Mahbub,Gastroenterology,"MBBS, BCS, MD",Registrar,"National Gastroliver Institute and Hospital, Dhaka",Dhaka,N/A,https://doctor.bd/doctor/dr-imtiaz-mahbub-gastroenterology-dhaka
Dr. Imtiaz Uddin Ahmed,Cardiology,"MBBS, MACP, D-CARD",Consultant,"Islami Bank Hospital, Agrabad, Chattogram",Chattogram,N/A,https://doctor.bd/doctor/dr-imtiaz-uddin-ahmed-cardiology-chattogram
"Dr. Imtiaz Uddin Ahmed, PT",Physiotherapy,BSc,Physiotherapist,Centre for Rehabilitation Services - CRS,Dhaka,N/A,https://doctor.bd/doctor/dr-imtiaz-uddin-ahmed-pt-physiotherapy-dhaka
Dr. Indrajit Kumar Datta,Gastroenterology,"MBBS, FCPS, MD",Gastroenterologist,BIRDEM General Hospital,Dhaka,N/A,https://doctor.bd/doctor/dr-indrajit-kumar-datta-gastroenterology-dhaka
Dr. Indrani Kar,Gynaecology & Obstetrics,"MBBS, BCS, FCPS",Consultant,Sher-e-bangla Medical College Hospital,Barishal,N/A,https://doctor.bd/doctor/dr-indrani-kar-gynaecology-obstetrics-barishal
Dr. Indrani Nag,Gynaecology & Obstetrics,"MBBS, BCS, FCPS, MCPS",Consultant,Shaheed Suhrawardy Medical College Hospital,Dhaka,N/A,https://doctor.bd/doctor/dr-indrani-nag-gynaecology-obstetrics-dhaka
Dr. Indrojit Kumar Kundu,Orthopedics,"MBBS, MS",Associate Professor,Bangladesh Medical University,Dhaka,N/A,https://doctor.bd/doctor/dr-indrojit-kumar-kundu-orthopedics-dhaka
Dr. Iqbal Ahmed Chowdhury,Rheumatology,"MBBS, BCS, FCPS",Assistant Professor,Sylhet MAG Osmani Medical College Hospital,Sylhet,N/A,https://doctor.bd/doctor/dr-iqbal-ahmed-chowdhury-rheumatology-sylhet
Dr. Iqbal Bahar,Dermatology,"MBBS, BCS, DDV",Consultant,Sylhet MAG Osmani Medical College Hospital,Sylhet,N/A,https://doctor.bd/doctor/dr-iqbal-bahar-dermatology-sylhet
Dr. Isabela Kabir,Dermatology,"MBBS, MCPS, FCPS",Consultant,"Labaid Specialized Hospital, Dhanmondi",Dhaka,N/A,https://doctor.bd/doctor/dr-isabela-kabir-dermatology-dhaka
Dr. Ishita Saha,Dermatology,"MBBS, MD",Consultant,Bangladesh Medical University,Dhaka,10+ Years,https://doctor.bd/doctor/dr-ishita-saha-dermatology-dhaka
Dr. Ishrat Binte Reza,Medicine,"MBBS, MACP, FCPS",Assistant Professor,Popular Medical College & Hospital,Dhaka,N/A,https://doctor.bd/doctor/dr-ishrat-binte-reza-medicine-dhaka
Dr. Ishrat Jahan Karim,Gynaecology & Obstetrics,"MBBS, BCS, MS",Assistant Professor,Sylhet MAG Osmani Medical College Hospital,Sylhet,N/A,https://doctor.bd/doctor/dr-ishrat-jahan-karim-gynaecology-obstetrics-sylhet
Dr. Ishrat Jahan Munni,Gynaecology & Obstetrics,"MBBS, FCPS",Gynecologist,"250 Bedded General Hospital, Pabna",Pabna,N/A,https://doctor.bd/doctor/dr-ishrat-jahan-munni-gynaecology-obstetrics-pabna
Dr. Ishrat Jahan Tanna,Dentistry,BDS,Consultant,"Ibn Sina Diagnostic Center, Cumilla",Cumilla,N/A,https://doctor.bd/doctor/dr-ishrat-jahan-tanna-dentistry-cumilla
Dr. Ishteaq Aziz Khan,Endocrinology,"MBBS, MSc",Consultant,Chevron Clinical Laboratory,Chattogram,N/A,https://doctor.bd/doctor/dr-ishteaq-aziz-khan-endocrinology-chattogram
Dr. Ishtiak Karim Adnan,Medicine,"MBBS, BCS, FCPS, CCD, MCPS",Consultant,"250 Bedded General Hospital, Pabna",Pabna,N/A,https://doctor.bd/doctor/dr-ishtiak-karim-adnan-medicine-pabna
Dr. Ishtiaq Ahmad,Neurology,"MBBS, PhD, MD",Consultant,"Apollo Imperial Hospital, Chattogram",Chattogram,N/A,https://doctor.bd/doctor/dr-ishtiaq-ahmad-neurology-chattogram
Dr. Ishtiaq Alam,General Surgery,"MBBS, BCS, MS, FCPS, FACS",Assistant Professor,Dhaka Medical College Hospital,Dhaka,N/A,https://doctor.bd/doctor/dr-ishtiaq-alam-general-surgery-dhaka
Dr. Ishtiaq Mosharraf,Nephrology,"MBBS, BCS, MD",Kidney Specialist,National Institute of Kidney Disease and Urology (NIKDU),Pabna,N/A,https://doctor.bd/doctor/dr-ishtiaq-mosharraf-nephrology-pabna
Dr. Ismat Ara,Gynaecology & Obstetrics,"MBBS, FCPS",Consultant,Doctors Point Specialized Hospital,Khulna,N/A,https://doctor.bd/doctor/dr-ismat-ara-gynaecology-obstetrics-khulna
Dr. Ismat Ara (Juthi),Dermatology,"MBBS, DDV, BCS",Consultant,Sir Salimullah Medical College Mitford Hospital,Dhaka,10+ Years,https://doctor.bd/doctor/dr-ismat-ara-juthi-dermatology-dhaka
Dr. Ismat Ara Begum (Popy),Gynaecology & Obstetrics,"MBBS, PGT, DMU",Trainer,"250 Bedded General Hospital, Pabna",Pabna,N/A,https://doctor.bd/doctor/dr-ismat-ara-begum-popy-gynaecology-obstetrics-pabna
Dr. Ismat Ara Jemy,Gynaecology & Obstetrics,"MBBS, BCS, FCPS",Assistant Professor,Rajshahi Medical College Hospital,Rajshahi,N/A,https://doctor.bd/doctor/dr-ismat-ara-jemy-gynaecology-obstetrics-rajshahi
Dr. Ismat Jahan,Pediatrics,"MBBS, DCH, FCPS",Assistant Professor,Bangladesh Medical University,Dhaka,N/A,https://doctor.bd/doctor/dr-ismat-jahan-pediatrics-dhaka
Dr. Ismat Jahan Lima,Colorectal Surgery,"MBBS, BCS, FCPS, MS, FACS, MRCS",Associate Professor,Shaheed Suhrawardy Medical College Hospital,Dhaka,N/A,https://doctor.bd/doctor/dr-ismat-jahan-lima-colorectal-surgery-dhaka
Dr. Ismat Rafeya,Endocrinology,"MBBS, BCS, MD",Medical Officer,Dhaka Medical College Hospital,Dhaka,N/A,https://doctor.bd/doctor/dr-ismat-rafeya-endocrinology-dhaka
Dr. Israt Jahan,Gynaecology & Obstetrics,"MBBS, FCPS",Consultant,"Mugda Medical College Hospital, Dhaka",Dhaka,N/A,https://doctor.bd/doctor/dr-israt-jahan-gynaecology-obstetrics-dhaka
Dr. Israt Jahan,Dermatology,"MBBS, DEO, DOC, CCD",Registrar,Gazi Medical College & Hospital,Khulna,N/A,https://doctor.bd/doctor/dr-israt-jahan-dermatology-khulna
Dr. Israt Jahan Shanto,Gynaecology & Obstetrics,"MBBS, BCS, FCPS",Assistant Professor,Sher-e-bangla Medical College Hospital,Barishal,12+ Years,https://doctor.bd/doctor/dr-israt-jahan-shanto-gynaecology-obstetrics-barishal
Dr. Israt Sarah,Dentistry,"BDS, PGT, MPH",Dentist,Ibn Sina Diagnostic & Consultation Center,Dhaka,N/A,https://doctor.bd/doctor/dr-israt-sarah-dentistry-dhaka
Dr. Israt Zahan Swarna,Gynaecology & Obstetrics,"MBBS, BCS, FCPS",Resident Surgeon,Mymensingh Medical College Hospital,Mymensingh,N/A,https://doctor.bd/doctor/dr-israt-zahan-swarna-gynaecology-obstetrics-mymensingh
Dr. Istajul Khan,Cardiology,"MBBS, BCS, D-CARD, MRCP, FCPS, FACP",Consultant,Bangladesh Medical University,Pabna,N/A,https://doctor.bd/doctor/dr-istajul-khan-cardiology-pabna
Dr. Istaque Ahmed Milton,Anesthesiology,"MBBS, FCPS, DA",Consultant,"Square Hospital, Dhaka",Dhaka,N/A,https://doctor.bd/doctor/dr-istaque-ahmed-milton-anesthesiology-dhaka
Dr. Istiak Ahmed,Medicine,"MBBS, BCS, MCPS, FCPS",Consultant,"Parkview Hospital, Chattogram",Chattogram,N/A,https://doctor.bd/doctor/dr-istiak-ahmed-medicine-chattogram
Dr. Ivy Nasrin,Gynaecology & Obstetrics,"MBBS, BCS, FCPS",Consultant,Khulna Medical College Hospital,Khulna,N/A,https://doctor.bd/doctor/dr-ivy-nasrin-gynaecology-obstetrics-khulna-2
Dr. Ivy Nasrin,Gynaecology & Obstetrics,"MBBS, BCS, FCPS",Consultant,Khulna Medical College Hospital,Khulna,N/A,https://doctor.bd/doctor/dr-ivy-nasrin-gynaecology-obstetrics-khulna
Dr. J.C. Mistry,Pediatrics,"MBBS, DCH, PGPN, IPPN",Consultant,"Divisional Police Hospital, Barishal",Barishal,N/A,https://doctor.bd/doctor/dr-jc-mistry-pediatrics-barishal
Dr. J.I.M.A. Harun,Pediatrics,"MBBS, DCH",Senior Consultant,"Mugda Medical College Hospital, Dhaka",Dhaka,N/A,https://doctor.bd/doctor/dr-jima-harun-pediatrics-dhaka
Dr. J.M. Ariful Islam,Gastroenterology,"MBBS, BCS, FCPS, MD",Consultant,"Kurmitola General Hospital, Dhaka",Dhaka,N/A,https://doctor.bd/doctor/dr-jm-ariful-islam-gastroenterology-dhaka
Dr. Jabed Jahangir Tuhin,Orthopedics,"MBBS, BCS, MS",Assistant Professor,Chattogram Medical College Hospital,Chattogram,N/A,https://doctor.bd/doctor/dr-jabed-jahangir-tuhin-orthopedics-chattogram
Dr. Jafor Sadiq,Physical Medicine & Rehabilitation,"MBBS, BCS, FCPS",Professor & Head,Shaheed Shaikh Abu-Naser Specialized Hospital,Khulna,N/A,https://doctor.bd/doctor/dr-jafor-sadiq-physical-medicine-rehabilitation-khulna
Dr. Jafrin Yasmin Chowdhury,Gynaecology & Obstetrics,"MBBS, FCPS",Assistant Professor,North East Medical College Hospital,Sylhet,N/A,https://doctor.bd/doctor/dr-jafrin-yasmin-chowdhury-gynaecology-obstetrics-sylhet
Dr. Jahan Afroza Khanam Lucky,Oncology,"MBBS, MPhil",Professor & Head,Rangpur Medical College Hospital,Rangpur,N/A,https://doctor.bd/doctor/dr-jahan-afroza-khanam-lucky-oncology-rangpur
Dr. Jahan Sadia Afroz,Dentistry,"BDS, BCS",Dental Surgeon,"Shaheed Ziaur Rahman Medical College Hospital, Bogura",Bogura,N/A,https://doctor.bd/doctor/dr-jahan-sadia-afroz-dentistry-bogura
Dr. Jahanara Akter,Gynaecology & Obstetrics,"MBBS, BCS, MS",Assistant Professor,"Institute of Child and Mother Health, Matuail",Narayanganj,N/A,https://doctor.bd/doctor/dr-jahanara-akter-gynaecology-obstetrics-narayanganj
Dr. Jahanara Arju,Pediatrics,"MBBS, MD",Medical Officer,Cumilla Medical College Hospital,Cumilla,10+ Years,https://doctor.bd/doctor/dr-jahanara-arju-pediatrics-cumilla
Dr. Jahanara Begum Sikha,Gynaecology & Obstetrics,"MBBS, BCS, MCPS, FCPS",Consultant,Chattogram Medical College Hospital,Chattogram,N/A,https://doctor.bd/doctor/dr-jahanara-begum-sikha-gynaecology-obstetrics-chattogram
Dr. Jahangir Alam,Medicine,"MBBS, MRCP, FRCP",Senior Consultant,"Square Hospital, Dhaka",Dhaka,N/A,https://doctor.bd/doctor/dr-jahangir-alam-medicine-dhaka
Dr. Jahangir Alam,Hepatology,"MBBS, MD",Associate Professor,Shaheed Suhrawardy Medical College Hospital,Dhaka,N/A,https://doctor.bd/doctor/dr-jahangir-alam-hepatology-dhaka
Dr. Jahangir Alam,Pediatrics,"MBBS, BCS, FCPS",Associate Professor,"Noakhali Medical College, Noakhali",Noakhali,N/A,https://doctor.bd/doctor/dr-jahangir-alam-pediatrics-noakhali
Dr. Jahangir Alam Murad,Pediatrics,"MBBS, DCH, FCPS",Child Specialist,Chattogram Maa-O-Shishu Hospital Medical College,Chattogram,N/A,https://doctor.bd/doctor/dr-jahangir-alam-murad-pediatrics-chattogram
Dr. Jahangir Haider Khan,Cardiac Surgery,"MBBS, MS",Consultant,National Institute of Cardiovascular Disease (NICVD),Dhaka,N/A,https://doctor.bd/doctor/dr-jahangir-haider-khan-cardiac-surgery-dhaka
Dr. Jahangir Kabir,Cardiac Surgery,"MBBS, MS",Surgeon,"United Hospital, Dhaka",Dhaka,N/A,https://doctor.bd/doctor/dr-jahangir-kabir-cardiac-surgery-dhaka
Dr. Jahangir Kabir,Endocrinology,"MBBS, FCGP, CCD",Founder & Chairman,"Health Revolution, Aftabnagar",Dhaka,N/A,https://doctor.bd/doctor/dr-jahangir-kabir-endocrinology-dhaka
Dr. Jaheda Akter (Shimu),Dermatology,"MBBS, FCPS",Consultant,"Apollo Imperial Hospital, Chattogram",Chattogram,N/A,https://doctor.bd/doctor/dr-jaheda-akter-shimu-dermatology-chattogram
Dr. Jahedul Islam Shahed,Dentistry,BDS,Lecturer,Chattogram International Dental College & Hospital,Chattogram,N/A,https://doctor.bd/doctor/dr-jahedul-islam-shahed-dentistry-chattogram
Dr. Jahir Ahmed,General Surgery,"MBBS, BCS, FCPS",Assistant Professor,Sylhet MAG Osmani Medical College Hospital,Sylhet,N/A,https://doctor.bd/doctor/dr-jahir-ahmed-general-surgery-sylhet
Dr. Jahir Uddin Mohammed Sharif,Cardiology,"MBBS, BCS, FCPS, MD, MACP",Junior Consultant,Mymensingh Medical College Hospital,Mymensingh,N/A,https://doctor.bd/doctor/dr-jahir-uddin-mohammed-sharif-cardiology-mymensingh
Dr. Jakia Jahan Chowdhury,Gynaecology & Obstetrics,"MBBS, MS",Associate Professor,North East Medical College Hospital,Sylhet,N/A,https://doctor.bd/doctor/dr-jakia-jahan-chowdhury-gynaecology-obstetrics-sylhet
Dr. Jakia Momotaz,Gynaecology & Obstetrics,"MBBS, BCS, MS, DMU",Consultant,Chattogram Medical College Hospital,Chattogram,N/A,https://doctor.bd/doctor/dr-jakia-momotaz-gynaecology-obstetrics-chattogram
Dr. Jakia Sultana,Pediatrics,"MBBS, MCPS, MD",Consultant,"Shaheed Ziaur Rahman Medical College Hospital, Bogura",Bogura,N/A,https://doctor.bd/doctor/dr-jakia-sultana-pediatrics-bogura
Dr. Jalal Ahmed Ripon,Neurosurgery,"MBBS, BCS, MS",Consultant,Cumilla Trauma Centre,Cumilla,N/A,https://doctor.bd/doctor/dr-jalal-ahmed-ripon-neurosurgery-cumilla
Dr. Jalal Uddin Muhammad Rumi,Neurosurgery,"MBBS, MS",Assistant Professor,National Institute of Neurosciences & Hospital,Dhaka,N/A,https://doctor.bd/doctor/dr-jalal-uddin-muhammad-rumi-neurosurgery-dhaka
Dr. Jamal Ahmed,Cardiology,"MBBS, D-CARD",Consultant,Chattogram Medical College Hospital,Chattogram,N/A,https://doctor.bd/doctor/dr-jamal-ahmed-cardiology-chattogram
Dr. Jamal Uddin Ahmed,Orthopedics,"MBBS, D-ORTHO",Consultant,Bangladesh Medical University,Dhaka,N/A,https://doctor.bd/doctor/dr-jamal-uddin-ahmed-orthopedics-dhaka
Dr. Jamal Uddin Ahmed,Medicine,"MBBS, FCPS, CCD",Associate Professor,BIRDEM General Hospital,Dhaka,N/A,https://doctor.bd/doctor/dr-jamal-uddin-ahmed-medicine-dhaka
Dr. Jamila Sultana Urme (PT),Physiotherapy,"BPT, PGD",Physiotherapist,"Mayfair Wellness Clinic, Gulshan",Dhaka,N/A,https://doctor.bd/doctor/dr-jamila-sultana-urme-pt-physiotherapy-dhaka
Dr. Jamsed Faridi Jami,Ophthalmology,"MBBS, D-OPHTH, CCD",Consultant,Vision Eye Hospital,Dhaka,N/A,https://doctor.bd/doctor/dr-jamsed-faridi-jami-ophthalmology-dhaka
Dr. Jannat Ara Ferdous,Gynaecology & Obstetrics,"MBBS, BCS, MCPS, FCPS",Associate Professor,Shaheed Suhrawardy Medical College Hospital,Dhaka,N/A,https://doctor.bd/doctor/dr-jannat-ara-ferdous-gynaecology-obstetrics-dhaka
Dr. Jannat-ul Ferdous Baishakhi,Gynaecology & Obstetrics,"MBBS, BCS, PGT",UH & FPO,Santhia Upazila Health Complex,Pabna,N/A,https://doctor.bd/doctor/dr-jannat-ul-ferdous-baishakhi-gynaecology-obstetrics-pabna
Dr. Jannatul Ferdause,Oncology,"MBBS, FCPS",Junior Consultant,Ahsania Mission Cancer and General Hospital,Dhaka,N/A,https://doctor.bd/doctor/dr-jannatul-ferdause-oncology-dhaka
Dr. Jannatul Ferdous,Respiratory Medicine,"MBBS, FCPS",Consultant,"250 Bedded General Hospital, Pabna",Pabna,N/A,https://doctor.bd/doctor/dr-jannatul-ferdous-respiratory-medicine-pabna
Dr. Jannatul Ferdous,Dentistry,"BDS, PGT",Dentist,"Islami Bank Medical College Hospital, Rajshahi",Rajshahi,N/A,https://doctor.bd/doctor/dr-jannatul-ferdous-dentistry-rajshahi
Dr. Jannatul Ferdous (Shumi),Pediatrics,"MBBS, DCH, BCS, MRCPCH, FCPS",Consultant,Chattogram Medical College Hospital,Chattogram,15+ Years,https://doctor.bd/doctor/dr-jannatul-ferdous-shumi-pediatrics-chattogram
Dr. Jannatul Ferdous Bublee,Gynaecology & Obstetrics,"MBBS, FCPS",Senior Consultant,Chattogram Medical College Hospital,Chattogram,N/A,https://doctor.bd/doctor/dr-jannatul-ferdous-bublee-gynaecology-obstetrics-chattogram
Dr. Jannatul Ferdush Chowdhury,Pediatrics,"MBBS, FCPS",Assistant Professor,Jalalabad Ragib-Rabeya Medical College & Hospital,Sylhet,N/A,https://doctor.bd/doctor/dr-jannatul-ferdush-chowdhury-pediatrics-sylhet
Dr. Jannatul Maowa Rumky,Dentistry,"BDS, DDS, BCS",Lecturer,Chattogram Medical College Hospital,Chattogram,N/A,https://doctor.bd/doctor/dr-jannatul-maowa-rumky-dentistry-chattogram
Dr. Jannatun Nahar (Lata),Gynaecology & Obstetrics,"MBBS, BCS, MS",Consultant,"250 Bedded General Hospital, Pabna",Pabna,N/A,https://doctor.bd/doctor/dr-jannatun-nahar-lata-gynaecology-obstetrics-pabna
Dr. Jannatun Nisa,Oncology,"MBBS, BCS, FCPS",Resident Surgeon,Chattogram Medical College Hospital,Chattogram,N/A,https://doctor.bd/doctor/dr-jannatun-nisa-oncology-chattogram
Dr. Jasmin Begum,General Surgery,"MBBS, FCPS",Consultant,Chattogram Maa-O-Shishu Hospital Medical College,Chattogram,N/A,https://doctor.bd/doctor/dr-jasmin-begum-general-surgery-chattogram
Dr. Jasmin Manzoor,Dermatology,MBBS,Senior Consultant,Evercare Hospital Dhaka,Dhaka,N/A,https://doctor.bd/doctor/dr-jasmin-manzoor-dermatology-dhaka
Dr. Jasmine Akhter,Gynaecology & Obstetrics,"MBBS, DGO, MCPS",Consultant,"Ibn Sina Specialized Hospital, Dhanmondi",Dhaka,N/A,https://doctor.bd/doctor/dr-jasmine-akhter-gynaecology-obstetrics-dhaka
Dr. Jasmine Sultana,Gynaecology & Obstetrics,"MBBS, BCS, FCPS",Consultant,Dhaka Medical College Hospital,Dhaka,N/A,https://doctor.bd/doctor/dr-jasmine-sultana-gynaecology-obstetrics-dhaka
Dr. Jatindranath Saha,Cardiology,"MBBS, BCS, MD",Consultant,National Institute of Cardiovascular Disease (NICVD),Dhaka,N/A,https://doctor.bd/doctor/dr-jatindranath-saha-cardiology-dhaka
Dr. Jawhar Lal Singha,Colorectal Surgery,"MBBS, MS, FACS, FASCRS",Associate Professor,Shaheed Suhrawardy Medical College Hospital,Dhaka,N/A,https://doctor.bd/doctor/dr-jawhar-lal-singha-colorectal-surgery-dhaka
Dr. Jayanta Kumar Pramanik,Dentistry,"MS, BCS, BDS",Professor & Head,Kushtia Medical College Hospital,Kushtia,N/A,https://doctor.bd/doctor/dr-jayanta-kumar-pramanik-dentistry-kushtia
Dr. Jayanta Kumar Saha,Cardiology,"MBBS, D-CARD, FCPS",Associate Professor,"Shaheed Tajuddin Ahmad Medical College, Gazipur",Gazipur,N/A,https://doctor.bd/doctor/dr-jayanta-kumar-saha-cardiology-gazipur
Dr. Jayanti Debnath Bunty,Pediatrics,"MBBS, DCH",Consultant,Cumilla Medical College Hospital,Cumilla,N/A,https://doctor.bd/doctor/dr-jayanti-debnath-bunty-pediatrics-cumilla
Dr. Jayashree Pal,Gynaecology & Obstetrics,"MBBS, MS",Consultant,Mymensingh Medical College Hospital,Mymensingh,N/A,https://doctor.bd/doctor/dr-jayashree-pal-gynaecology-obstetrics-mymensingh
Dr. Jebun Nessa Begum,Gynaecology & Obstetrics,"MBBS, MS",Associate Professor,Rangpur Community Medical College & Hospital,Rangpur,N/A,https://doctor.bd/doctor/dr-jebun-nessa-begum-gynaecology-obstetrics-rangpur
Dr. Jebunnahar,Gynaecology & Obstetrics,"MBBS, BCS, FCPS",Consultant,Dhaka Medical College Hospital,Dhaka,N/A,https://doctor.bd/doctor/dr-jebunnahar-gynaecology-obstetrics-dhaka
Dr. Jebunnahar Lovely,Gynaecology & Obstetrics,"MBBS, BCS, FCPS",Consultant,Cumilla Medical College Hospital,Cumilla,N/A,https://doctor.bd/doctor/dr-jebunnahar-lovely-gynaecology-obstetrics-cumilla
Dr. Jebunnesa,Pediatrics,"MBBS, DCH, FCPS",Associate Professor,Institute of Woman & Child Health,Dhaka,N/A,https://doctor.bd/doctor/dr-jebunnesa-pediatrics-dhaka
Dr. Jebunnesa Ani,Gynaecology & Obstetrics,"MBBS, BCS, MCPS, FCPS",Assistant Professor,Rajshahi Medical College Hospital,Rajshahi,N/A,https://doctor.bd/doctor/dr-jebunnesa-ani-gynaecology-obstetrics-rajshahi
Dr. Jebunnesa Jebu,Gynaecology & Obstetrics,"MBBS, BCS, DGO, MRCOG, FCPS",Assistant Professor,Khulna Medical College Hospital,Khulna,N/A,https://doctor.bd/doctor/dr-jebunnesa-jebu-gynaecology-obstetrics-khulna
Dr. Jennifer Zakaria Shila,Gynaecology & Obstetrics,"MBBS, BCS, DGO, FCPS, CMU",Consultant,"Upazila Health Complex, Sadar, Bogura",Bogura,N/A,https://doctor.bd/doctor/dr-jennifer-zakaria-shila-gynaecology-obstetrics-bogura
Dr. Jerin Tasmin Tulip,Gynaecology & Obstetrics,"MBBS, MCPS, FCPS",Consultant,Ibn Sina Diagnostic & Consultation Center,Sylhet,N/A,https://doctor.bd/doctor/dr-jerin-tasmin-tulip-gynaecology-obstetrics-sylhet
Dr. Jesika Rizvi Tamanna,Gynaecology & Obstetrics,"MBBS, BCS, FCPS, FIRM",Assistant Professor,"Mugda Medical College Hospital, Dhaka",Dhaka,N/A,https://doctor.bd/doctor/dr-jesika-rizvi-tamanna-gynaecology-obstetrics-dhaka
Dr. Jesmeen Morshed,Pediatrics,"MBBS, MD",Child Specialist,Sir Salimullah Medical College Mitford Hospital,Dhaka,N/A,https://doctor.bd/doctor/dr-jesmeen-morshed-pediatrics-dhaka
Dr. Jesmen Nahar Runi,General Surgery,"MBBS, BCS, MCPS, FCPS",Consultant,Dhaka Medical College Hospital,Dhaka,N/A,https://doctor.bd/doctor/dr-jesmen-nahar-runi-general-surgery-dhaka
Dr. Jesmin Iqbal (Jui),Reproductive Medicine,"FCPS, MBBS, BCS, MCPS, MRCOG",Associate Professor,Dhaka Medical College Hospital,Dhaka,N/A,https://doctor.bd/doctor/dr-jesmin-iqbal-jui-reproductive-medicine-dhaka
Dr. Jhumur Ghosh,Hepatology,"MBBS, MD",Associate Professor,MH Samorita Hospital & Medical College,Dhaka,N/A,https://doctor.bd/doctor/dr-jhumur-ghosh-hepatology-dhaka
Dr. Jibon Nesa,Respiratory Medicine,"MBBS, MD",Assistant Professor,Khulna Medical College Hospital,Khulna,N/A,https://doctor.bd/doctor/dr-jibon-nesa-respiratory-medicine-khulna
Dr. Jimma Hossain,Gastroenterology,"MBBS, MD",Associate Professor,Rangpur Medical College Hospital,Rangpur,N/A,https://doctor.bd/doctor/dr-jimma-hossain-gastroenterology-rangpur
Dr. Jinnat Fatema Saira Safa,Cardiology,"MBBS, MCPS, FCPS, MD",Consultant,Evercare Hospital Chattogram,Chattogram,N/A,https://doctor.bd/doctor/dr-jinnat-fatema-saira-safa-cardiology-chattogram
Dr. Jishnu Majumder,Pediatrics,"MBBS, DCH, PGPN, CCD",Child Specialist,Chattogram Maa-O-Shishu Hospital Medical College,Chattogram,N/A,https://doctor.bd/doctor/dr-jishnu-majumder-pediatrics-chattogram
Dr. Jishu Deb Nath,Cardiology,"MBBS, FCPS, D-CARD",Associate Professor,Chattogram Maa-O-Shishu Hospital Medical College,Chattogram,N/A,https://doctor.bd/doctor/dr-jishu-deb-nath-cardiology-chattogram
Dr. Jobaida Nazneen,Endocrinology,"MBBS, MD",Assistant Professor,Shaheed Suhrawardy Medical College Hospital,Dhaka,N/A,https://doctor.bd/doctor/dr-jobaida-nazneen-endocrinology-dhaka
Dr. Jobaida Sultana Susan,Gynaecology & Obstetrics,"MBBS, BCS, FCPS, FMAS",Consultant,Shaheed Suhrawardy Medical College Hospital,Dhaka,N/A,https://doctor.bd/doctor/dr-jobaida-sultana-susan-gynaecology-obstetrics-dhaka
Dr. Johor Dutta,Psychiatry,"MBBS, BCS, MD",Consultant,Chattogram Medical College Hospital,Chattogram,N/A,https://doctor.bd/doctor/dr-johor-dutta-psychiatry-chattogram
Dr. Jotirmay Shaha,General Surgery,"MBBS, BCS, FCPS",Senior Consultant,Khulna Medical College Hospital,Khulna,N/A,https://doctor.bd/doctor/dr-jotirmay-shaha-general-surgery-khulna
Dr. Joy Jakharia Rob,General Surgery,"MBBS, BCS, FCPS",Consultant,Sher-e-bangla Medical College Hospital,Barishal,N/A,https://doctor.bd/doctor/dr-joy-jakharia-rob-general-surgery-barishal
Dr. Joynab Munni,Colorectal Surgery,"MBBS, MS",Surgeon,Dhaka Medical College Hospital,Dhaka,N/A,https://doctor.bd/doctor/dr-joynab-munni-colorectal-surgery-dhaka
Dr. Joynul Abedin,Ophthalmology,"MBBS, DO",Junior Consultant,Lions Charitable Eye Hospital,Chattogram,N/A,https://doctor.bd/doctor/dr-joynul-abedin-ophthalmology-chattogram
Dr. Joysree Saha,Gynaecology & Obstetrics,"MBBS, FCPS",Associate Professor,Popular Medical College & Hospital,Dhaka,N/A,https://doctor.bd/doctor/dr-joysree-saha-gynaecology-obstetrics-dhaka
Dr. Joyutpala Shukla,Gynaecology & Obstetrics,"MBBS, BCS, MCPS, FCPS",Assistant Professor,"Shaheed Ziaur Rahman Medical College Hospital, Bogura",Bogura,N/A,https://doctor.bd/doctor/dr-joyutpala-shukla-gynaecology-obstetrics-bogura
Dr. Jubaida Rumana,Pediatrics,"MBBS, FCPS",Child Nephrologist,Asgar Ali Hospital,Dhaka,N/A,https://doctor.bd/doctor/dr-jubaida-rumana-pediatrics-dhaka
Dr. Julan Barua,Hepatology,"MBBS, BCS, MD",Consultant,"General Hospital, Chattogram",Chattogram,N/A,https://doctor.bd/doctor/dr-julan-barua-hepatology-chattogram
Dr. Julekha Khatun,Oncology,"MBBS, FCPS",Resident Surgeon,Rajshahi Medical College Hospital,Rajshahi,N/A,https://doctor.bd/doctor/dr-julekha-khatun-oncology-rajshahi
Dr. Junayed Mahmood Khan,Dermatology,"MBBS, BCS, DDV",Consultant,Chattogram Medical College Hospital,Chattogram,N/A,https://doctor.bd/doctor/dr-junayed-mahmood-khan-dermatology-chattogram
Dr. Juthi Bhowmik,Gynaecology & Obstetrics,"MBBS, FCPS",Consultant,Centre for Woman and Child Health,Dhaka,N/A,https://doctor.bd/doctor/dr-juthi-bhowmik-gynaecology-obstetrics-dhaka
Dr. Jyoti Das Gupta,Ophthalmology,"MBBS, DO",Junior Consultant,Lions Charitable Eye Hospital,Chattogram,N/A,https://doctor.bd/doctor/dr-jyoti-das-gupta-ophthalmology-chattogram
Dr. Jyoti Vaskar Saha,Nephrology,"MBBS, BCS, MD, MACP, CCD",Consultant,Shaheed Suhrawardy Medical College Hospital,Dhaka,N/A,https://doctor.bd/doctor/dr-jyoti-vaskar-saha-nephrology-dhaka
Dr. Jyotirmoy Chowdhury,Urology,"MBBS, BCS, MS",Assistant Professor,Khulna 250 Bed General Hospital,Khulna,N/A,https://doctor.bd/doctor/dr-jyotirmoy-chowdhury-urology-khulna
Dr. K M Rafiqul Islam Shetu,Orthopedics,"MBBS, MS",Surgeon,Bangladesh Medical University,Dhaka,N/A,https://doctor.bd/doctor/dr-k-m-rafiqul-islam-shetu-orthopedics-dhaka
Dr. K M Reaz Morshed,Oncology,"MBBS, MS, FCPS",Assistant Professor,National Institute of Cancer Research and Hospital (NICR&H),Dhaka,N/A,https://doctor.bd/doctor/dr-k-m-reaz-morshed-oncology-dhaka
Dr. K M Shorfuddin Ashik,Orthopedics,"MBBS, BCS, MS",Assistant Professor,National Institute of Traumatology and Orthopaedic Rehabilitation (NITOR),Dhaka,N/A,https://doctor.bd/doctor/dr-k-m-shorfuddin-ashik-orthopedics-dhaka
Dr. K. C. Datta,Cardiology,"MBBS, MSc, MD",Consultant,"250 Bedded General Hospital, Pabna",Pabna,N/A,https://doctor.bd/doctor/dr-k-c-datta-cardiology-pabna
Dr. K. M. Badar Uddin,Orthopedics,"MBBS, BCS, MS",Consultant,"Chakaria Upazila Health Complex, Cox's Bazar",Cox's Bazar,N/A,https://doctor.bd/doctor/dr-k-m-badar-uddin-orthopedics-coxs-bazar
Dr. K. P. Das,Gynaecology & Obstetrics,"MBBS, BCS, MS",Assistant Professor,Khulna Medical College Hospital,Khulna,N/A,https://doctor.bd/doctor/dr-k-p-das-gynaecology-obstetrics-khulna
Dr. K.A. Monsur Helal,Cardiology,"MBBS, MPH, D-CARD, FICC, FNM",Assistant Professor,Cumilla Medical College Hospital,Cumilla,N/A,https://doctor.bd/doctor/dr-ka-monsur-helal-cardiology-cumilla
Dr. K.F.M. Ayaz,Rheumatology,"MBBS, MSc, MD, FACP",Consultant,Evercare Hospital Dhaka,Dhaka,N/A,https://doctor.bd/doctor/dr-kfm-ayaz-rheumatology-dhaka
Dr. K.M Ahasan Ahmed (Chanchal),Neurology,"MBBS, FCPS",Consultant,National Institute of Neurosciences & Hospital,Dhaka,N/A,https://doctor.bd/doctor/dr-km-ahasan-ahmed-chanchal-neurology-dhaka
Dr. K.M Atiqul Islam,Neurosurgery,"MBBS, MS",Assistant Registrar,National Institute of Neurosciences & Hospital,Dhaka,N/A,https://doctor.bd/doctor/dr-km-atiqul-islam-neurosurgery-dhaka
Dr. K.M Zafrul Hossain Ripon,Pediatric Surgery,"MBBS, MS, CCD",Assistant Professor,TMSS Medical College & Rafatullah Community Hospital,Bogura,N/A,https://doctor.bd/doctor/dr-km-zafrul-hossain-ripon-pediatric-surgery-bogura
Dr. K.M. Monjurul Alom,Respiratory Medicine,"MBBS, DTCD, MD, FCCP",Assistant Professor,"Shaheed Ziaur Rahman Medical College Hospital, Bogura",Bogura,N/A,https://doctor.bd/doctor/dr-km-monjurul-alom-respiratory-medicine-bogura
Dr. K.M. Murshed Mamun,Medicine,"MBBS, MRCP, FCPS",Consultant,Bangladesh Medical University,Dhaka,N/A,https://doctor.bd/doctor/dr-km-murshed-mamun-medicine-dhaka
Dr. K.M. Nazmul Islam Joy,Neurology,"MBBS, BCS, FCPS, MD",Assistant Professor,Shaheed Suhrawardy Medical College Hospital,Dhaka,N/A,https://doctor.bd/doctor/dr-km-nazmul-islam-joy-neurology-dhaka
Dr. K.M. Reza-Ul-Haq,ENT,"MBBS, FCPS",Associate Professor,Delta Medical College & Hospital,Dhaka,N/A,https://doctor.bd/doctor/dr-km-reza-ul-haq-ent-dhaka
Dr. K.M. Salauddin (Ovi),Medicine,"MBBS, BCS, PGT",Assistant Registrar,"250 Bedded General Hospital, Pabna",Pabna,N/A,https://doctor.bd/doctor/dr-km-salauddin-ovi-medicine-pabna
Dr. Kajal Kanti Das,Medicine,"MBBS, BCS, MD, FCPS",Assistant Professor,Chattogram Medical College Hospital,Chattogram,N/A,https://doctor.bd/doctor/dr-kajal-kanti-das-medicine-chattogram
Dr. Kajal Rekha Roy,Gynaecology & Obstetrics,"MBBS, MCPS, DGO, MS",Senior Consultant,Chattogram Medical College Hospital,Chattogram,N/A,https://doctor.bd/doctor/dr-kajal-rekha-roy-gynaecology-obstetrics-chattogram
Dr. Kaji Md. Nasimuzzaman,Gynaecology & Obstetrics,"MBBS, MCPS, DGO, DMAS, FMAS",Senior Consultant,Sylhet MAG Osmani Medical College Hospital,Sylhet,N/A,https://doctor.bd/doctor/dr-kaji-md-nasimuzzaman-gynaecology-obstetrics-sylhet
Dr. Kalim Uddin,Neurosurgery,"MBBS, BCS, MS",Assistant Professor,National Institute of Neurosciences & Hospital,Dhaka,N/A,https://doctor.bd/doctor/dr-kalim-uddin-neurosurgery-dhaka
Dr. Kallol Dey,Oncology,"MBBS, BCS, MS, FCPS",Consultant,National Institute of Cancer Research and Hospital (NICR&H),Dhaka,N/A,https://doctor.bd/doctor/dr-kallol-dey-oncology-dhaka
Dr. Kallyanashish Majumdar Gourav,Pediatrics,"MBBS, CCD, PGT, PGPN",Assistant Registrar,"Rajshahi Shishu Hospital, Rajshahi",Rajshahi,N/A,https://doctor.bd/doctor/dr-kallyanashish-majumdar-gourav-pediatrics-rajshahi
Dr. Kalpo Sikder,Nephrology,"MBBS, BCS, MD",Consultant,Shaheed Shaikh Abu-Naser Specialized Hospital,Khulna,N/A,https://doctor.bd/doctor/dr-kalpo-sikder-nephrology-khulna
Dr. Kamal Haider Khan,Ophthalmology,"MBBS, DO, MS, MCPS",Consultant,Bangladesh Eye Hospital & Institute,Dhaka,N/A,https://doctor.bd/doctor/dr-kamal-haider-khan-ophthalmology-dhaka
Dr. Kamal Hossain,Medicine,"MBBS, BCS, FCPS",Consultant,Sher-e-bangla Medical College Hospital,Barishal,N/A,https://doctor.bd/doctor/dr-kamal-hossain-medicine-barishal
Dr. Kamal Pasha,Cardiology,"MBBS, MD, FAPSIC, FSCAI, FACC",Consultant,"Square Hospital, Dhaka",Dhaka,N/A,https://doctor.bd/doctor/dr-kamal-pasha-cardiology-dhaka
Dr. Kamal Uddin Ahmed,Orthopedics,"MBBS, MS, FICS",Consultant,"Popular Diagnostic Center, Shantinagar",Dhaka,N/A,https://doctor.bd/doctor/dr-kamal-uddin-ahmed-orthopedics-dhaka
Dr. Kamalesh Saha,Neurosurgery,"MBBS, BCS, MS, FACS",Assistant Professor,Khulna Medical College Hospital,Khulna,N/A,https://doctor.bd/doctor/dr-kamalesh-saha-neurosurgery-khulna
Dr. Kamil Ara Khanam,Gynaecology & Obstetrics,"MBBS, DGO, FCPS",Associate Professor,Popular Medical College & Hospital,Dhaka,N/A,https://doctor.bd/doctor/dr-kamil-ara-khanam-gynaecology-obstetrics-dhaka
Dr. Kamol Krishna Pramanik,ENT,"MBBS, FCPS",Consultant,Chattogram Medical College Hospital,Chattogram,N/A,https://doctor.bd/doctor/dr-kamol-krishna-pramanik-ent-chattogram
Dr. Kamrul Ahsan,Dermatology,"MBBS, BCS, DDV, MACP",Assistant Professor,Rajshahi Medical College Hospital,Rajshahi,N/A,https://doctor.bd/doctor/dr-kamrul-ahsan-dermatology-rajshahi
Dr. Kamrul Hasan Lohani,Medicine,"MBBS, BCS, MD, MACP",Assistant Professor,Rangamati Medical College Hospital,Chattogram,N/A,https://doctor.bd/doctor/dr-kamrul-hasan-lohani-medicine-chattogram
Dr. Kamrul Hassan,Neurology,"MBBS, BCS, MD",Registrar,Chattogram Medical College Hospital,Chattogram,N/A,https://doctor.bd/doctor/dr-kamrul-hassan-neurology-chattogram
Dr. Kamrun Nahar,Gynaecology & Obstetrics,"MBBS, MCPS, DGO",Consultant,Cumilla MEDICAL CENTRE,Cumilla,26+ Years,https://doctor.bd/doctor/dr-kamrun-nahar-gynaecology-obstetrics-cumilla
Dr. Kamrun Nahar,Gynaecology & Obstetrics,"MBBS, DGO, MS",Consultant,Narayanganj 300 Bed Hospital,Narayanganj,N/A,https://doctor.bd/doctor/dr-kamrun-nahar-gynaecology-obstetrics-narayanganj
Dr. Kamrun Nahar,Gynaecology & Obstetrics,"MBBS, MS, MRCOG, FCPS",Consultant,Islami Bank Hospital and Cardiac Centre Mirpur,Dhaka,N/A,https://doctor.bd/doctor/dr-kamrun-nahar-gynaecology-obstetrics-dhaka
Dr. Kamrun Nahar (Kona),Medicine,"MBBS, BCS, MD, MACP, CCD, FCPS",Consultant,Khulna Medical College Hospital,Khulna,N/A,https://doctor.bd/doctor/dr-kamrun-nahar-kona-medicine-khulna
Dr. Kamrun Nahar (Luna),Pediatrics,"MBBS, BCS, MD, FCPS",Assistant Professor,Chattogram Medical College Hospital,Chattogram,N/A,https://doctor.bd/doctor/dr-kamrun-nahar-luna-pediatrics-chattogram
Dr. Kamrun Nahar (Shanta),Dentistry,"BDS, FCPS",Associate Professor,"University Dental College, Moghbazar, Dhaka",Dhaka,25+ Years,https://doctor.bd/doctor/dr-kamrun-nahar-shanta-dentistry-dhaka
Dr. Kamrun Nahar Hurain,ENT,"MBBS, DLO, FCPS",Consultant,ENT and Head-Neck Cancer Hospital & Institute,Dhaka,N/A,https://doctor.bd/doctor/dr-kamrun-nahar-hurain-ent-dhaka
Dr. Kamrun Nahar Mitu,Gynaecology & Obstetrics,"MBBS, FCPS",Gynecologist,Shahabuddin Medical College Hospital,Dhaka,N/A,https://doctor.bd/doctor/dr-kamrun-nahar-mitu-gynaecology-obstetrics-dhaka
Dr. Kamrun Nahar Sumi,Dentistry,"BDS, BCS, MS",Assistant Professor,Dhaka Dental College Hospital,Dhaka,N/A,https://doctor.bd/doctor/dr-kamrun-nahar-sumi-dentistry-dhaka
Dr. Kamrun Nahar Tania,Oncology,"MBBS, BCS, MD",Consultant,National Institute of Cancer Research and Hospital (NICR&H),Dhaka,N/A,https://doctor.bd/doctor/dr-kamrun-nahar-tania-oncology-dhaka
Dr. Kamrun Nesa Begum (Rosy),Gynaecology & Obstetrics,"MBBS, BCS, FCPS, MS",Associate Professor,Chattogram Medical College Hospital,Chattogram,N/A,https://doctor.bd/doctor/dr-kamrun-nesa-begum-rosy-gynaecology-obstetrics-chattogram
Dr. Kamrun Sattar (Dalia),Gynaecology & Obstetrics,"MBBS, DGO, MCPS, FCPS",Associate Professor,Sheikh Hasina Medical College & Hospital,Dhaka,N/A,https://doctor.bd/doctor/dr-kamrun-sattar-dalia-gynaecology-obstetrics-dhaka
Dr. Kamrunnahar Bhuiyan,Pediatrics,"MBBS, BCS, DCH, FCPS",Consultant,Chattogram Medical College Hospital,Chattogram,N/A,https://doctor.bd/doctor/dr-kamrunnahar-bhuiyan-pediatrics-chattogram
Dr. Kamrunnahar Tuhin,Gynaecology & Obstetrics,"MBBS, BCS, DGO",Consultant,Maligaon 50 bed Hospital,Cumilla,N/A,https://doctor.bd/doctor/dr-kamrunnahar-tuhin-gynaecology-obstetrics-cumilla
Dr. Kamruzzaman Md. Zahir,Respiratory Medicine,"MBBS, MCPS, MD",Assistant Professor,Sher-e-bangla Medical College Hospital,Barishal,N/A,https://doctor.bd/doctor/dr-kamruzzaman-md-zahir-respiratory-medicine-barishal
Dr. Kamruzzaman Rumman,Oncology,"MBBS, FCPS, MD",Consultant,National Institute of Cancer Research and Hospital (NICR&H),Dhaka,N/A,https://doctor.bd/doctor/dr-kamruzzaman-rumman-oncology-dhaka
Dr. Kanchan Kumar Deb,Pediatric Surgery,"MBBS, BCS, MS",Surgeon,Sylhet MAG Osmani Medical College Hospital,Sylhet,N/A,https://doctor.bd/doctor/dr-kanchan-kumar-deb-pediatric-surgery-sylhet
Dr. Kanchan Kumar Sarker,Physiotherapy,"PhD, BPT, MPT",Chief Consultant,DeepShikha Physiotherapy & Consultation Center,Gaibandha,15+ Years,https://doctor.bd/doctor/dr-kanchan-kumar-sarker-physiotherapy-gaibandha
Dr. Kanij Fatema,Pediatrics,"MBBS, FCPS",Associate Professor,"Institute of Pediatric Neurodisorder & Autism (IPNA), BSMMU",Dhaka,N/A,https://doctor.bd/doctor/dr-kanij-fatema-pediatrics-dhaka
Dr. Kaniz Fatema Ishrat Jahan,Neurosurgery,"MBBS, BCS, MS",Assistant Professor,Dhaka Medical College Hospital,Dhaka,N/A,https://doctor.bd/doctor/dr-kaniz-fatema-ishrat-jahan-neurosurgery-dhaka
Dr. Kaniz Fatema Mily,Gynaecology & Obstetrics,"MBBS, DGO",Consultant,Sher-e-bangla Medical College Hospital,Barishal,N/A,https://doctor.bd/doctor/dr-kaniz-fatema-mily-gynaecology-obstetrics-barishal
Dr. Kaniz Fatema Papri,Gynaecology & Obstetrics,"MBBS, BCS, FCPS",Consultant,Khulna Medical College Hospital,Khulna,N/A,https://doctor.bd/doctor/dr-kaniz-fatema-papri-gynaecology-obstetrics-khulna
Dr. Kaniz Shahali Reza Snigdha,Dermatology,"MBBS, MCPS, FCPS",Assistant Professor,"Mugda Medical College Hospital, Dhaka",Dhaka,N/A,https://doctor.bd/doctor/dr-kaniz-shahali-reza-snigdha-dermatology-dhaka
Dr. Kaniz Sultana,Pediatrics,"MBBS, MD, MSc, BCS",Associate Professor,Dhaka Medical College Hospital,Dhaka,N/A,https://doctor.bd/doctor/dr-kaniz-sultana-pediatrics-dhaka
Dr. Kanol Saha,Neurology,"MBBS, BCS, MD",Associate Professor,Dhaka Medical College Hospital,Dhaka,N/A,https://doctor.bd/doctor/dr-kanol-saha-neurology-dhaka
Dr. Kanu Lal Saha,ENT,"MBBS, MS, FCPS",Associate Professor,Bangladesh Medical University,Dhaka,N/A,https://doctor.bd/doctor/dr-kanu-lal-saha-ent-dhaka
Dr. Karina Rahman,General Surgery,"MBBS, FCPS",Assistant Professor,Enam Medical College & Hospital,Dhaka,N/A,https://doctor.bd/doctor/dr-karina-rahman-general-surgery-dhaka
Dr. Kashefa Nazneen,Gynaecology & Obstetrics,"MBBS, FCPS",Senior Consultant,"Square Hospital, Dhaka",Dhaka,N/A,https://doctor.bd/doctor/dr-kashefa-nazneen-gynaecology-obstetrics-dhaka
Dr. Kashfia Kamal,Neurosurgery,"MBBS, BCS, MS",Resident Surgeon,Chattogram Medical College Hospital,Chattogram,8+ Years,https://doctor.bd/doctor/dr-kashfia-kamal-neurosurgery-chattogram
Dr. Kathak Das,Ophthalmology,"MBBS, DO",Junior Consultant,Lions Charitable Eye Hospital,Chattogram,N/A,https://doctor.bd/doctor/dr-kathak-das-ophthalmology-chattogram
Dr. Kawsar Ahmad Konok,Plastic Surgery,"MBBS, BCS, MS",Surgeon,"National Institute of Burn and Plastic Surgery, Dhaka",Dhaka,N/A,https://doctor.bd/doctor/dr-kawsar-ahmad-konok-plastic-surgery-dhaka
Dr. Kawsar Hamid,Orthopedics,"MBBS, D-ORTHO",Assistant Professor,Central Medical College Hospital,Cumilla,N/A,https://doctor.bd/doctor/dr-kawsar-hamid-orthopedics-cumilla
Dr. Kazi Abdullah Arman,Oncology,"MBBS, MD",Consultant,Labaid Cancer Hospital and Super Speciality Centre,Dhaka,N/A,https://doctor.bd/doctor/dr-kazi-abdullah-arman-oncology-dhaka
Dr. Kazi Abu Rashed,ENT,"MBBS, BCS, DLO",Consultant,"General Hospital, Khulna",Khulna,N/A,https://doctor.bd/doctor/dr-kazi-abu-rashed-ent-khulna
Dr. Kazi Abul Hasan,Cardiac Surgery,"MBBS, MS",Associate Professor,National Institute of Cardiovascular Disease (NICVD),Dhaka,N/A,https://doctor.bd/doctor/dr-kazi-abul-hasan-cardiac-surgery-dhaka
Dr. Kazi Al Baruny,Cardiology,"MBBS, MSc, MPH, PGDCH",Specialist Cardiologist,Vatara general hospital & Nursing institute,Dhaka,N/A,https://doctor.bd/doctor/dr-kazi-al-baruny-cardiology-dhaka
Dr. Kazi Al-Hosne Jamil,Cardiac Surgery,"MBBS, MS",Resident Surgeon,Dhaka Medical College Hospital,Dhaka,N/A,https://doctor.bd/doctor/dr-kazi-al-hosne-jamil-cardiac-surgery-dhaka
Dr. Kazi Anisur Rahman,Ophthalmology,"MBBS, BCS, MS",Assistant Professor,Kushtia Medical College Hospital,Kushtia,N/A,https://doctor.bd/doctor/dr-kazi-anisur-rahman-ophthalmology-kushtia
Dr. Kazi Ashraful Islam,Pediatrics,"MBBS, MCPS, MD",Assistant Professor,"Institute of Pediatric Neurodisorder & Autism (IPNA), BSMMU",Dhaka,N/A,https://doctor.bd/doctor/dr-kazi-ashraful-islam-pediatrics-dhaka
Dr. Kazi Atiqur Rahman,Cardiology,"MBBS, MD, MRCP",Senior Consultant,Evercare Hospital Dhaka,Dhaka,N/A,https://doctor.bd/doctor/dr-kazi-atiqur-rahman-cardiology-dhaka
Dr. Kazi Farhana Begum,Gynaecology & Obstetrics,"MBBS, FCPS",Gynecologist,Bangladesh Medical University,Dhaka,N/A,https://doctor.bd/doctor/dr-kazi-farhana-begum-gynaecology-obstetrics-dhaka
Dr. Kazi Fouzia Afrin,Respiratory Medicine,"MBBS, BCS, MD",Junior Consultant,National Institute of Diseases of the Chest & Hospital (NIDCH),Dhaka,N/A,https://doctor.bd/doctor/dr-kazi-fouzia-afrin-respiratory-medicine-dhaka
Dr. Kazi Foyeza Akther,Gynaecology & Obstetrics,"MBBS, FCPS, MCPS",Consultant,"BRB Hospital, Dhaka",Dhaka,N/A,https://doctor.bd/doctor/dr-kazi-foyeza-akther-gynaecology-obstetrics-dhaka
Dr. Kazi Hafiz Uddin,Neurosurgery,"MBBS, MS",Assistant Professor,National Institute of Neurosciences & Hospital,Dhaka,N/A,https://doctor.bd/doctor/dr-kazi-hafiz-uddin-neurosurgery-dhaka
Dr. Kazi Hannanur Rahman (Jewel),Orthopedics,"MBBS, BCS, MS, FCPS, MPH, FACS",Assistant Professor,National Institute of Traumatology and Orthopaedic Rehabilitation (NITOR),Dhaka,N/A,https://doctor.bd/doctor/dr-kazi-hannanur-rahman-jewel-orthopedics-dhaka
Dr. Kazi Iftekhar Rahman,Dermatology,"MBBS, DDV",Consultant,US-Bangla Medical College Hospital,Dhaka,N/A,https://doctor.bd/doctor/dr-kazi-iftekhar-rahman-dermatology-dhaka
Dr. Kazi Imran Ahmed (Sohel),Plastic Surgery,"MBBS, BCS, FCPS, MRCS",Assistant Professor,Cumilla Medical College Hospital,Cumilla,N/A,https://doctor.bd/doctor/dr-kazi-imran-ahmed-sohel-plastic-surgery-cumilla
Dr. Kazi Israt Jahan,General Surgery,"MBBS, BCS, FCPS, FACS",Assistant Professor,Cumilla Medical College Hospital,Cumilla,N/A,https://doctor.bd/doctor/dr-kazi-israt-jahan-general-surgery-cumilla
Dr. Kazi lrfan Subhan,Neurosurgery,"MBBS, BCS, MS",Neurosurgeon,Dhaka Medical College Hospital,Dhaka,N/A,https://doctor.bd/doctor/dr-kazi-lrfan-subhan-neurosurgery-dhaka
Dr. Kazi M. Monirul Islam,Neurology,"MBBS, BCS, MD",Consultant,Sher-e-bangla Medical College Hospital,Barishal,N/A,https://doctor.bd/doctor/dr-kazi-m-monirul-islam-neurology-barishal
Dr. Kazi Mahabub-E-Khuda,Respiratory Medicine,"MBBS, MCPS, MD, FCCP",Associate Professor,National Institute of Diseases of the Chest & Hospital (NIDCH),Dhaka,N/A,https://doctor.bd/doctor/dr-kazi-mahabub-e-khuda-respiratory-medicine-dhaka
Dr. Kazi Md. Asif Hasnan,General Surgery,"MBBS, MS, BCS",Assistant Professor,Chattogram Medical College Hospital,Chattogram,N/A,https://doctor.bd/doctor/dr-kazi-md-asif-hasnan-general-surgery-chattogram
Dr. Kazi Md. Dider-E-Mostafa,Ophthalmology,"MBBS, DCO",Consultant,Jalalabad Eye Hospital,Sylhet,N/A,https://doctor.bd/doctor/dr-kazi-md-dider-e-mostafa-ophthalmology-sylhet
Dr. Kazi Md. Tousif,Dentistry,BDS,Dental Surgeon,"Epic Health Care, Chattogram",Chattogram,8+ Years,https://doctor.bd/doctor/dr-kazi-md-tousif-dentistry-chattogram
Dr. Kazi Mizanur Rahman,Orthopedics,"MBBS, BCS, MS",Assistant Professor,National Institute of Traumatology and Orthopaedic Rehabilitation (NITOR),Dhaka,N/A,https://doctor.bd/doctor/dr-kazi-mizanur-rahman-orthopedics-dhaka
Dr. Kazi Mohammad Abdul Awal,Cardiology,"MBBS, D-CARD, MD, MACP, CCD",Assistant Professor,"Islami Bank Medical College Hospital, Rajshahi",Rajshahi,N/A,https://doctor.bd/doctor/dr-kazi-mohammad-abdul-awal-cardiology-rajshahi
Dr. Kazi Mohammad Abrar Hasan,Medicine,"MBBS, BCS, FCPS, FACP, MACP",Associate Professor,Chattogram Medical College Hospital,Chattogram,N/A,https://doctor.bd/doctor/dr-kazi-mohammad-abrar-hasan-medicine-chattogram
Dr. Kazi Mohammad Faisal,Cardiology,"MBBS, BCS, MD, CCD, FCPS",Consultant,Chattogram Medical College Hospital,Chattogram,N/A,https://doctor.bd/doctor/dr-kazi-mohammad-faisal-cardiology-chattogram
Dr. Kazi Monisur Rahman,Gastroenterology,"MBBS, MD",Associate Professor,Bangladesh Medical University,Dhaka,N/A,https://doctor.bd/doctor/dr-kazi-monisur-rahman-gastroenterology-dhaka
Dr. Kazi Nasid Naznin,Colorectal Surgery,"MBBS, FCPS, MS",Assistant Professor,Bangladesh Medical University,Dhaka,N/A,https://doctor.bd/doctor/dr-kazi-nasid-naznin-colorectal-surgery-dhaka
Dr. Kazi Nasimul Hoque,Ophthalmology,"MBBS, DO",Assistant Professor,Ad-din Akij Medical College Hospital,Khulna,N/A,https://doctor.bd/doctor/dr-kazi-nasimul-hoque-ophthalmology-khulna
Dr. Kazi Naushad Un Nabi,Pediatrics,"MBBS, DCH, MRCP, MRCPCH, FRCP",Consultant,Bangladesh Specialized Hospital,Dhaka,N/A,https://doctor.bd/doctor/dr-kazi-naushad-un-nabi-pediatrics-dhaka
Dr. Kazi Rumana Sharmin Rummee,Dentistry,"BDS, PGT",Doctor,"Labaid Dental Clinic, Dhaka",Dhaka,N/A,https://doctor.bd/doctor/dr-kazi-rumana-sharmin-rummee-dentistry-dhaka
Dr. Kazi Saifuddin Bennoor,Respiratory Medicine,"MBBS, DTCD",Assistant Professor,National Institute of Diseases of the Chest & Hospital (NIDCH),Dhaka,N/A,https://doctor.bd/doctor/dr-kazi-saifuddin-bennoor-respiratory-medicine-dhaka
Dr. Kazi Saiful Islam Shakil,Thoracic Surgery,"MBBS, MS",Associate Professor,National Institute of Diseases of the Chest & Hospital (NIDCH),Dhaka,N/A,https://doctor.bd/doctor/dr-kazi-saiful-islam-shakil-thoracic-surgery-dhaka
Dr. Kazi Salma Rezina Shobi,Gynaecology & Obstetrics,"MBBS, FCPS",Consultant,"OGSB Maternity Hospital, Mirpur",Dhaka,N/A,https://doctor.bd/doctor/dr-kazi-salma-rezina-shobi-gynaecology-obstetrics-dhaka
Dr. Kazi Sami Saleh Abdullah,Medicine,"MBBS, FCPS",Junior Consultant,Bangladesh Specialized Hospital,Dhaka,N/A,https://doctor.bd/doctor/dr-kazi-sami-saleh-abdullah-medicine-dhaka
Dr. Kazi Shabbir Anwar,Ophthalmology,"MBBS, DO, MD",Consultant,Bangladesh Eye Hospital & Institute,Dhaka,N/A,https://doctor.bd/doctor/dr-kazi-shabbir-anwar-ophthalmology-dhaka
Dr. Kazi Shahadat Hossain,Orthopedics,"MBBS, D-ORTHO, CCD",Assistant Professor,Mainamoti Medical College & Hospital,Cumilla,N/A,https://doctor.bd/doctor/dr-kazi-shahadat-hossain-orthopedics-cumilla
Dr. Kazi Shamim Ahmed,Medicine,"MBBS, FCPS, MACP",Doctor,Dhaka National Medical College & Hospital,Dhaka,N/A,https://doctor.bd/doctor/dr-kazi-shamim-ahmed-medicine-dhaka
Dr. Kazi Shamim Al Mamun,Cardiology,"MBBS, BCS, MD, MESC, MACP, FACC",Consultant,Chattogram Medical College Hospital,Chattogram,N/A,https://doctor.bd/doctor/dr-kazi-shamim-al-mamun-cardiology-chattogram
Dr. Kazi Shamim Parvez,Cardiology,"MBBS, FCPS, D-CARD",Consultant,"Shaheed Shaikh Abu-Naser Specialized Hospital, Khulna",Khulna,N/A,https://doctor.bd/doctor/dr-kazi-shamim-parvez-cardiology-khulna
Dr. Kazi Shamsun Nahar,Gynaecology & Obstetrics,"MBBS, FCPS",Consultant,"Square Hospital, Dhaka",Dhaka,N/A,https://doctor.bd/doctor/dr-kazi-shamsun-nahar-gynaecology-obstetrics-dhaka
Dr. Kazi Sonia Monir,Gynaecology & Obstetrics,"MBBS, DGO, MCPS, DMU",Senior Consultant,"Sajida Hospital, Keraniganj",Narayanganj,N/A,https://doctor.bd/doctor/dr-kazi-sonia-monir-gynaecology-obstetrics-narayanganj
Dr. Kazi Taslima,Gynaecology & Obstetrics,"MBBS, MCPS, FCPS, MRCOG, CMU, DMU, TVS",Consultant,Bangladesh Medical University,Dhaka,N/A,https://doctor.bd/doctor/dr-kazi-taslima-gynaecology-obstetrics-dhaka
Dr. Kazi Towkia Rahman,Gynaecology & Obstetrics,"MBBS, DGO",Consultant,"Divisional Police Hospital, Barishal",Barishal,N/A,https://doctor.bd/doctor/dr-kazi-towkia-rahman-gynaecology-obstetrics-barishal
Dr. Kazi Zainal Abedin,Dermatology,"MBBS, BCS, DD",Senior Consultant,"American Hospital, Chattogram",Chattogram,N/A,https://doctor.bd/doctor/dr-kazi-zainal-abedin-dermatology-chattogram
Dr. Kazi Zakir Hosain,Hepatology,"MBBS, BCS, MD",Consultant,Shaheed Suhrawardy Medical College Hospital,Dhaka,N/A,https://doctor.bd/doctor/dr-kazi-zakir-hosain-hepatology-dhaka
Dr. Kazy Habibur Rahman,Homeopathy,"BHMS, MPH",Consultant,Kazy Homoeopathic Treatment & Private Research Center,Dhaka,N/A,https://doctor.bd/doctor/dr-kazy-habibur-rahman-homeopathy-dhaka
Dr. Keya Debnath,Gynaecology & Obstetrics,"MBBS, BCS, MS",Assistant Professor,Khulna Medical College Hospital,Khulna,N/A,https://doctor.bd/doctor/dr-keya-debnath-gynaecology-obstetrics-khulna
Dr. Keya Rani Das,ENT,"MBBS, BCS, DLO",Consultant,Khulna Medical College Hospital,Khulna,N/A,https://doctor.bd/doctor/dr-keya-rani-das-ent-khulna
Dr. Kh. Md. Abul Ehsan Echo,Ophthalmology,"MBBS, DO, FIGO",Eye Specialist,Islami Eye Hospital,Pabna,N/A,https://doctor.bd/doctor/dr-kh-md-abul-ehsan-echo-ophthalmology-pabna
Dr. Kh. Mehedy Ibnay Mostofa,Urology,"MBBS, MS",Assistant Professor,Pabna Medical College Hospital,Pabna,N/A,https://doctor.bd/doctor/dr-kh-mehedy-ibnay-mostofa-urology-pabna
Dr. Kh. Mohammad Ali,Physical Medicine & Rehabilitation,"MBBS, FCPS",Consultant,National Institute of Neurosciences & Hospital,Dhaka,N/A,https://doctor.bd/doctor/dr-kh-mohammad-ali-physical-medicine-rehabilitation-dhaka
Dr. Kh. Nafiz Rahman,Orthopedics,"MBBS, BCS, D-ORTHO, FCPS",Surgeon,Rajshahi Medical College Hospital,Rajshahi,N/A,https://doctor.bd/doctor/dr-kh-nafiz-rahman-orthopedics-rajshahi
Dr. Khadhiza Begom,Pediatrics,"MBBS, DCH, MD, FCPS",Resident,Chattogram Medical College Hospital,Chattogram,N/A,https://doctor.bd/doctor/dr-khadhiza-begom-pediatrics-chattogram
Dr. Khadija Begum,Gynaecology & Obstetrics,"MBBS, FCPS",Assistant Professor,Dr. Sirajul Islam Medical College & Hospital,Dhaka,N/A,https://doctor.bd/doctor/dr-khadija-begum-gynaecology-obstetrics-dhaka
Dr. Khadija Rahman (Sonia),General Surgery,"MBBS, FCPS",Assistant Professor,National Institute of Cancer Research and Hospital (NICR&H),Dhaka,N/A,https://doctor.bd/doctor/dr-khadija-rahman-sonia-general-surgery-dhaka
Dr. Khadija Tul Kobra,Plastic Surgery,"MBBS, BCS, MS",Assistant Professor,Dhaka Medical College Hospital,Dhaka,10+ Years,https://doctor.bd/doctor/dr-khadija-tul-kobra-plastic-surgery-dhaka
Dr. Khadiza Amin,Dentistry,BDS,Consultant,"Impressive Dental Solutions, Dakshinkhan",Dhaka,10+ Years,https://doctor.bd/doctor/dr-khadiza-amin-dentistry-dhaka
Dr. Khadiza Rahman Happy,Pediatrics,"MBBS, DCH, MD",Associate Professor,Mirpur Shishu Hospital,Dhaka,N/A,https://doctor.bd/doctor/dr-khadiza-rahman-happy-pediatrics-dhaka
Dr. Khaja Amirul Islam,Oncology,"MBBS, BCS, MD",Consultant,"Shaheed Ziaur Rahman Medical College Hospital, Bogura",Bogura,N/A,https://doctor.bd/doctor/dr-khaja-amirul-islam-oncology-bogura
Dr. Khaled Ahmedur Rahman,Neurosurgery,"MBBS, BCS, MS",Assistant Professor,Cumilla Medical College Hospital,Cumilla,N/A,https://doctor.bd/doctor/dr-khaled-ahmedur-rahman-neurosurgery-cumilla
Dr. Khaled Bin Islam,Orthopedics,"MBBS, BCS, MS",Consultant,Chattogram Medical College Hospital,Chattogram,N/A,https://doctor.bd/doctor/dr-khaled-bin-islam-orthopedics-chattogram
Dr. Khaled Bin Kabir Bhuiyan,Homeopathy,"DHMS, BHB",Consultant,"International Homeo Clinic, Chattogram",Chattogram,N/A,https://doctor.bd/doctor/dr-khaled-bin-kabir-bhuiyan-homeopathy-chattogram
Dr. Khaleda Akhter,Gynaecology & Obstetrics,"MBBS, BCS, FCPS",Registrar,Cumilla Medical College Hospital,Cumilla,N/A,https://doctor.bd/doctor/dr-khaleda-akhter-gynaecology-obstetrics-cumilla
Dr. Khaleda Akter,Pediatrics,"MBBS, DCH, FCPS, PGPN",Consultant,Ahsania Mission Cancer and General Hospital,Dhaka,N/A,https://doctor.bd/doctor/dr-khaleda-akter-pediatrics-dhaka
Dr. Khaleda Akter Lucky,Gynaecology & Obstetrics,"MBBS, BCS, MCPS, FCPS",Assistant Professor,BM&DC Registration: A-44038,Cumilla,18+ Years,https://doctor.bd/doctor/dr-khaleda-akter-lucky-gynaecology-obstetrics-cumilla
Dr. Khaleda Khatun Anny,Gynaecology & Obstetrics,"MBBS, MCPS, DGO",Consultant,Savar Prime Hospital,Dhaka,N/A,https://doctor.bd/doctor/dr-khaleda-khatun-anny-gynaecology-obstetrics-dhaka
Dr. Khaleda Nasreen,Reproductive Medicine,"MBBS, BCS, FCPS",Assistant Professor,Directorate General of Health Services,Dhaka,N/A,https://doctor.bd/doctor/dr-khaleda-nasreen-reproductive-medicine-dhaka
Dr. Khaleda Nazneen Bari,Ophthalmology,"MBBS, DO, MS",Professor & Head,Delta Medical College & Hospital,Dhaka,N/A,https://doctor.bd/doctor/dr-khaleda-nazneen-bari-ophthalmology-dhaka
Dr. Khaleda Parvin,Gynaecology & Obstetrics,"MBBS, BCS, MCPS, FCPS",Consultant,Khulna Medical College Hospital,Khulna,N/A,https://doctor.bd/doctor/dr-khaleda-parvin-gynaecology-obstetrics-khulna
Dr. Khaleda Yeasmin Mirza,Gynaecology & Obstetrics,"MBBS, DGO, FMAS",Senior Consultant,"Square Hospital, Dhaka",Dhaka,N/A,https://doctor.bd/doctor/dr-khaleda-yeasmin-mirza-gynaecology-obstetrics-dhaka
Dr. Khalifa Mahmud Tarik,Cardiac Surgery,"MBBS, MS",Consultant,Bangladesh Specialized Hospital,Dhaka,N/A,https://doctor.bd/doctor/dr-khalifa-mahmud-tarik-cardiac-surgery-dhaka
Dr. Khalilur Rahman,Pediatrics,"MBBS, DCH, PGPN",Assistant Professor,Shahabuddin Medical College Hospital,Dhaka,N/A,https://doctor.bd/doctor/dr-khalilur-rahman-pediatrics-dhaka
Dr. Khan Abdur Rauf,ENT,"MBBS, DLO",Associate Professor,Sher-e-bangla Medical College Hospital,Barishal,N/A,https://doctor.bd/doctor/dr-khan-abdur-rauf-ent-barishal
Dr. Khan Ahmed Hilaly,Pediatrics,"MBBS, PGT, FRSH",Ex. Senior Pediatrician,"Al-Yamaha MCH Hospital, Riyad, KSA",Khulna,N/A,https://doctor.bd/doctor/dr-khan-ahmed-hilaly-pediatrics-khulna
Dr. Khan Asaduzzaman,Neurosurgery,"MBBS, MRCS, FRCS",Head,North East Medical College Hospital,Sylhet,N/A,https://doctor.bd/doctor/dr-khan-asaduzzaman-neurosurgery-sylhet
Dr. Khan Ishrat Jahan,Pediatrics,"MBBS, MD",Assistant Professor,Rajshahi Medical College Hospital,Rajshahi,N/A,https://doctor.bd/doctor/dr-khan-ishrat-jahan-pediatrics-rajshahi
Dr. Khan Lamia Nahid,Pediatrics,"MBBS, FCPS, MD",Associate Professor,Bangladesh Medical University,Dhaka,N/A,https://doctor.bd/doctor/dr-khan-lamia-nahid-pediatrics-dhaka
Dr. Khan Omor Faruk,ENT,"MBBS, BHS, PGT",Assistant Registrar,Khulna Medical College Hospital,Khulna,N/A,https://doctor.bd/doctor/dr-khan-omor-faruk-ent-khulna
Dr. Khandakar Md. Kamrul Islam,Physical Medicine & Rehabilitation,"MBBS, BCS, FCPS",Medical Officer,Sylhet MAG Osmani Medical College Hospital,Sylhet,N/A,https://doctor.bd/doctor/dr-khandakar-md-kamrul-islam-physical-medicine-rehabilitation-sylhet
Dr. Khandakar Nuruzzaman Komol,Dentistry,"MSc, BDS, PGT, FMCC",Assistant Professor,University Dental College and Hospital,Dhaka,N/A,https://doctor.bd/doctor/dr-khandakar-nuruzzaman-komol-dentistry-dhaka
Dr. Khandaker ABM Abdullah Al Hasan,Oncology,"MBBS, BCS, MS, FCPS, FMAS",Assistant Professor,National Institute of Cancer Research and Hospital (NICR&H),Dhaka,N/A,https://doctor.bd/doctor/dr-khandaker-abm-abdullah-al-hasan-oncology-dhaka
Dr. Khandaker Abu Sayed,Orthopedics,"MBBS, BCS, MS",Assistant Professor,Mymensingh Medical College Hospital,Mymensingh,N/A,https://doctor.bd/doctor/dr-khandaker-abu-sayed-orthopedics-mymensingh
Dr. Khandaker Abu Talha,Neurosurgery,"MBBS, MCPS, MPH, MS, DCR",Professor & Head,Sylhet Womens Medical College Hospital,Sylhet,N/A,https://doctor.bd/doctor/dr-khandaker-abu-talha-neurosurgery-sylhet
Dr. Khandaker Abul Hasnat,Dentistry,"BDS, MPH, PGT",Senior Consultant,"Nexus Hospital, Mymensingh",Mymensingh,N/A,https://doctor.bd/doctor/dr-khandaker-abul-hasnat-dentistry-mymensingh
Dr. Khandaker Aisha Siddika,Cardiology,"MBBS, MD",Cardiologist,National Institute of Cardiovascular Disease (NICVD),Dhaka,N/A,https://doctor.bd/doctor/dr-khandaker-aisha-siddika-cardiology-dhaka
Dr. Khandaker Alamin Rumi,Medicine,"MBBS, MRCP, MD",Junior Consultant,"City Hospital, Dhaka",Dhaka,N/A,https://doctor.bd/doctor/dr-khandaker-alamin-rumi-medicine-dhaka
Dr. Khandaker Anwar Kadir (Darpan),Medicine,"MBBS, CCD, BCS, FCGP, MD",Consultant,"Modern Diagnostic Center, Narayanganj",Narayanganj,N/A,https://doctor.bd/doctor/dr-khandaker-anwar-kadir-darpan-medicine-narayanganj
Dr. Khandaker Golam Mostafa Kabir,General Surgery,"MBBS, FCGP, PGT, MPH, PhD",Surgeon,Rajshahi Model Hospital,Rajshahi,N/A,https://doctor.bd/doctor/dr-khandaker-golam-mostafa-kabir-general-surgery-rajshahi
Dr. Khandaker Hafijur Rahman,Orthopedics,"MBBS, BCS, MS, MACP, FCPS",Associate Professor,Mymensingh Medical College Hospital,Mymensingh,N/A,https://doctor.bd/doctor/dr-khandaker-hafijur-rahman-orthopedics-mymensingh
Dr. Khandaker Mahadi Ul Haque,Urology,"MBBS, MS",Assistant Professor,Rajshahi Medical College Hospital,Rajshahi,9+ Years,https://doctor.bd/doctor/dr-khandaker-mahadi-ul-haque-urology-rajshahi
Dr. Khandaker Shehneela Tasmin,Gynaecology & Obstetrics,"MBBS, BCS, FCPS",Consultant,Shaheed Suhrawardy Medical College Hospital,Dhaka,N/A,https://doctor.bd/doctor/dr-khandaker-shehneela-tasmin-gynaecology-obstetrics-dhaka
Dr. Khandker Mahbuba Jannat,Gynaecology & Obstetrics,"MBBS, FCPS",Consultant,"250 Bedded General Hospital, Pabna",Pabna,N/A,https://doctor.bd/doctor/dr-khandker-mahbuba-jannat-gynaecology-obstetrics-pabna
Dr. Khandker Mahbubar Rahman,Neurology,"MBBS, MD",Senior Consultant,Evercare Hospital Dhaka,Dhaka,N/A,https://doctor.bd/doctor/dr-khandker-mahbubar-rahman-neurology-dhaka
Dr. Khandker Md. Nurus Sabah,Cardiology,"MBBS, BCS, MCPS, D-CARD, MD",Associate Professor,"Mugda Medical College Hospital, Dhaka",Dhaka,N/A,https://doctor.bd/doctor/dr-khandker-md-nurus-sabah-cardiology-dhaka
Dr. Khandokar Samsujjaman,Oncology,"MBBS, BCS, MD, CCD",Cancer Specialist,National Institute of Cancer Research and Hospital (NICR&H),Dhaka,N/A,https://doctor.bd/doctor/dr-khandokar-samsujjaman-oncology-dhaka
Dr. Khirul Hasan Rana,Orthopedics,"MBBS, D-ORTHO, FCPS",Consultant,Mainamoti Medical College & Hospital,Cumilla,N/A,https://doctor.bd/doctor/dr-khirul-hasan-rana-orthopedics-cumilla
Dr. Khodeza Khatun Moni,Gynaecology & Obstetrics,"MBBS, FCPS",Assistant Professor,Bangladesh Medical University,Dhaka,N/A,https://doctor.bd/doctor/dr-khodeza-khatun-moni-gynaecology-obstetrics-dhaka
Dr. Khodeza Khatun Toma,Gynaecology & Obstetrics,"MBBS, DGO, FCPS",Gynecologist,Rangpur Medical College Hospital,Rangpur,N/A,https://doctor.bd/doctor/dr-khodeza-khatun-toma-gynaecology-obstetrics-rangpur
Dr. Khondaker Arafuzzaman Lipton,Urology,"MBBS, FCPS",Assistant Professor,"Mugda Medical College Hospital, Dhaka",Dhaka,N/A,https://doctor.bd/doctor/dr-khondaker-arafuzzaman-lipton-urology-dhaka
Dr. Khondaker Elias,Nephrology,"MBBS, BCS, MD, MACP, CCD, FCPS",Consultant,Shaheed Suhrawardy Medical College Hospital,Dhaka,N/A,https://doctor.bd/doctor/dr-khondaker-elias-nephrology-dhaka
Dr. Khondaker Mobasher Ahmed,Pediatrics,"MBBS, BCS, MD, ICPPN, FCPS",Assistant Professor,Cumilla Medical College Hospital,Cumilla,N/A,https://doctor.bd/doctor/dr-khondaker-mobasher-ahmed-pediatrics-cumilla
Dr. Khondokar Mahabub Uz Zaman,Rheumatology,"MBBS, BCS, MD",Rheumatology Specialist,Bangladesh Medical University,Dhaka,N/A,https://doctor.bd/doctor/dr-khondokar-mahabub-uz-zaman-rheumatology-dhaka
Dr. Khondoker Asaduzzaman,Cardiology,"MBBS, DTCD, MD, AFACC, FSCAI, FASIC",Cardiologist,Sir Salimullah Medical College Mitford Hospital,Dhaka,N/A,https://doctor.bd/doctor/dr-khondoker-asaduzzaman-cardiology-dhaka
Dr. Khondoker Monirul Alam Russel,Medicine,"MBBS, BCS, FCPS",Consultant,Rangpur Medical College Hospital,Rangpur,N/A,https://doctor.bd/doctor/dr-khondoker-monirul-alam-russel-medicine-rangpur
Dr. Khondoker Seheli Nasrin Lina,Gynaecology & Obstetrics,"MBBS, MS",Gynecologist,"Islami Bank Medical College Hospital, Rajshahi",Rajshahi,N/A,https://doctor.bd/doctor/dr-khondoker-seheli-nasrin-lina-gynaecology-obstetrics-rajshahi
Dr. Khorshed Alam Tanmay,Orthopedics,"MBBS, BCS, D-ORTHO",Doctor,National Institute of Traumatology and Orthopaedic Rehabilitation (NITOR),Dhaka,N/A,https://doctor.bd/doctor/dr-khorshed-alam-tanmay-orthopedics-dhaka
Dr. Khursheda Tahmin (Shimu),Gynaecology & Obstetrics,"MBBS, BCS, MS",Assistant Professor,Sylhet MAG Osmani Medical College Hospital,Sylhet,N/A,https://doctor.bd/doctor/dr-khursheda-tahmin-shimu-gynaecology-obstetrics-sylhet
Dr. Khurshid Alam Sarwar,Pediatric Surgery,"MBBS, MS",Associate Professor,Chattogram Medical College Hospital,Chattogram,N/A,https://doctor.bd/doctor/dr-khurshid-alam-sarwar-pediatric-surgery-chattogram
Dr. Khurshid Jahan,Gynaecology & Obstetrics,"MBBS, MPH, MS",Professor & Head,Sher-e-bangla Medical College Hospital,Barishal,N/A,https://doctor.bd/doctor/dr-khurshid-jahan-gynaecology-obstetrics-barishal
Dr. Khurshid Nasrin,Radiology & Imaging,"MBBS, ADMS, DMUD",Sonologist,Eden Multi -Care Hospital,Dhaka,20+ Years,https://doctor.bd/doctor/dr-khurshid-nasrin-radiology-imaging-dhaka
Dr. Khurshida Jahan,Gynaecology & Obstetrics,"MBBS, FCPS, MS",Assistant Professor,Mymensingh Medical College Hospital,Mymensingh,N/A,https://doctor.bd/doctor/dr-khurshida-jahan-gynaecology-obstetrics-mymensingh
Dr. Kingshuk Abir,Neurology,"MBBS, MD",Assistant Professor,Tairunnessa Memorial Medical College & Hospital,Dhaka,N/A,https://doctor.bd/doctor/dr-kingshuk-abir-neurology-dhaka
Dr. Kishore Kumar Das,Plastic Surgery,"MBBS, FCPS, MS",Associate Professor,Chattogram Maa-O-Shishu Hospital Medical College,Chattogram,N/A,https://doctor.bd/doctor/dr-kishore-kumar-das-plastic-surgery-chattogram
Dr. Kishore Kumar Shil,Endocrinology,"MBBS, BCS, MD, MACE, MACP, FCPS",Consultant,Khulna Medical College Hospital,Khulna,N/A,https://doctor.bd/doctor/dr-kishore-kumar-shil-endocrinology-khulna
Dr. Kishore Mohajan,Physical Medicine & Rehabilitation,"MBBS, MD, CCD, DPT",Assistant Professor,Chattogram Maa-O-Shishu Hospital Medical College,Chattogram,N/A,https://doctor.bd/doctor/dr-kishore-mohajan-physical-medicine-rehabilitation-chattogram
Dr. Kishuar Parveen,Gynaecology & Obstetrics,"MBBS, FCPS",Assistant Professor,Sylhet MAG Osmani Medical College Hospital,Sylhet,N/A,https://doctor.bd/doctor/dr-kishuar-parveen-gynaecology-obstetrics-sylhet
Dr. Kismot Ara Sheikh Mala,Gynaecology & Obstetrics,"MBBS, MCPS, FRSH",Consultant,Rangpur Medical College Hospital,Rangpur,N/A,https://doctor.bd/doctor/dr-kismot-ara-sheikh-mala-gynaecology-obstetrics-rangpur
Dr. KM Nurul Alam,ENT,"MBBS, FCPS, MS",Doctor,National Institute of ENT & Hospital,Dhaka,N/A,https://doctor.bd/doctor/dr-km-nurul-alam-ent-dhaka
Dr. Kohinoor Akter,Gynaecology & Obstetrics,"MBBS, MCS, DGO",Gynecologist,Chattogram Medical College Hospital,Chattogram,N/A,https://doctor.bd/doctor/dr-kohinoor-akter-gynaecology-obstetrics-chattogram
Dr. Kohinoor Begum,Gynaecology & Obstetrics,"MBBS, BCS, FCPS",Assistant Professor,Chattogram Medical College Hospital,Chattogram,N/A,https://doctor.bd/doctor/dr-kohinoor-begum-gynaecology-obstetrics-chattogram
Dr. Koushik Majumder,Cardiology,"MBBS, MD",Senior Consultant,National Heart Foundation Hospital Sylhet,Sylhet,N/A,https://doctor.bd/doctor/dr-koushik-majumder-cardiology-sylhet
Dr. Kousik Chowdhury,Ophthalmology,"MBBS, FCPS",Consultant,National Institute of Ophthalmology & Hospital,Dhaka,N/A,https://doctor.bd/doctor/dr-kousik-chowdhury-ophthalmology-dhaka
Dr. Krishna Kanta Bhowmik,ENT,"MBBS, BCS, FCPS",Assistant Professor,Sylhet MAG Osmani Medical College Hospital,Sylhet,N/A,https://doctor.bd/doctor/dr-krishna-kanta-bhowmik-ent-sylhet
Dr. Krishna Pada Banik,Medicine,"MBBS, BCS, FCPS, CCD",Consultant,Dhaka Medical College Hospital,Dhaka,N/A,https://doctor.bd/doctor/dr-krishna-pada-banik-medicine-dhaka
Dr. Krishna Pada Saha,Colorectal Surgery,"MBBS, MS, FCPS, FACS",Head,Kuwait Bangladesh Friendship Govt. Hospital,Dhaka,N/A,https://doctor.bd/doctor/dr-krishna-pada-saha-colorectal-surgery-dhaka
Dr. Kulsum Akter,Gynaecology & Obstetrics,"MBBS, FCPS",Consultant,Cumilla Medical College Hospital,Cumilla,N/A,https://doctor.bd/doctor/dr-kulsum-akter-gynaecology-obstetrics-cumilla
Dr. Kumar Tansen,Gynaecology & Obstetrics,"MBBS, BCS, FCPS",Consultant,Dhaka Medical College Hospital,Dhaka,N/A,https://doctor.bd/doctor/dr-kumar-tansen-gynaecology-obstetrics-dhaka
Dr. Kyaw Khin U Chow Chow,ENT,"MBBS, BCS, FCPS",Associate Professor,Chattogram Medical College Hospital,Chattogram,N/A,https://doctor.bd/doctor/dr-kyaw-khin-u-chow-chow-ent-chattogram
Dr. Labiba Hossainy Honey,Pediatrics,"MBBS, BCS, MCPS, FCPS",Consultant,"Shaheed Ziaur Rahman Medical College Hospital, Bogura",Bogura,N/A,https://doctor.bd/doctor/dr-labiba-hossainy-honey-pediatrics-bogura
Dr. Laila Kamruzzahan Panna,Gynaecology & Obstetrics,"MBBS, BCS, FCPS",Registrar,Mymensingh Medical College Hospital,Mymensingh,N/A,https://doctor.bd/doctor/dr-laila-kamruzzahan-panna-gynaecology-obstetrics-mymensingh
Dr. Laila Khaleda,Gynaecology & Obstetrics,"MBBS, MS",Assistant Professor,"Maternal & Child Health Training Institute, Azimpur",Dhaka,23+ Years,https://doctor.bd/doctor/dr-laila-khaleda-gynaecology-obstetrics-dhaka
Dr. Laila Parveen Banu Madhobi,Gynaecology & Obstetrics,"MBBS, BCS, FCPS",Associate Professor,Sylhet MAG Osmani Medical College Hospital,Sylhet,N/A,https://doctor.bd/doctor/dr-laila-parveen-banu-madhobi-gynaecology-obstetrics-sylhet
Dr. Laila Shamima Sharmin,Pediatrics,"MBBS, FCPS, MRCP",Assistant Professor,Rajshahi Medical College Hospital,Rajshahi,N/A,https://doctor.bd/doctor/dr-laila-shamima-sharmin-pediatrics-rajshahi
Dr. Laila Yesmin Suma,Gastroenterology,"MBBS, MD",Consultant,"National Gastroliver Institute and Hospital, Dhaka",Dhaka,N/A,https://doctor.bd/doctor/dr-laila-yesmin-suma-gastroenterology-dhaka
Dr. Lailatunessa,Gynaecology & Obstetrics,"MBBS, BCS, FCPS",Consultant,Khulna Medical College Hospital,Khulna,N/A,https://doctor.bd/doctor/dr-lailatunessa-gynaecology-obstetrics-khulna
Dr. Lala Shourav Das,Endocrinology,"MBBS, BCS, DEM",Consultant,"Oasis Hospital, Sylhet",Sylhet,N/A,https://doctor.bd/doctor/dr-lala-shourav-das-endocrinology-sylhet
Dr. Lalit Mohan Nath,Endocrinology,"MBBS, CCD",Medical Officer,"Sylhet Diabetic Hospital, Sylhet",Sylhet,N/A,https://doctor.bd/doctor/dr-lalit-mohan-nath-endocrinology-sylhet
Dr. Latifa Akhter,Gynaecology & Obstetrics,"MBBS, DGO, FCPS",Consultant,Bangladesh Medical University,Dhaka,N/A,https://doctor.bd/doctor/dr-latifa-akhter-gynaecology-obstetrics-dhaka
Dr. Layla Nasrin,Pediatrics,"MBBS, BCS, DCH, MPH",Senior Consultant,"Shaheed Tajuddin Ahmad Medical College, Gazipur",Gazipur,N/A,https://doctor.bd/doctor/dr-layla-nasrin-pediatrics-gazipur
Dr. Leea Amin,Oncology,"MBBS, FCPS",Associate Professor,Eastern Medical College Hospital,Dhaka,N/A,https://doctor.bd/doctor/dr-leea-amin-oncology-dhaka
Dr. Lima Asrin Sayami,Cardiology,"MBBS, FCPS, MRCP",Assistant Professor,National Institute of Cardiovascular Disease (NICVD),Dhaka,N/A,https://doctor.bd/doctor/dr-lima-asrin-sayami-cardiology-dhaka
Dr. Lipi Paul,Gynaecology & Obstetrics,"MBBS, BCS, MCPS, FCPS",Consultant,Cumilla Medical College Hospital,Cumilla,N/A,https://doctor.bd/doctor/dr-lipi-paul-gynaecology-obstetrics-cumilla
Dr. Lipika Roy,Anesthesiology,"MBBS, MD",Consultant,Shaheed Shaikh Abu-Naser Specialized Hospital,Khulna,N/A,https://doctor.bd/doctor/dr-lipika-roy-anesthesiology-khulna
Dr. Lita Parvin,Dermatology,"MBBS, BCS, DDV",Consultant,Kushtia Medical College Hospital,Kushtia,N/A,https://doctor.bd/doctor/dr-lita-parvin-dermatology-kushtia
Dr. Liton Chandra Saha,Pediatrics,"MBBS, FCPS",Associate Professor,Bangladesh Institute of Child Health & Dhaka Shishu Hospital,Dhaka,N/A,https://doctor.bd/doctor/dr-liton-chandra-saha-pediatrics-dhaka
Dr. Liton Kumar Roy,Orthopedics,"MBBS, BCS, MS",Associate Professor,Cumilla Medical College Hospital,Cumilla,N/A,https://doctor.bd/doctor/dr-liton-kumar-roy-orthopedics-cumilla
Dr. Loba Nur,Dermatology,"MBBS, MSc",Doctor,Ashiyan Medical College Hospital,Dhaka,N/A,https://doctor.bd/doctor/dr-loba-nur-dermatology-dhaka
Dr. Lohani Md. Tajul Islam,Cardiology,"MBBS, MD",Assistant Professor,Bangladesh Medical University,Narayanganj,N/A,https://doctor.bd/doctor/dr-lohani-md-tajul-islam-cardiology-narayanganj
Dr. Lokman Hossain Juwel,General Surgery,"MBBS, FCPS",Consultant,"Shaheed Ziaur Rahman Medical College Hospital, Bogura",Bogura,N/A,https://doctor.bd/doctor/dr-lokman-hossain-juwel-general-surgery-bogura
Dr. lqbal Murshed Kabir,Gastroenterology,"MBBS, FCPS, MD",Senior Consultant,Evercare Hospital Dhaka,Dhaka,N/A,https://doctor.bd/doctor/dr-lqbal-murshed-kabir-gastroenterology-dhaka
Dr. Lt. Col. A K M Mizanur Rahman,Endocrinology,"MBBS, DEM, MACE",Associate Professor,Combined Military Hospital Sylhet,Sylhet,22+ Years,https://doctor.bd/doctor/dr-lt-col-a-k-m-mizanur-rahman-endocrinology-sylhet
Dr. Lt. Col. Amzad Hossain,Endocrinology,"MBBS, FCGP, CCD, MRSH",Diabetes Specialist,Ibn Sina Diagnostic & Consultation Center,Dhaka,N/A,https://doctor.bd/doctor/dr-lt-col-amzad-hossain-endocrinology-dhaka
Dr. Lt. Col. Md. Saleh Akram,ENT,"MBBS, DLO, FCPS",Classified ENT Specialist,"Bangladesh Navy Hospital, BNS Titumir, Khalishpur, Khulna",Khulna,N/A,https://doctor.bd/doctor/dr-lt-col-md-saleh-akram-ent-khulna
Dr. Lt. Col. Mir Azim Uddin,Hematology,"MBBS, DCP, MCPS, FCPS",Hematologist,Combined Military Hospital Dhaka,Dhaka,N/A,https://doctor.bd/doctor/dr-lt-col-mir-azim-uddin-hematology-dhaka
Dr. Lubna Jahan,Gynaecology & Obstetrics,"MBBS, BCS, FCPS",Gynecologist,Dhaka Medical College Hospital,Dhaka,N/A,https://doctor.bd/doctor/dr-lubna-jahan-gynaecology-obstetrics-dhaka
Dr. Lubna Khondker,Dermatology,"MBBS, MPH, DDV, MCPS, FCPS",Consultant,Bangladesh Medical University,Dhaka,N/A,https://doctor.bd/doctor/dr-lubna-khondker-dermatology-dhaka
Dr. Lubna Mariam,Oncology,"MBBS, FCPS, MPhil",Associate Professor,National Institute of ENT & Hospital,Dhaka,N/A,https://doctor.bd/doctor/dr-lubna-mariam-oncology-dhaka
Dr. Lubna Yasmin,Reproductive Medicine,"MBBS, FCPS",Consultant,Nova Fertility Bangladesh Private,Dhaka,N/A,https://doctor.bd/doctor/dr-lubna-yasmin-reproductive-medicine-dhaka-2
Dr. Lubna Yasmin,Reproductive Medicine,"MBBS, FCPS",Consultant,Nova IVF Fertility (Basundhara Unit),Dhaka,N/A,https://doctor.bd/doctor/dr-lubna-yasmin-reproductive-medicine-dhaka
Dr. Lubna Yeasmin,Gynaecology & Obstetrics,"MBBS, DGO, FCPS",Consultant,Sylhet Womens Medical College Hospital,Sylhet,N/A,https://doctor.bd/doctor/dr-lubna-yeasmin-gynaecology-obstetrics-sylhet
Dr. Lucky Rahman,Reproductive Medicine,"MBBS, MCPS, FCPS",Consultant,Insaf Barakah Kidney and General Hospital,Dhaka,N/A,https://doctor.bd/doctor/dr-lucky-rahman-reproductive-medicine-dhaka
Dr. Luies Sourav Sarker,Medicine,"MBBS, CCGP, CCD",Consultation Fees: 400 Taka,Caritas Khulna Region,Khulna,N/A,https://doctor.bd/doctor/dr-luies-sourav-sarker-medicine-khulna
Dr. Lutfor Rahman,Cardiac Surgery,"MBBS, MS",Surgeon,"Labaid Specialized Hospital, Dhanmondi",Dhaka,N/A,https://doctor.bd/doctor/dr-lutfor-rahman-cardiac-surgery-dhaka
Dr. Lutful Aziz,Anesthesiology,"MBBS, FCPS, PhD",Senior Consultant,Evercare Hospital Dhaka,Dhaka,N/A,https://doctor.bd/doctor/dr-lutful-aziz-anesthesiology-dhaka
Dr. Lutful L. Chowdhury,Gastroenterology,"MBBS, MRCP, FRCP",Senior Consultant,Evercare Hospital Dhaka,Dhaka,N/A,https://doctor.bd/doctor/dr-lutful-l-chowdhury-gastroenterology-dhaka
Dr. Lutfun Nahar,Dermatology,"MBBS, PhD",Senior Consultant,"Nahar Skin & Laser Center, Gulshan",Dhaka,N/A,https://doctor.bd/doctor/dr-lutfun-nahar-dermatology-dhaka
Dr. Lutfun Nahar Begum,Pediatrics,"MBBS, MD, FCPS",Senior Consultant,"Square Hospital, Dhaka",Dhaka,N/A,https://doctor.bd/doctor/dr-lutfun-nahar-begum-pediatrics-dhaka
Dr. Lutfun Nahar Begum Koli,Gynaecology & Obstetrics,"MBBS, FCPS",Associate Professor,Chattogram Medical College Hospital,Chattogram,N/A,https://doctor.bd/doctor/dr-lutfun-nahar-begum-koli-gynaecology-obstetrics-chattogram
Dr. Lutfun Nessa Khan,Gynaecology & Obstetrics,"MBBS, MCPS",Gynecologist,Chattogram Medical College Hospital,Chattogram,N/A,https://doctor.bd/doctor/dr-lutfun-nessa-khan-gynaecology-obstetrics-chattogram
Dr. M A Awal Chowdhury (Ashik),Gastroenterology,"MBBS, MSc",Assistant Professor,North East Medical College Hospital,Sylhet,N/A,https://doctor.bd/doctor/dr-m-a-awal-chowdhury-ashik-gastroenterology-sylhet
Dr. M A B Siddique,General Surgery,"MBBS, BCS, FCPS, MS",Assistant Professor,Shaheed Tajuddin Ahmad Medical College & Hospital,Dhaka,N/A,https://doctor.bd/doctor/dr-m-a-b-siddique-general-surgery-dhaka
Dr. M A Halim Khan,Endocrinology,"MBBS, BCS, MD",Professor & Head,Shaheed Suhrawardy Medical College Hospital,Dhaka,N/A,https://doctor.bd/doctor/dr-m-a-halim-khan-endocrinology-dhaka
Dr. M A Hasnain,Cardiology,"MBBS, BCS, MD",Clinical & Interventional Cardiologist,National Institute of Cardiovascular Disease (NICVD),Pabna,N/A,https://doctor.bd/doctor/dr-m-a-hasnain-cardiology-pabna
Dr. M A Kamal,ENT,"MBBS, DLO, MCPS, FCPS",Professor & Head,Cox's Bazar Medical College Hospital,Cox's Bazar,N/A,https://doctor.bd/doctor/dr-m-a-kamal-ent-coxs-bazar
Dr. M A Kashem,Respiratory Medicine,"MBBS, DTCD, GTCT, FCCP, FRSH",Director,"250 Bedded TB Hospital, Shyamoli, Dhaka",Dhaka,N/A,https://doctor.bd/doctor/dr-m-a-kashem-respiratory-medicine-dhaka
Dr. M A Mamun,Orthopedics,"MBBS, BCS, MS, FACS, FICS",Assistant Professor,National Institute of Traumatology and Orthopaedic Rehabilitation (NITOR),Dhaka,N/A,https://doctor.bd/doctor/dr-m-a-mamun-orthopedics-dhaka
Dr. M A Matin,Pediatrics,"MBBS, MD",Professor,Kumudini Women's Medical College & Hospital,Dhaka,N/A,https://doctor.bd/doctor/dr-m-a-matin-pediatrics-dhaka
Dr. M A Morshed,Pediatrics,"MBBS, BCS, DCH",Assistant Professor,Rangamati Medical College Hospital,Rangamati,N/A,https://doctor.bd/doctor/dr-m-a-morshed-pediatrics-rangamati
Dr. M A Rakib,Dentistry,"BDS, MPH, FICD",Assistant Professor,Sylhet Central Dental College (Ex. Vice Principal),Sylhet,23+ Years,https://doctor.bd/doctor/dr-m-a-rakib-dentistry-sylhet
Dr. M A Zulkawsar,ENT,"MBBS, MCPS",Senior Consultant,Ex. Dhaka Medical Collage & BSMMU(Ex. PG Hospital),Dhaka,N/A,https://doctor.bd/doctor/dr-m-a-zulkawsar-ent-dhaka
Dr. M Abdul Basit Raju,Ophthalmology,"MBBS, MCPS, DO, FCPS",Consultant,Sylhet MAG Osmani Medical College Hospital,Sylhet,8+ Years,https://doctor.bd/doctor/dr-m-abdul-basit-raju-ophthalmology-sylhet
Dr. M Amir Hossain,Neurology,"MBBS, BCS, FCPS, MD",Neurologist,Bangladesh Medical University,Dhaka,N/A,https://doctor.bd/doctor/dr-m-amir-hossain-neurology-dhaka
Dr. M B Zaman,Endocrinology,"MBBS, MPH, CCD",Senior Medical Officer,Khulna Diabetic Hospital,Khulna,N/A,https://doctor.bd/doctor/dr-m-b-zaman-endocrinology-khulna
Dr. M Fardil Hossain Faisal,General Surgery,"MBBS, MCPS, MS, FACS",Assistant Professor,Shahabuddin Medical College Hospital,Dhaka,N/A,https://doctor.bd/doctor/dr-m-fardil-hossain-faisal-general-surgery-dhaka
Dr. M Golam Azam,Hepatology,"MBBS, MD",Associate Professor,BIRDEM General Hospital,Dhaka,N/A,https://doctor.bd/doctor/dr-m-golam-azam-hepatology-dhaka
Dr. M H Choudhury Lelin,Medicine,"MBBS, MPH",Health and Hope Hospital,Health and Hope Hospital,Dhaka,N/A,https://doctor.bd/doctor/dr-m-h-choudhury-lelin-medicine-dhaka
Dr. M H M Alamgir,Orthopedics,"MBBS, MS",Professor,Shaheed Suhrawardy Medical College Hospital,Dhaka,N/A,https://doctor.bd/doctor/dr-m-h-m-alamgir-orthopedics-dhaka
Dr. M K Azad,Endocrinology,"MBBS, MD, DEM, MPH, MACE, FCPS",Consultant,"Sarkari Karmachari Hospital- Fulbaria, Dhaka-1000",Dhaka,N/A,https://doctor.bd/doctor/dr-m-k-azad-endocrinology-dhaka
Dr. M M Alam Sadi,Cardiology,"MBBS, MCPS, MD",Consultant,"Parkview Hospital, Chattogram",Chattogram,N/A,https://doctor.bd/doctor/dr-m-m-alam-sadi-cardiology-chattogram
Dr. M M Insan,Dermatology,"MBBS, DD",Associate Professor,Shaheed Suhrawardy Medical College Hospital,Dhaka,N/A,https://doctor.bd/doctor/dr-m-m-insan-dermatology-dhaka
Dr. M M Maruf Turjo,Dentistry,"BDS, PGT",Consultant,"Iconic Dental Surgery, Pabna",Pabna,N/A,https://doctor.bd/doctor/dr-m-m-maruf-turjo-dentistry-pabna
Dr. M M Masud Pervez Shaheen,Pediatric Surgery,"MBBS, MS",Associate Professor,BIRDEM General Hospital,Dhaka,N/A,https://doctor.bd/doctor/dr-m-m-masud-pervez-shaheen-pediatric-surgery-dhaka
Dr. M M Mustak,Dentistry,"BDS, PGT, MPH",Consultant,"Ibn Sina Dental Lab, Uttara",Dhaka,N/A,https://doctor.bd/doctor/dr-m-m-mustak-dentistry-dhaka
Dr. M M Shahidur Rahman,Anesthesiology,"MBBS, FCPS, MCPS, DA",Consultant,Bangladesh Specialized Hospital,Dhaka,N/A,https://doctor.bd/doctor/dr-m-m-shahidur-rahman-anesthesiology-dhaka
Dr. M M Zaman,Physical Medicine & Rehabilitation,"MBBS, MACR, MAAPMR, MAARM, FCPS, FIAS",Associate Professor,Dhaka Medical College Hospital,Dhaka,N/A,https://doctor.bd/doctor/dr-m-m-zaman-physical-medicine-rehabilitation-dhaka
Dr. M N Alam,Medicine,"MBBS, MPH, PGT, CCD",Consultant,MH Samorita Hospital & Medical College,Dhaka,N/A,https://doctor.bd/doctor/dr-m-n-alam-medicine-dhaka
Dr. M R Karim Reza,Dermatology,"MBBS, PGDP, MPH",Doctor,Dhaka Central International Medical College & Hospital,Dhaka,N/A,https://doctor.bd/doctor/dr-m-r-karim-reza-dermatology-dhaka
Dr. M S Alam (Utsha),Rheumatology,"MBBS, BCS, MACP, CCD, EDC, FCPS",Medicine Specialist,Ashulia Women and Children Hospital,Dhaka,N/A,https://doctor.bd/doctor/dr-m-s-alam-utsha-rheumatology-dhaka
Dr. M Saifuddin,Endocrinology,"MBBS, BCS, MD, FRCP, FACP, FACE, FRSM",Doctor,Dhaka Medical College Hospital,Dhaka,N/A,https://doctor.bd/doctor/dr-m-saifuddin-endocrinology-dhaka
Dr. M Z Haque Zahir,Respiratory Medicine,"MBBS, BCS, DTCD, TIH",Associate Professor,Dhaka Medical College Hospital,Dhaka,N/A,https://doctor.bd/doctor/dr-m-z-haque-zahir-respiratory-medicine-dhaka
Dr. M. A. A. Mamun,Dermatology,"MBBS, DDV, FCPS",Skin Specialist,Bangladesh Medical University,Rajshahi,N/A,https://doctor.bd/doctor/dr-m-a-a-mamun-dermatology-rajshahi
Dr. M. A. Afzal Bhuiyan,Pediatrics,"MBBS, DCH, MRCP",Associate Professor,Holy Family Red Crescent Medical College Hospital,Dhaka,N/A,https://doctor.bd/doctor/dr-m-a-afzal-bhuiyan-pediatrics-dhaka
Dr. M. A. Alim,Urology,"MBBS, MS",Professor & Head,Sylhet MAG Osmani Medical College Hospital,Sylhet,N/A,https://doctor.bd/doctor/dr-m-a-alim-urology-sylhet
Dr. M. A. Awal,Urology,"MBBS, MS, FRSH",Urologist,Sir Salimullah Medical College Mitford Hospital,Pabna,N/A,https://doctor.bd/doctor/dr-m-a-awal-urology-pabna
Dr. M. A. Bari,Urology,"MBBS, MS",Assistant Professor,Rajshahi Medical College Hospital,Rajshahi,N/A,https://doctor.bd/doctor/dr-m-a-bari-urology-rajshahi
Dr. M. A. Based,General Surgery,"MBBS, FCPS",Surgeon,Rangpur Medical College Hospital,Rangpur,N/A,https://doctor.bd/doctor/dr-m-a-based-general-surgery-rangpur
Dr. M. A. Fayshol,Orthopedics,"MBBS, D-ORTHO",Assistant Professor,Southern Medical College & Hospital,Chattogram,N/A,https://doctor.bd/doctor/dr-m-a-fayshol-orthopedics-chattogram
Dr. M. A. Hai,Pediatrics,"MBBS, BCS, MD",Child Specialist,Rajshahi Medical College Hospital,Rajshahi,N/A,https://doctor.bd/doctor/dr-m-a-hai-pediatrics-rajshahi
Dr. M. A. Hai,Pediatrics,"MBBS, FCPS, MCPS, MD",Associate Professor,Sylhet MAG Osmani Medical College Hospital,Sylhet,N/A,https://doctor.bd/doctor/dr-m-a-hai-pediatrics-sylhet
Dr. M. A. Hamid,Dermatology,"MBBS, BCS, MD",Skin & Sexual Diseases Specialist,"Mugda Medical College Hospital, Dhaka",Dhaka,N/A,https://doctor.bd/doctor/dr-m-a-hamid-dermatology-dhaka
Dr. M. A. Hannan,Orthopedics,"MBBS, BCS, MS, FICS",Consultant,Sylhet MAG Osmani Medical College Hospital,Sylhet,N/A,https://doctor.bd/doctor/dr-m-a-hannan-orthopedics-sylhet
Dr. M. A. Hannan,Medicine,"MBBS, MD",Assistant Professor,Confidence Healthcare Lab & Hospital,Meherpur,N/A,https://doctor.bd/doctor/dr-m-a-hannan-medicine-meherpur
Dr. M. A. Karim,Ophthalmology,"MBBS, DCO, PhD",Consultant,"Chevron Eye Hospital, Chattogram",Chattogram,N/A,https://doctor.bd/doctor/dr-m-a-karim-ophthalmology-chattogram
Dr. M. A. Latif,Orthopedics,"MBBS, D-ORTHO, FRSH",Associate Professor,Khulna City Medical College Hospital,Khulna,N/A,https://doctor.bd/doctor/dr-m-a-latif-orthopedics-khulna
Dr. M. A. Latif,Ophthalmology,"MBBS, DO",Consultant,"Sylhet Diabetic Hospital, Sylhet",Sylhet,N/A,https://doctor.bd/doctor/dr-m-a-latif-ophthalmology-sylhet
Dr. M. A. Latif,Urology,"MBBS, BCS, MS",Associate Professor,Chattogram Medical College Hospital,Chattogram,N/A,https://doctor.bd/doctor/dr-m-a-latif-urology-chattogram
Dr. M. A. Maleque Khan,Ophthalmology,"MBBS, FCPS",Consultant,Bangladesh Eye Hospital Khulna,Khulna,N/A,https://doctor.bd/doctor/dr-m-a-maleque-khan-ophthalmology-khulna
Dr. M. A. Mannan,Rheumatology,"MBBS, FCPS",Associate Professor,Sir Salimullah Medical College Mitford Hospital,Narayanganj,N/A,https://doctor.bd/doctor/dr-m-a-mannan-rheumatology-narayanganj
Dr. M. A. Quayum Ansari,ENT,"MBBS, BCS, DLO, FCPS",Consultant,Sylhet Shahid Shamsuddin Ahmed District Hospital,Sylhet,N/A,https://doctor.bd/doctor/dr-m-a-quayum-ansari-ent-sylhet
Dr. M. A. Rahim,Cardiology,"MBBS, FCPS, MD",Consultant,Chattogram Medical College Hospital,Chattogram,N/A,https://doctor.bd/doctor/dr-m-a-rahim-cardiology-chattogram
Dr. M. A. Raquib,Ophthalmology,"MBBS, DCO, FCPS",Consultant,Chattogram Eye Infirmary and Training Complex,Chattogram,N/A,https://doctor.bd/doctor/dr-m-a-raquib-ophthalmology-chattogram
Dr. M. A. Samad,Dermatology,"MBBS, DDV",Senior Consultant,Khulna Medical College Hospital,Khulna,N/A,https://doctor.bd/doctor/dr-m-a-samad-dermatology-khulna
Dr. M. A. Shahed,Dentistry,"BDS, PGT, MPH, LU",Consultant,Ibn Sina Hospital Sylhet,Sylhet,N/A,https://doctor.bd/doctor/dr-m-a-shahed-dentistry-sylhet
Dr. M. A. Wahed,Ophthalmology,"MBBS, DCO",Consultant,Lions Charitable Eye Hospital,Chattogram,N/A,https://doctor.bd/doctor/dr-m-a-wahed-ophthalmology-chattogram
Dr. M. A. Yousuf Chowdhury,Medicine,"MBBS, BCS, MD",Associate Professor,Chattogram Medical College Hospital,Chattogram,N/A,https://doctor.bd/doctor/dr-m-a-yousuf-chowdhury-medicine-chattogram
Dr. M. Abu Hena Chowdhury,Dermatology,"MBBS, DDV, FCPS",Associate Professor,Bangladesh Medical University,Dhaka,N/A,https://doctor.bd/doctor/dr-m-abu-hena-chowdhury-dermatology-dhaka
Dr. M. Ahmed Ali,Neurology,"MBBS, MD",Associate Professor,Rajshahi Medical College Hospital,Rajshahi,N/A,https://doctor.bd/doctor/dr-m-ahmed-ali-neurology-rajshahi
Dr. M. Ahmed Hossain Robin,Dentistry,"BDS, FCPS",Professor & Head,Holy Family Red Crescent Medical College Hospital,Dhaka,N/A,https://doctor.bd/doctor/dr-m-ahmed-hossain-robin-dentistry-dhaka
Dr. M. Ahmed Selim,Respiratory Medicine,"MBBS, DTCD, MD",Associate Professor,North East Medical College Hospital,Sylhet,N/A,https://doctor.bd/doctor/dr-m-ahmed-selim-respiratory-medicine-sylhet
Dr. M. Akhter Hossain,Cardiac Surgery,"MBBS, MS",Senior Consultant,Asgar Ali Hospital,Dhaka,N/A,https://doctor.bd/doctor/dr-m-akhter-hossain-cardiac-surgery-dhaka
Dr. M. Ali,Orthopedics,"MBBS, MS",Senior Consultant,Evercare Hospital Dhaka,Dhaka,N/A,https://doctor.bd/doctor/dr-m-ali-orthopedics-dhaka
Dr. M. Ariful Islam,Orthopedics,"MBBS, BCS, MS",Assistant Professor,National Institute of Traumatology and Orthopaedic Rehabilitation (NITOR),Dhaka,N/A,https://doctor.bd/doctor/dr-m-ariful-islam-orthopedics-dhaka
Dr. M. Ashadullah-Al-Galib,Rheumatology,"MBBS, BCS, MACP, CCD, FCPS",Assistant Professor,Satkhira Medical College Hospital,Satkhira,14+ Years,https://doctor.bd/doctor/dr-m-ashadullah-al-galib-rheumatology-satkhira
Dr. M. Ashraf Ali,Endocrinology,"MBBS, CCD, FRSH",Ex-Diabetologist,Cumilla & Khulna Diabetic Hospital,Cumilla,N/A,https://doctor.bd/doctor/dr-m-ashraf-ali-endocrinology-cumilla
Dr. M. Asraful Siddike Pathan,Psychiatry,"MBBS, MPhil",Professor & Head,Community Based Medical College & Hospital,Mymensingh,N/A,https://doctor.bd/doctor/dr-m-asraful-siddike-pathan-psychiatry-mymensingh
Dr. M. Delwar Hossain,Ophthalmology,"MBBS, DCO, FMRF",Consultant,"Chevron Eye Hospital, Chattogram",Chattogram,N/A,https://doctor.bd/doctor/dr-m-delwar-hossain-ophthalmology-chattogram
Dr. M. Delwar Hossain,Respiratory Medicine,"MBBS, DTCD, MD",Assistant Professor,Sylhet MAG Osmani Medical College Hospital,Dhaka,N/A,https://doctor.bd/doctor/dr-m-delwar-hossain-respiratory-medicine-dhaka
Dr. M. Fazly Elahi Saikat,Homeopathy,BHMS,Lecturer,Barguna Homeopathic Medical College and Hospital,Barguna,N/A,https://doctor.bd/doctor/dr-m-fazly-elahi-saikat-homeopathy-barguna
Dr. M. G. Azam Sazzad,Pediatrics,"MBBS, DCH",Assistant Professor,Brahmanbaria Medical College Hospital,Pabna,N/A,https://doctor.bd/doctor/dr-m-g-azam-sazzad-pediatrics-pabna
Dr. M. G. Faruk Hossain,Ophthalmology,"MBBS, MCPS, MS",Assistant Professor,Bangladesh Medical University,Dhaka,N/A,https://doctor.bd/doctor/dr-m-g-faruk-hossain-ophthalmology-dhaka
Dr. M. Hasan Akhtar,Urology,"MBBS, D-UROLOGY",Consultant,Parkview Medical College Hospital,Sylhet,N/A,https://doctor.bd/doctor/dr-m-hasan-akhtar-urology-sylhet
Dr. M. K. Sur Chowdhury,Gastroenterology,"MBBS, BCS, MD",Associate Professor,Sylhet MAG Osmani Medical College Hospital,Sylhet,N/A,https://doctor.bd/doctor/dr-m-k-sur-chowdhury-gastroenterology-sylhet
Dr. M. Kamruzzaman Mazumder,Medicine,"MBBS, MD",Associate Professor,Ibn Sina Medical College Hospital,Dhaka,N/A,https://doctor.bd/doctor/dr-m-kamruzzaman-mazumder-medicine-dhaka
Dr. M. Khaled Mahmud,General Surgery,"MBBS, FCPS",Senior Consultant,Sylhet Shahid Shamsuddin Ahmed District Hospital,Sylhet,N/A,https://doctor.bd/doctor/dr-m-khaled-mahmud-general-surgery-sylhet
Dr. M. M. Abdus Shamim,Cardiology,"MBBS, MD, CCD",Assistant Professor,Gazi Medical College & Hospital,Khulna,N/A,https://doctor.bd/doctor/dr-m-m-abdus-shamim-cardiology-khulna
Dr. M. M. Mojahid,Cardiology,"MBBS, BCS, MD",Consultant,Bangladesh Medical University,Narayanganj,N/A,https://doctor.bd/doctor/dr-m-m-mojahid-cardiology-narayanganj
Dr. M. Mahbub Alam,Physical Medicine & Rehabilitation,"MBBS, PhD",Consultant,Chattogram Metropolitan Hospital,Chattogram,N/A,https://doctor.bd/doctor/dr-m-mahbub-alam-physical-medicine-rehabilitation-chattogram
Dr. M. Mahfuzur Rahman Sagar,Urology,"MBBS, MS",Consultant,National Institute of Kidney Disease and Urology (NIKDU),Dhaka,N/A,https://doctor.bd/doctor/dr-m-mahfuzur-rahman-sagar-urology-dhaka
Dr. M. Mahmud Hossain,Rheumatology,"MBBS, BCS, MD",Rheumatologist,Khulna Medical College Hospital,Khulna,N/A,https://doctor.bd/doctor/dr-m-mahmud-hossain-rheumatology-khulna
Dr. M. Majumder,Ophthalmology,"MBBS, MD, PhD, PGO, MAMS, FRSH",Senior Consultant,Lions Charitable Eye Hospital,Chattogram,N/A,https://doctor.bd/doctor/dr-m-majumder-ophthalmology-chattogram
Dr. M. Mamun Miah,Oncology,"MBBS, BCS, MS, FCPS, FACS",Junior Consultant,National Institute of Cancer Research and Hospital (NICR&H),Dhaka,N/A,https://doctor.bd/doctor/dr-m-mamun-miah-oncology-dhaka
Dr. M. Masum Imran,Neurology,"MBBS, BCS, MD",Associate Professor,Cumilla Medical College Hospital,Cumilla,N/A,https://doctor.bd/doctor/dr-m-masum-imran-neurology-cumilla
Dr. M. Moniruzzaman Khan,Dermatology,"MBBS, DDV, MSc, DCPD",Assistant Professor,BIRDEM General Hospital,Dhaka,N/A,https://doctor.bd/doctor/dr-m-moniruzzaman-khan-dermatology-dhaka
Dr. M. Muinul Hafiz,ENT,"MBBS, DAND, DLO, MS, FICS, FACS",Senior Consultant,Bangladesh Specialized Hospital,Dhaka,N/A,https://doctor.bd/doctor/dr-m-muinul-hafiz-ent-dhaka
Dr. M. Muniruzzaman (Hira),Orthopedics,"MBBS, MS, FACS",Assistant Professor,Patuakhali Medical College Hospital,Patuakhali,N/A,https://doctor.bd/doctor/dr-m-muniruzzaman-hira-orthopedics-patuakhali
Dr. M. N. Alam,Dermatology,"MBBS, DDV, FRSH",Associate Professor,Shahabuddin Medical College Hospital,Dhaka,N/A,https://doctor.bd/doctor/dr-m-n-alam-dermatology-dhaka
Dr. M. Quamrul Hassan,Pediatrics,"MBBS, FCPS",Senior Consultant,Evercare Hospital Dhaka,Dhaka,N/A,https://doctor.bd/doctor/dr-m-quamrul-hassan-pediatrics-dhaka
Dr. M. R. Siddiqui (Mamun),Dermatology,"MBBS, DDV, FCPS",Consultant,"Shaheed Ziaur Rahman Medical College Hospital, Bogura",Bogura,N/A,https://doctor.bd/doctor/dr-m-r-siddiqui-mamun-dermatology-bogura
Dr. M. S. Newaz,Dermatology,"MBBS, DD",Consultant,"250 Bedded General Hospital, Pabna",Pabna,N/A,https://doctor.bd/doctor/dr-m-s-newaz-dermatology-pabna
Dr. M. Saleh Uddin,Cardiology,"MBBS, MCPS, MD, FICC, FCSI, FACP, FISC, FCCP",Professor & Head,Sher-e-bangla Medical College Hospital,Dhaka,N/A,https://doctor.bd/doctor/dr-m-saleh-uddin-cardiology-dhaka
Dr. M. Saleh Uddin Siddique Ujjal,Cardiology,"MBBS, MD, D-CARD",Assistant Professor,Chattogram Medical College Hospital,Chattogram,N/A,https://doctor.bd/doctor/dr-m-saleh-uddin-siddique-ujjal-cardiology-chattogram
Dr. M. Shahriyar Porosh,Dentistry,"BDS, PGT",Dentist,Rajshahi Medical Assistant Training School,Rajshahi,N/A,https://doctor.bd/doctor/dr-m-shahriyar-porosh-dentistry-rajshahi
Dr. M. Sharif Uddin Liton,Orthopedics,"MBBS, BCS, D-ORTHO, FACS, FIPM",Consultant,Islami Bank Hospital Rajshahi,Rajshahi,N/A,https://doctor.bd/doctor/dr-m-sharif-uddin-liton-orthopedics-rajshahi
Dr. M. Shariful Islam Rumen,ENT,"MBBS, BCS, FCPS, FICS",Assistant Professor,Sher-e-bangla Medical College Hospital,Barishal,N/A,https://doctor.bd/doctor/dr-m-shariful-islam-rumen-ent-barishal
Dr. M. Wahiduzzaman,Medicine,"MBBS, MRCP, FCPS",Consultant,BIRDEM General Hospital,Dhaka,N/A,https://doctor.bd/doctor/dr-m-wahiduzzaman-medicine-dhaka
Dr. M. Zahid Hasan,Urology,"MBBS, MS",Senior Consultant,Evercare Hospital Dhaka,Dhaka,N/A,https://doctor.bd/doctor/dr-m-zahid-hasan-urology-dhaka
Dr. M. Ziaul Karim,Ophthalmology,"MBBS, DO, FCPS",Consultant,Harun Eye Foundation Hospital,Dhaka,N/A,https://doctor.bd/doctor/dr-m-ziaul-karim-ophthalmology-dhaka
Dr. M.A Hakim,Pediatrics,"MBBS, BCS, DCH, MD",Consultant,Rangpur Medical College Hospital,Rangpur,N/A,https://doctor.bd/doctor/dr-ma-hakim-pediatrics-rangpur
Dr. M.A Mannan,ENT,"MBBS, DLO",Consultant,"250 Bedded General Hospital, Kushtia",Kushtia,N/A,https://doctor.bd/doctor/dr-ma-mannan-ent-kushtia
Dr. M.A. Awal Sohail,General Surgery,"MBBS, BCS, FCPS",Senior Consultant,Cumilla Medical College Hospital,Cumilla,N/A,https://doctor.bd/doctor/dr-ma-awal-sohail-general-surgery-cumilla
Dr. M.A. Hamid (Palash),Plastic Surgery,"MBBS, BCS, FCPS",Associate Professor,"National Institute of Burn and Plastic Surgery, Dhaka",Dhaka,N/A,https://doctor.bd/doctor/dr-ma-hamid-palash-plastic-surgery-dhaka
Dr. M.A. Malek Murad,Orthopedics,"MBBS, MS",Associate Professor,Ad-Din Medical College & Hospital,Narayanganj,N/A,https://doctor.bd/doctor/dr-ma-malek-murad-orthopedics-narayanganj
Dr. M.A. Mazed,Physical Medicine & Rehabilitation,"MBBS, FCPS",Consultant,National Hospital Chattogram,Chattogram,N/A,https://doctor.bd/doctor/dr-ma-mazed-physical-medicine-rehabilitation-chattogram
Dr. M.A. Monayem,Dentistry,"BDS, PGT",Chief Consultant,"Modern Dental Surgery & Implant Centre, Golapganj",Sylhet,16+ Years,https://doctor.bd/doctor/dr-ma-monayem-dentistry-sylhet
Dr. M.A. Quddus,Pediatrics,"MBBS, BCS, MD",Assistant Professor,Habiganj Medical College & Hospital,Habiganj,7+ Years,https://doctor.bd/doctor/dr-ma-quddus-pediatrics-habiganj
Dr. M.A. Quyyum Fuad,Pediatrics,"MBBS, DCH",Assistant Professor,Medical College for Women & Hospital,Dhaka,N/A,https://doctor.bd/doctor/dr-ma-quyyum-fuad-pediatrics-dhaka
Dr. M.A. Sobuj Hayat,Cardiology,"MBBS, BCS, D-CARD, CCD",Registrar,Rajshahi Medical College Hospital,Rajshahi,N/A,https://doctor.bd/doctor/dr-ma-sobuj-hayat-cardiology-rajshahi
Dr. M.A.K. Shams Uddin Mintu,Orthopedics,"MBBS, D-ORTHO",Professor & Head,Rajshahi Medical College Hospital,Rajshahi,N/A,https://doctor.bd/doctor/dr-mak-shams-uddin-mintu-orthopedics-rajshahi
Dr. M.E. Jahid,Gastroenterology,"MBBS, DSM, FRSH, MCCP, AST",Consultant,Islami Bank Specialised General Hospital Nayapaltan,Dhaka,N/A,https://doctor.bd/doctor/dr-me-jahid-gastroenterology-dhaka
Dr. M.H. Shaheel Mahmood,ENT,"MBBS, FCPS, MS",Senior Consultant,"Square Hospital, Dhaka",Dhaka,N/A,https://doctor.bd/doctor/dr-mh-shaheel-mahmood-ent-dhaka
Dr. M.K. Shafi,ENT,"MBBS, BCS, DLO",Consultant,Mymensingh Medical College Hospital,Mymensingh,N/A,https://doctor.bd/doctor/dr-mk-shafi-ent-mymensingh
Dr. M.K. Zaman,Medicine,"MBBS, FMD, CCD",Consultant,Sher-e-bangla Medical College Hospital,Barishal,N/A,https://doctor.bd/doctor/dr-mk-zaman-medicine-barishal
Dr. M.K.M Daulatullah,ENT,"MBBS, FCPS, MCPS",Consultant,Dhaka Medical College Hospital,Dhaka,N/A,https://doctor.bd/doctor/dr-mkm-daulatullah-ent-dhaka
Dr. M.M. Jayed Hossain Chowdhury,Anesthesiology,"MBBS, DA, FCPS",Consultant,"Square Hospital, Dhaka",Dhaka,N/A,https://doctor.bd/doctor/dr-mm-jayed-hossain-chowdhury-anesthesiology-dhaka
Dr. M.M. Nashir Uddin,Medicine,"MBBS, BCS, FCPS",Junior Consultant,Sirajganj Medical College & Hospital,Sirajganj,12+ Years,https://doctor.bd/doctor/dr-mm-nashir-uddin-medicine-sirajganj
Dr. M.M.H. Monir,Ophthalmology,"MBBS, BCS, MCPS, MS",Assistant Professor,National Institute of Ophthalmology & Hospital,Dhaka,N/A,https://doctor.bd/doctor/dr-mmh-monir-ophthalmology-dhaka
Dr. M.S. Alam,Rheumatology,"MBBS, BCS, MACP, EVC, CCD, FCPS",Consultant,Dhaka Medical College Hospital,Dhaka,N/A,https://doctor.bd/doctor/dr-ms-alam-rheumatology-dhaka
Dr. M.S. Haider Rushni,Nephrology,"MBBS, MD",Assistant Professor,Chattogram Medical College Hospital,Chattogram,N/A,https://doctor.bd/doctor/dr-ms-haider-rushni-nephrology-chattogram
Dr. M.S. Jahirul Haque Chowdhury,Neurology,"MBBS, BCS, CCD, MD, MACP",Associate Professor,National Institute of Neurosciences & Hospital,Dhaka,N/A,https://doctor.bd/doctor/dr-ms-jahirul-haque-chowdhury-neurology-dhaka
Dr. M.S. Kabir Jewel,Psychiatry,"MBBS, BCS, MPhil, MD",Professor & Head,Sir Salimullah Medical College Mitford Hospital,Dhaka,N/A,https://doctor.bd/doctor/dr-ms-kabir-jewel-psychiatry-dhaka
Dr. M.S. Khaled,Pediatrics,"MBBS, DCH, MD, FCCP",Associate Professor,National Institute of Diseases of the Chest & Hospital (NIDCH),Dhaka,N/A,https://doctor.bd/doctor/dr-ms-khaled-pediatrics-dhaka
Dr. M.S. Rahman Shameem,ENT,"MBBS, DLO, FCPS",Associate Professor,Sylhet MAG Osmani Medical College Hospital,Sylhet,N/A,https://doctor.bd/doctor/dr-ms-rahman-shameem-ent-sylhet
Dr. M.S. Rahman Sumon,General Surgery,"MBBS, BCS, FCPS",Junior Consultant,Sher-e-bangla Medical College Hospital,Barishal,N/A,https://doctor.bd/doctor/dr-ms-rahman-sumon-general-surgery-barishal
Dr. M.S.I. Shovon,Homeopathy,BHMS,House Physician,Government Homeopathic Medical College & Hospital,Dhaka,N/A,https://doctor.bd/doctor/dr-msi-shovon-homeopathy-dhaka
Dr. M.U.M. Rezwanun Nayem,Homeopathy,"BHMS, MS, MPhil, CMI, CMU",Private Practitioner,Shefa Homeo Pharmacy and Doctor's Chamber,Dhaka,N/A,https://doctor.bd/doctor/dr-mum-rezwanun-nayem-homeopathy-dhaka
Dr. Madhusudan Saha,Physical Medicine & Rehabilitation,"MBBS, BCS, FCPS",Consultant,Shaheed Shaikh Abu-Naser Specialized Hospital,Khulna,N/A,https://doctor.bd/doctor/dr-madhusudan-saha-physical-medicine-rehabilitation-khulna
Dr. Mafruha Afrin,Ophthalmology,"MBBS, MCPS, FICO, FCPS, FRCS, CCD",Medical Officer,BIRDEM General Hospital,Dhaka,N/A,https://doctor.bd/doctor/dr-mafruha-afrin-ophthalmology-dhaka
Dr. Mafruha Akter,Hematology,"MBBS, FCPS",Associate Professor,Dhaka Medical College Hospital,Dhaka,N/A,https://doctor.bd/doctor/dr-mafruha-akter-hematology-dhaka
Dr. Mafruha Jahan,Gynaecology & Obstetrics,"MBBS, BCS, FCPS",Senior Consultant,"Shaheed Ziaur Rahman Medical College Hospital, Bogura",Bogura,N/A,https://doctor.bd/doctor/dr-mafruha-jahan-gynaecology-obstetrics-bogura
Dr. Mafruha Khanam Porag,Gynaecology & Obstetrics,"MBBS, MCPS, MS",Professor & Head,"Bangabandhu Memorial Hospital, USTC, Chattogram",Chattogram,N/A,https://doctor.bd/doctor/dr-mafruha-khanam-porag-gynaecology-obstetrics-chattogram
Dr. Maftahul Jannat Mou,Dentistry,"BDS, PGT",MS Resident,Bangladesh Medical University,Dhaka,N/A,https://doctor.bd/doctor/dr-maftahul-jannat-mou-dentistry-dhaka
Dr. Mahabuba Shaki,Gynaecology & Obstetrics,"MBBS, BCS, FCPS",Assistant Professor,Sher-e-bangla Medical College Hospital,Barishal,N/A,https://doctor.bd/doctor/dr-mahabuba-shaki-gynaecology-obstetrics-barishal
Dr. Mahabur Rahman Sarker,Pediatric Surgery,"MBBS, MS",Associate Professor,"Shaheed Ziaur Rahman Medical College Hospital, Bogura",Bogura,N/A,https://doctor.bd/doctor/dr-mahabur-rahman-sarker-pediatric-surgery-bogura
Dr. Mahamud Adnan Himel,Ophthalmology,"MBBS, BCS, D-OPHTH",Assistant Professor,"National Institute of Ophthalmology & Hospital, Dhaka",Dhaka,10+ Years,https://doctor.bd/doctor/dr-mahamud-adnan-himel-ophthalmology-dhaka
Dr. Mahamud Riyad Foysal,General Surgery,"MBBS, FCPS, MRCS",Associate Professor,Popular Medical College & Hospital,Dhaka,N/A,https://doctor.bd/doctor/dr-mahamud-riyad-foysal-general-surgery-dhaka
Dr. Mahamudur Rahaman,Orthopedics,"MBBS, BCS, MS",Assistant Professor,Chattogram Medical College Hospital,Chattogram,N/A,https://doctor.bd/doctor/dr-mahamudur-rahaman-orthopedics-chattogram
Dr. Mahboob Morshed,Cardiology,"MBBS, MD",Assistant Professor,Shaheed Suhrawardy Medical College Hospital,Dhaka,N/A,https://doctor.bd/doctor/dr-mahboob-morshed-cardiology-dhaka
Dr. Mahboob Mustafa Zaman,Medicine,"MBBS, MRCP, FCPS",Consultant,"BRB Hospital, Dhaka",Dhaka,N/A,https://doctor.bd/doctor/dr-mahboob-mustafa-zaman-medicine-dhaka
Dr. Mahbub Alam Jibon,Cardiology,"MBBS, BCS, MD",Consultant,Ibn Sina Hospital Sylhet,Sylhet,N/A,https://doctor.bd/doctor/dr-mahbub-alam-jibon-cardiology-sylhet
Dr. Mahbub Alam Majumder,Nephrology,"MBBS, FCPS, MD",Consultant,Dhaka Pain Physiotherapy & Rehabilitation Center(Dprc),Dhaka,N/A,https://doctor.bd/doctor/dr-mahbub-alam-majumder-nephrology-dhaka
Dr. Mahbub Ara Chowdhury Shiuly,Gynaecology & Obstetrics,"MBBS, DGO",Assistant Professor,Rajshahi Medical College Hospital,Rajshahi,N/A,https://doctor.bd/doctor/dr-mahbub-ara-chowdhury-shiuly-gynaecology-obstetrics-rajshahi
Dr. Mahbub Hasan,Plastic Surgery,"MBBS, FCPS, MRCS",Assistant Professor,Dhaka Medical College Hospital,Dhaka,N/A,https://doctor.bd/doctor/dr-mahbub-hasan-plastic-surgery-dhaka
Dr. Mahbub Hasan (Babu),Medicine,"MBBS, BCS, FCPS",Consultant,"300 Bedded Hospital, Narayanganj",Narayanganj,N/A,https://doctor.bd/doctor/dr-mahbub-hasan-babu-medicine-narayanganj
Dr. Mahbub Ibn Momen (Jony),General Surgery,"MBBS, BCS, FCPS",Consultant,Cumilla Medical College Hospital,Cumilla,N/A,https://doctor.bd/doctor/dr-mahbub-ibn-momen-jony-general-surgery-cumilla
Dr. Mahbub Mansur,Cardiology,"MBBS, MD",Senior Consultant,"Square Hospital, Dhaka",Dhaka,N/A,https://doctor.bd/doctor/dr-mahbub-mansur-cardiology-dhaka
Dr. Mahbuba Akhtar,Endocrinology,"MBBS, PGT, DLP",Diabetes Specialist,Chattogram Diabetic General Hospital,Chattogram,N/A,https://doctor.bd/doctor/dr-mahbuba-akhtar-endocrinology-chattogram
Dr. Mahbuba Akhter,Gynaecology & Obstetrics,"MBBS, FCPS",Associate Professor,City Medical College & Hospital,Dhaka,N/A,https://doctor.bd/doctor/dr-mahbuba-akhter-gynaecology-obstetrics-dhaka
Dr. Mahbuba Akhter Tania,Oncology,"MBBS, MD, BCS",Assistant Professor,National Institute of Cancer Research and Hospital (NICR&H),Dhaka,15+ Years,https://doctor.bd/doctor/dr-mahbuba-akhter-tania-oncology-dhaka
Dr. Mahbuba Akter,Pediatrics,"MBBS, BCS, FCPS",Child Specialist,Bangladesh Medical University,Dhaka,N/A,https://doctor.bd/doctor/dr-mahbuba-akter-pediatrics-dhaka
Dr. Mahbuba Begum,General Surgery,"MBBS, FCPS",Professor,Medical College for Women & Hospital,Dhaka,N/A,https://doctor.bd/doctor/dr-mahbuba-begum-general-surgery-dhaka
Dr. Mahbuba Hossen Shawon,Dentistry,BDS,Medical Officer,Community Based Medical College & Hospital,Mymensingh,N/A,https://doctor.bd/doctor/dr-mahbuba-hossen-shawon-dentistry-mymensingh
Dr. Mahbuba Khan,Gynaecology & Obstetrics,"MBBS, FCPS",Gynecologist,Medical College for Women & Hospital,Dhaka,N/A,https://doctor.bd/doctor/dr-mahbuba-khan-gynaecology-obstetrics-dhaka
Dr. Mahbuba Khatun,General Surgery,"MBBS, BCS, FCPS, MS",Consultant,Bangladesh Medical University,Narayanganj,N/A,https://doctor.bd/doctor/dr-mahbuba-khatun-general-surgery-narayanganj
Dr. Mahbuba Nargis,Gynaecology & Obstetrics,"MBBS, FCPS, MCPS, DGO, MPH",Gynecologist,Bangladesh Specialized Hospital,Dhaka,N/A,https://doctor.bd/doctor/dr-mahbuba-nargis-gynaecology-obstetrics-dhaka
Dr. Mahbuba Sharmin,Hematology,"MBBS, MD, MPH, FCPS",Hematologist,Bangladesh Medical University,Dhaka,N/A,https://doctor.bd/doctor/dr-mahbuba-sharmin-hematology-dhaka
Dr. Mahbubor Rahman,Cardiology,"MBBS, MCPS, MEd, MD, FACC, FSCAI, FRCP",Cardiologist,"Labaid Specialized Hospital, Dhanmondi",Dhaka,N/A,https://doctor.bd/doctor/dr-mahbubor-rahman-cardiology-dhaka
Dr. Mahbubul Islam,Respiratory Medicine,"MBBS, DTCD, MSc, FCCP",Associate Professor,Shaheed Suhrawardy Medical College Hospital,Dhaka,N/A,https://doctor.bd/doctor/dr-mahbubul-islam-respiratory-medicine-dhaka
Dr. Mahbubur Rahman Chowdhury,Ophthalmology,"MBBS, FCPS",Founder,Bangladesh Eye Hospital & Institute,Dhaka,N/A,https://doctor.bd/doctor/dr-mahbubur-rahman-chowdhury-ophthalmology-dhaka
Dr. Mahbubur Rahman Mahbub,Respiratory Medicine,"MBBS, DTCD, FCPS",Chest Specialist,Bangladesh Medical University,Dhaka,N/A,https://doctor.bd/doctor/dr-mahbubur-rahman-mahbub-respiratory-medicine-dhaka
Dr. Mahbubur Rahman Shahin,Ophthalmology,"MBBS, DO",Assistant Professor,President Abdul Hamid Medical College & Hospital,Dhaka,N/A,https://doctor.bd/doctor/dr-mahbubur-rahman-shahin-ophthalmology-dhaka
Dr. Mahbubur Rashid,Dermatology,"MBBS, DDV",Associate Professor,North East Medical College Hospital,Sylhet,N/A,https://doctor.bd/doctor/dr-mahbubur-rashid-dermatology-sylhet
Dr. Mahedi Hasan,Gastroenterology,"MBBS, MD, MRCPS, MACP, MACG",Consultant,Central Police Hospital,Dhaka,15+ Years,https://doctor.bd/doctor/dr-mahedi-hasan-gastroenterology-dhaka
Dr. Mahedy Abu Talha,Medicine,"MBBS, DOC, CCD",Medical Officer,"Bangladesh Gas Fields Company, Brahmanbaria",Brahmanbaria,N/A,https://doctor.bd/doctor/dr-mahedy-abu-talha-medicine-brahmanbaria
Dr. Mahfuja Ferdous,Gynaecology & Obstetrics,"MBBS, DGO",Consultant,Islami Bank Hospital Khulna,Khulna,N/A,https://doctor.bd/doctor/dr-mahfuja-ferdous-gynaecology-obstetrics-khulna
Dr. Mahfujul Ahmed Riad,Oncology,"MBBS, FCPS",Assistant Professor,Enam Medical College & Hospital,Dhaka,N/A,https://doctor.bd/doctor/dr-mahfujul-ahmed-riad-oncology-dhaka
Dr. Mahfujul Quader,Neurosurgery,"MBBS, BCS, MS",Associate Professor,Chattogram Medical College Hospital,Chattogram,N/A,https://doctor.bd/doctor/dr-mahfujul-quader-neurosurgery-chattogram
Dr. Mahfujur Rahman (Emon),General Surgery,"MBBS, MS",Assistant Professor,Central Medical College Hospital,Cumilla,10+ Years,https://doctor.bd/doctor/dr-mahfujur-rahman-emon-general-surgery-cumilla
Dr. Mahfuz Ara Begum,Gynaecology & Obstetrics,"MBBS, FCPS, MS, DGO, MCPS",Associate Professor,Dhaka Medical College Hospital,Dhaka,N/A,https://doctor.bd/doctor/dr-mahfuz-ara-begum-gynaecology-obstetrics-dhaka
Dr. Mahfuza Akhter,Gastroenterology,"MBBS, BCS, FCPS",Assistant Professor,"Mugda Medical College Hospital, Dhaka",Dhaka,N/A,https://doctor.bd/doctor/dr-mahfuza-akhter-gastroenterology-dhaka
Dr. Mahfuza Akter,Dermatology,"MBBS, DDV",Associate Professor,Shaheed Suhrawardy Medical College Hospital,Dhaka,N/A,https://doctor.bd/doctor/dr-mahfuza-akter-dermatology-dhaka
Dr. Mahfuzul Kabir,Pediatric Surgery,"MBBS, MS",Professor & Head,Chattogram Medical College Hospital,Chattogram,N/A,https://doctor.bd/doctor/dr-mahfuzul-kabir-pediatric-surgery-chattogram
Dr. Mahfuzur Rahman,Physical Medicine & Rehabilitation,"MBBS, FCPS, CCD, FDPC",Assistant Professor,Marine City Medical College & Hospital,Chattogram,N/A,https://doctor.bd/doctor/dr-mahfuzur-rahman-physical-medicine-rehabilitation-chattogram
Dr. Mahfuzur Rahman,Cardiology,"MBBS, BCS, MD, MACP, CCD, FESC",Associate Professor,Chattogram Medical College Hospital,Chattogram,N/A,https://doctor.bd/doctor/dr-mahfuzur-rahman-cardiology-chattogram
Dr. Mahmood Al-Farabi,Pediatrics,"MBBS, BCS, DCH",Consultant,Chattogram Maa-O-Shishu Hospital Medical College,Chattogram,N/A,https://doctor.bd/doctor/dr-mahmood-al-farabi-pediatrics-chattogram
Dr. Mahmood Hasan Khan,Cardiology,"MBBS, MD",Cardiologist,Universal Medical College & Hospital,Dhaka,N/A,https://doctor.bd/doctor/dr-mahmood-hasan-khan-cardiology-dhaka
Dr. Mahmud Chowdhury,Dermatology,"MBBS, DDV, MCPS, FCPS",Skin Specialist,Bangladesh Specialized Hospital,Dhaka,N/A,https://doctor.bd/doctor/dr-mahmud-chowdhury-dermatology-dhaka
Dr. Mahmud Ekram Ullah,General Surgery,"MBBS, MRCS, FCPS",Assistant Professor,BIRDEM General Hospital,Dhaka,N/A,https://doctor.bd/doctor/dr-mahmud-ekram-ullah-general-surgery-dhaka
Dr. Mahmud H. Ibrahim,Medicine,"MBBS, BCS, MACP, FCPS",Registrar,Khulna Medical College Hospital,Khulna,N/A,https://doctor.bd/doctor/dr-mahmud-h-ibrahim-medicine-khulna
Dr. Mahmud Hassan Arif,Medicine,"MBBS, BCS, FCPS",Consultant,Chattogram Medical College Hospital,Chattogram,N/A,https://doctor.bd/doctor/dr-mahmud-hassan-arif-medicine-chattogram
Dr. Mahmud Hossain Nasim,Cardiology,"MBBS, MD, CCD",Consultant,Mymensingh Medical College Hospital,Mymensingh,N/A,https://doctor.bd/doctor/dr-mahmud-hossain-nasim-cardiology-mymensingh
Dr. Mahmud Javed Hasan,Nephrology,"MBBS, MD, MACP",Professor & Head,"Community Based Medical College & Hospital, Mymensingh",Mymensingh,N/A,https://doctor.bd/doctor/dr-mahmud-javed-hasan-nephrology-mymensingh
Dr. Mahmud Masum Attar,Respiratory Medicine,"MBBS, DTCD",Assistant Professor,National Institute of Diseases of the Chest & Hospital (NIDCH),Dhaka,N/A,https://doctor.bd/doctor/dr-mahmud-masum-attar-respiratory-medicine-dhaka
Dr. Mahmud Rahim,Respiratory Medicine,"MBBS, MD",Associate Professor,National Institute of Diseases of the Chest & Hospital (NIDCH),Dhaka,N/A,https://doctor.bd/doctor/dr-mahmud-rahim-respiratory-medicine-dhaka
Dr. Mahmud Ul Alam Mondal (Saikat),Urology,"MBBS, BCS, MS",Assistant Professor,Rangpur Medical College Hospital,Rangpur,N/A,https://doctor.bd/doctor/dr-mahmud-ul-alam-mondal-saikat-urology-rangpur
Dr. Mahmud Ullah Mahin,Orthopedics,"MBBS, BCS, MS",Consultant,Barishal General Hospital,Barishal,N/A,https://doctor.bd/doctor/dr-mahmud-ullah-mahin-orthopedics-barishal
Dr. Mahmuda Begum,Pediatrics,"MBBS, BCS, FCPS, MD",Child Specialist,Dhaka Shishu Hospital,Dhaka,N/A,https://doctor.bd/doctor/dr-mahmuda-begum-pediatrics-dhaka
Dr. Mahmuda Zaman,Pediatrics,"MBBS, FCPS",Consultant,"Square Hospital, Dhaka",Dhaka,N/A,https://doctor.bd/doctor/dr-mahmuda-zaman-pediatrics-dhaka
Dr. Mahmudul Hasan,Urology,"MBBS, MS, FCPS",Consultant,National Institute of Kidney Disease and Urology (NIKDU),Dhaka,10+ Years,https://doctor.bd/doctor/dr-mahmudul-hasan-urology-dhaka
Dr. Mahmudul Hasan Mithun,Dentistry,"BDS, MS, EX-BCS, FCPS",Assistant Professor,Bangladesh Medical University,Dhaka,N/A,https://doctor.bd/doctor/dr-mahmudul-hasan-mithun-dentistry-dhaka
Dr. Mahmudul Hassan Banna,Respiratory Medicine,"MBBS, BCS, DTCD, CCD, FCCP",Assistant Professor,Sher-e-bangla Medical College Hospital,Barishal,N/A,https://doctor.bd/doctor/dr-mahmudul-hassan-banna-respiratory-medicine-barishal
Dr. Mahmudul Hossain,Endocrinology,"MBBS, BCS, MD",Consultant,"Kurmitola General Hospital, Dhaka",Dhaka,N/A,https://doctor.bd/doctor/dr-mahmudul-hossain-endocrinology-dhaka
Dr. Mahmudul Islam,Neurology,"MBBS, MD",Associate Professor,National Institute of Neurosciences & Hospital,Dhaka,N/A,https://doctor.bd/doctor/dr-mahmudul-islam-neurology-dhaka
Dr. Mahmudur Rahman,Dermatology,"MBBS, DDV",Doctor,Holy Family Red Crescent Medical College Hospital,Dhaka,N/A,https://doctor.bd/doctor/dr-mahmudur-rahman-dermatology-dhaka
Dr. Mahmudur Rahman,ENT,"MBBS, DLO",ENT Specialist,Chattogram Medical College Hospital,Chattogram,N/A,https://doctor.bd/doctor/dr-mahmudur-rahman-ent-chattogram
Dr. Mahmudur Rahman Mihi,Dermatology,"MBBS, DDV",Skin Specialist,Holy Family Red Crescent Medical College Hospital,Dhaka,N/A,https://doctor.bd/doctor/dr-mahmudur-rahman-mihi-dermatology-dhaka
Dr. Mahmudur Rashid Palash,Pediatrics,"MBBS, BCS, PGT, PGPN",Consultant,"250 Bedded General Hospital, Pabna",Pabna,N/A,https://doctor.bd/doctor/dr-mahmudur-rashid-palash-pediatrics-pabna
Dr. Mahnaz Syed,Gynaecology & Obstetrics,"MBBS, MS",Lecturer,Sylhet MAG Osmani Medical College Hospital,Sylhet,N/A,https://doctor.bd/doctor/dr-mahnaz-syed-gynaecology-obstetrics-sylhet
Dr. Mahzabin Naz,Gynaecology & Obstetrics,"MBBS, FCPS, DGO, MRCOG, PGT",Associate Professor,East- West Medical College & Hospital,Dhaka,N/A,https://doctor.bd/doctor/dr-mahzabin-naz-gynaecology-obstetrics-dhaka
Dr. Maidul Islam,ENT,"MBBS, BCS, DLO",Consultant,"250 Bedded General Hospital, Pabna",Pabna,N/A,https://doctor.bd/doctor/dr-maidul-islam-ent-pabna
Dr. Maimuna Sultana,Cardiology,"MBBS, BCS, FCPS, MD, CCD",Consultant,"Kurmitola General Hospital, Dhaka",Dhaka,N/A,https://doctor.bd/doctor/dr-maimuna-sultana-cardiology-dhaka
Dr. Mainuddin Ahmed,Hematology,"MBBS, MCPS, FCPS",Head of the Dept.,Rajshahi Medical College Hospital,Rajshahi,N/A,https://doctor.bd/doctor/dr-mainuddin-ahmed-hematology-rajshahi
Dr. Mainul Hasan Sohel,Orthopedics,"MBBS, D-ORTHO",Assistant Professor,Central Medical College Hospital,Cumilla,N/A,https://doctor.bd/doctor/dr-mainul-hasan-sohel-orthopedics-cumilla
Dr. Major S. M. Ashek Uddin Bhuiyan,Psychiatry,"MBBS, FCPS",Classified Specialist & Head,Combined Military Hospital Chattogram,Chattogram,N/A,https://doctor.bd/doctor/dr-major-s-m-ashek-uddin-bhuiyan-psychiatry-chattogram
Dr. Major Zeena Salwa,Pediatrics,"MBBS, DCH, FCPS",Consultant,"Square Hospital, Dhaka",Dhaka,N/A,https://doctor.bd/doctor/dr-major-zeena-salwa-pediatrics-dhaka
Dr. Maksud Ahmad,Respiratory Medicine,"MBBS, DTCD",Chest Specialist,National Institute of Diseases of the Chest & Hospital (NIDCH),Dhaka,N/A,https://doctor.bd/doctor/dr-maksud-ahmad-respiratory-medicine-dhaka
Dr. Maksuda Parvin Shikha,Gynaecology & Obstetrics,"MBBS, BCS, FCPS",Consultant,Bangladesh Medical University,Dhaka,N/A,https://doctor.bd/doctor/dr-maksuda-parvin-shikha-gynaecology-obstetrics-dhaka
Dr. Malay Kumar Saha,Orthopedics,"MBBS, D-ORTHO, MS",Associate Professor,Mymensingh Medical College Hospital,Mymensingh,N/A,https://doctor.bd/doctor/dr-malay-kumar-saha-orthopedics-mymensingh
Dr. Mamun Ibn Amin,ENT,"MBBS, DLO",Consultant,"General Hospital, Chattogram",Chattogram,N/A,https://doctor.bd/doctor/dr-mamun-ibn-amin-ent-chattogram
Dr. Mamun Ibn Munim,General Surgery,"MBBS, MS",Assistant Professor,North East Medical College Hospital,Sylhet,N/A,https://doctor.bd/doctor/dr-mamun-ibn-munim-general-surgery-sylhet
Dr. Mamun Ur Rashid,Endocrinology,"MBBS, BCS, DEM",Medical Officer,Mymensingh Medical College Hospital,Mymensingh,N/A,https://doctor.bd/doctor/dr-mamun-ur-rashid-endocrinology-mymensingh
Dr. Mamunul Hoque Mamun,Dermatology,"MBBS, DDV",Medical Officer,Chattogram Medical College Hospital,Chattogram,N/A,https://doctor.bd/doctor/dr-mamunul-hoque-mamun-dermatology-chattogram
Dr. Mamunur Rashid,Gastroenterology,"MBBS, BCS, MD, FCPS",Consultant,"National Gastroliver Institute and Hospital, Dhaka",Dhaka,N/A,https://doctor.bd/doctor/dr-mamunur-rashid-gastroenterology-dhaka
Dr. Mamunur Rashid,Orthopedics,"MBBS, BCS, MS, MRCS, FACS",Assistant Professor,"Kurmitola General Hospital, Dhaka",Dhaka,N/A,https://doctor.bd/doctor/dr-mamunur-rashid-orthopedics-dhaka
Dr. Mamunur Rashid Bhuiyan,Medicine,"MBBS, BCS, MACP, CCD, FCPS",Consultant,Cumilla Medical College Hospital,Cumilla,N/A,https://doctor.bd/doctor/dr-mamunur-rashid-bhuiyan-medicine-cumilla
Dr. Mamunur Rashid Chowdhury,Orthopedics,"MBBS, D-ORTHO",Professor & Unit Head,Community Based Medical College & Hospital,Mymensingh,N/A,https://doctor.bd/doctor/dr-mamunur-rashid-chowdhury-orthopedics-mymensingh
Dr. Mamunur Rashid Shikder,Cardiology,"MBBS, BCS, MCPS, FCPS",Assistant Professor,Sir Salimullah Medical College Mitford Hospital,Dhaka,N/A,https://doctor.bd/doctor/dr-mamunur-rashid-shikder-cardiology-dhaka
Dr. Manabendra Bhattacharjee,Neurology,"MBBS, MD",Professor & Head,Mymensingh Medical College Hospital,Mymensingh,N/A,https://doctor.bd/doctor/dr-manabendra-bhattacharjee-neurology-mymensingh
Dr. Manabendra Das,Nephrology,"MBBS, MD",Resident Physician,Sher-e-bangla Medical College Hospital,Barishal,N/A,https://doctor.bd/doctor/dr-manabendra-das-nephrology-barishal
Dr. Manash Ranjan Chakraborty,ENT,"MBBS, DLO",ENT Specialist,National Institute of ENT & Hospital,Dhaka,N/A,https://doctor.bd/doctor/dr-manash-ranjan-chakraborty-ent-dhaka
Dr. Manash Saha Rajat,Hepatology,"MBBS, BCS, MCPS, MD",Interventional Hepatologist,Khulna Medical College Hospital,Khulna,N/A,https://doctor.bd/doctor/dr-manash-saha-rajat-hepatology-khulna
Dr. Manik Chandra Mondal,Nephrology,"MBBS, MD",Medical Officer,Bangladesh Medical University,Dhaka,N/A,https://doctor.bd/doctor/dr-manik-chandra-mondal-nephrology-dhaka
Dr. Manik Mazumder,Pediatrics,"MBBS, BCS, ENS, MD",Consultant,Mymensingh Medical College Hospital,Mymensingh,N/A,https://doctor.bd/doctor/dr-manik-mazumder-pediatrics-mymensingh
Dr. Manobendra Kumar Paul Niloy,General Surgery,"MBBS, BCS, FCPS, MS",Consultant,"Shaheed Ziaur Rahman Medical College Hospital, Bogura",Bogura,N/A,https://doctor.bd/doctor/dr-manobendra-kumar-paul-niloy-general-surgery-bogura
Dr. Manoj Kumar Das,Ophthalmology,"MBBS, DO",Consultant,"Reverend Abdul Wadud Memorial Hospital, Khulna",Khulna,N/A,https://doctor.bd/doctor/dr-manoj-kumar-das-ophthalmology-khulna
Dr. Manoj Kumar Malakar,Pediatrics,"MBBS, BCS, DCH, MAAP",Consultant,Fakirhat Upazila Health Complex,Bagerhat,N/A,https://doctor.bd/doctor/dr-manoj-kumar-malakar-pediatrics-bagerhat
Dr. Manorama Sarker,Gynaecology & Obstetrics,"MBBS, MCPS, DGO",Assistant Professor,Kushtia Medical College Hospital,Kushtia,N/A,https://doctor.bd/doctor/dr-manorama-sarker-gynaecology-obstetrics-kushtia
Dr. Manos Chandra Sarkar,Orthopedics,"MBBS, MS",Senior Consultant,National Institute of Traumatology and Orthopaedic Rehabilitation (NITOR),Dhaka,N/A,https://doctor.bd/doctor/dr-manos-chandra-sarkar-orthopedics-dhaka
Dr. Manos Majumder,Urology,"MBBS, BCS, MS, FCPS",Registrar,Khulna Medical College Hospital,Khulna,N/A,https://doctor.bd/doctor/dr-manos-majumder-urology-khulna
Dr. Manzura Rahman,Gynaecology & Obstetrics,"MBBS, BCS, MS",Director,"Medical Sub Depot, Rajshahi",Pabna,N/A,https://doctor.bd/doctor/dr-manzura-rahman-gynaecology-obstetrics-pabna
Dr. Manzurul Ibrahim Musa,Respiratory Medicine,"MBBS, BCS, MD",Consultant,Khulna Medical College Hospital,Khulna,N/A,https://doctor.bd/doctor/dr-manzurul-ibrahim-musa-respiratory-medicine-khulna
Dr. Maria Akhtar Dalia,Ophthalmology,"MBBS, FCPS",Assistant Professor,Rangpur Medical College Hospital,Rangpur,N/A,https://doctor.bd/doctor/dr-maria-akhtar-dalia-ophthalmology-rangpur
Dr. Mariam Rabeya,Gynaecology & Obstetrics,"MBBS, MCPS, DGO, FCPS",Associate Professor,ZH Sikder Women's Medical College & Hospital,Dhaka,N/A,https://doctor.bd/doctor/dr-mariam-rabeya-gynaecology-obstetrics-dhaka
Dr. Mariam Zaman,Endocrinology,"MBBS, BCS, MD",Consultant,Sher-e-bangla Medical College Hospital,Barishal,10+ Years,https://doctor.bd/doctor/dr-mariam-zaman-endocrinology-barishal
Dr. Marina Akther Jolly,Dentistry,"BDS, FCPS",Vice Principal,Rangpur Community Dental College,Rangpur,N/A,https://doctor.bd/doctor/dr-marina-akther-jolly-dentistry-rangpur
Dr. Marjan Siddika Rupsa,Gynaecology & Obstetrics,"MBBS, BCS, FCPS",Consultant,Chattogram Medical College Hospital,Chattogram,N/A,https://doctor.bd/doctor/dr-marjan-siddika-rupsa-gynaecology-obstetrics-chattogram
Dr. Marjana Siddique Moury,Dentistry,"BDS, PGT",Chief Consultant,"Quick Dental Care, Sylhet",Sylhet,N/A,https://doctor.bd/doctor/dr-marjana-siddique-moury-dentistry-sylhet
Dr. Marjina Begum Lucy,Dentistry,BDS,Dental Surgeon,Chattogram International Dental College & Hospital,Chattogram,N/A,https://doctor.bd/doctor/dr-marjina-begum-lucy-dentistry-chattogram
Dr. Marshia Rahman Mitu,Medicine,"MBBS, BCS, FCPS",Consultant,Dhaka Medical College Hospital,Dhaka,N/A,https://doctor.bd/doctor/dr-marshia-rahman-mitu-medicine-dhaka
Dr. Maruf Ahmed,Urology,"MBBS, BCS, MS",Assistant Professor,Dhaka Medical College Hospital,Dhaka,N/A,https://doctor.bd/doctor/dr-maruf-ahmed-urology-dhaka
Dr. Maruf Alam Chowdhury,Plastic Surgery,"MBBS, FCPS",Surgeon,"Labaid Specialized Hospital, Dhanmondi",Dhaka,N/A,https://doctor.bd/doctor/dr-maruf-alam-chowdhury-plastic-surgery-dhaka
Dr. Maruf Bin Habib,Rheumatology,"MBBS, CCD, FCPS",Associate Professor,Uttara Adhunik Medical College Hospital,Dhaka,N/A,https://doctor.bd/doctor/dr-maruf-bin-habib-rheumatology-dhaka
Dr. Marufa Mustari,Endocrinology,"MBBS, FCPS, MACE",Assistant Professor,Bangladesh Medical University,Dhaka,N/A,https://doctor.bd/doctor/dr-marufa-mustari-endocrinology-dhaka
Dr. Masfique Ahmed Bhuiyan,Gastrointestinal Surgery,"MBBS, FCPS, FACS, FMAS",Assistant Professor,Dhaka Medical College Hospital,Dhaka,N/A,https://doctor.bd/doctor/dr-masfique-ahmed-bhuiyan-gastrointestinal-surgery-dhaka
Dr. Mashfiqul Hasan,Endocrinology,"MBBS, BCS, MCPS, MD",Assistant Professor,Bangladesh Medical University,Dhaka,N/A,https://doctor.bd/doctor/dr-mashfiqul-hasan-endocrinology-dhaka
Dr. Mashiur Rahman Majumder,Neurosurgery,"MBBS, BCS, FCPS, MS",Associate Professor,Dhaka Medical College Hospital,Sylhet,N/A,https://doctor.bd/doctor/dr-mashiur-rahman-majumder-neurosurgery-sylhet
Dr. Masihuzzaman Alpha,Neurology,"MBBS, MCPS, MD",Associate Professor,Chattogram Medical College Hospital,Chattogram,N/A,https://doctor.bd/doctor/dr-masihuzzaman-alpha-neurology-chattogram
Dr. Masooma Jalil,Gynaecology & Obstetrics,"MBBS, FCPS, CCD",Consultant,Bangladesh Specialized Hospital,Dhaka,N/A,https://doctor.bd/doctor/dr-masooma-jalil-gynaecology-obstetrics-dhaka
Dr. Masreful Islam Saikat,Orthopedics,"MBBS, BCS, D-ORTHO",Consultant,Sher-e-bangla Medical College Hospital,Barishal,N/A,https://doctor.bd/doctor/dr-masreful-islam-saikat-orthopedics-barishal
Dr. Masruba Sonia,Dentistry,"BDS, PGT",Dentist,Dhaka Dental College Hospital,Dhaka,N/A,https://doctor.bd/doctor/dr-masruba-sonia-dentistry-dhaka
Dr. Masrun Mostafa Chowdhury,Dermatology,"MBBS, DDV, CCD",Assistant Professor,Ad-din Barrister Rafique-ul-Huq Hospital,Narayanganj,N/A,https://doctor.bd/doctor/dr-masrun-mostafa-chowdhury-dermatology-narayanganj
Dr. Masrur Rahman,ENT,"MBBS, BCS, DPH, DLO, MS",ENT Specialist,National Institute of ENT & Hospital,Dhaka,N/A,https://doctor.bd/doctor/dr-masrur-rahman-ent-dhaka
Dr. Masud Ahmed,Urology,"MBBS, MS",Surgeon,National Institute of Cancer Research and Hospital (NICR&H),Dhaka,N/A,https://doctor.bd/doctor/dr-masud-ahmed-urology-dhaka
Dr. Masud Ahmed,Urology,"MBBS, BCS, MS",Assistant Professor,Khulna Medical College Hospital,Khulna,N/A,https://doctor.bd/doctor/dr-masud-ahmed-urology-khulna
Dr. Masud Anwar,Neurosurgery,"MBBS, FCPS, MS",Neurosurgeon,"Labaid Specialized Hospital, Dhanmondi",Dhaka,N/A,https://doctor.bd/doctor/dr-masud-anwar-neurosurgery-dhaka
Dr. Masud Anwar,Neurology,"MBBS, MSc",Consultant,Aichi Medical College & Hospital,Dhaka,N/A,https://doctor.bd/doctor/dr-masud-anwar-neurology-dhaka
Dr. Masud Hashmee,Ophthalmology,"MBBS, DO, FICO",Consultant,"Bangladesh Eye Hospital, Shantinagar",Dhaka,N/A,https://doctor.bd/doctor/dr-masud-hashmee-ophthalmology-dhaka
Dr. Masuda Islam Khan,Gynaecology & Obstetrics,"MBBS, FCPS",Associate Professor,BIRDEM General Hospital,Dhaka,N/A,https://doctor.bd/doctor/dr-masuda-islam-khan-gynaecology-obstetrics-dhaka
Dr. Masuda Sultana,Gynaecology & Obstetrics,"MBBS, BCS, FCPS",Consultant,Narayanganj 300 Bed Hospital,Narayanganj,N/A,https://doctor.bd/doctor/dr-masuda-sultana-gynaecology-obstetrics-narayanganj
Dr. Masudul Hasan,Ophthalmology,"MBBS, DO, MCPS, FCPS",Consultant,Vision Eye Hospital,Dhaka,N/A,https://doctor.bd/doctor/dr-masudul-hasan-ophthalmology-dhaka
Dr. Masudul Islam,ENT,"MBBS, DLO",ENT Specialist,Chattogram International Medical College & Hospital (CIMCH),Chattogram,N/A,https://doctor.bd/doctor/dr-masudul-islam-ent-chattogram
Dr. Masum Ahmed,Respiratory Medicine,"MBBS, FCPS, MD",Assistant Professor,Sher-e-bangla Medical College Hospital,Barishal,N/A,https://doctor.bd/doctor/dr-masum-ahmed-respiratory-medicine-barishal
Dr. Masuma Akhter,Pediatrics,"MBBS, BCS, FCPS",Child Specialist,Shaheed Suhrawardy Medical College Hospital,Dhaka,N/A,https://doctor.bd/doctor/dr-masuma-akhter-pediatrics-dhaka
Dr. Masuma Tabassum,Gynaecology & Obstetrics,"MBBS, BCS, MS, CMU",Gynecologist,Chattogram Medical College Hospital,Chattogram,N/A,https://doctor.bd/doctor/dr-masuma-tabassum-gynaecology-obstetrics-chattogram
Dr. Maya Rani Das,Gynaecology & Obstetrics,"MBBS, BCS, FCPS, MCPS",Consultant,Sylhet MAG Osmani Medical College Hospital,Sylhet,N/A,https://doctor.bd/doctor/dr-maya-rani-das-gynaecology-obstetrics-sylhet
Dr. Mayesha Afroz Bithi,Homeopathy,BHMS,Consultant,"Bangladesh Homeopathy Health Center, Uttara, Dhaka",Dhaka,5+ Years,https://doctor.bd/doctor/dr-mayesha-afroz-bithi-homeopathy-dhaka
Dr. Mayin Uddin Mahmud,General Surgery,"MBBS, FCPS, DIP, DMAS",Assistant Professor,Chattogram Medical College Hospital,Chattogram,N/A,https://doctor.bd/doctor/dr-mayin-uddin-mahmud-general-surgery-chattogram
Dr. Mazharul Haque,Gastroenterology,"MBBS, BCS, FCPS, MD, MACP",Associate Professor,Dhaka Medical College Hospital,Dhaka,N/A,https://doctor.bd/doctor/dr-mazharul-haque-gastroenterology-dhaka
Dr. Mazid Mahmud,Medicine,"MBBS, BCS, CCD, PGT, FCPS",Medical Officer,"Chatmohor Upazila Health Complex, Pabna",Pabna,N/A,https://doctor.bd/doctor/dr-mazid-mahmud-medicine-pabna
Dr. Md Abdullah Al Hasan,Neurology,"MBBS, BCS, FCPS, MD",Assistant Professor,Cumilla Medical College Hospital,Cumilla,N/A,https://doctor.bd/doctor/dr-md-abdullah-al-hasan-neurology-cumilla
Dr. Md Haider Ali Shimul,Orthopedics,"MBBS, MS",Consultant,Dhaka Medical College Hospital,Dhaka,N/A,https://doctor.bd/doctor/dr-md-haider-ali-shimul-orthopedics-dhaka
Dr. Md Kamrul Islam,Medicine,"MBBS, MACP, FCPS",Associate Professor,Chattogram International Medical College & Hospital (CIMCH),Chattogram,N/A,https://doctor.bd/doctor/dr-md-kamrul-islam-medicine-chattogram
Dr. Md Kutub Uddin Iback,Dermatology,"MBBS, BCS, DDV, MACP, EADV, CCD",Assistant Professor,Mymensingh Medical College Hospital,Mymensingh,N/A,https://doctor.bd/doctor/dr-md-kutub-uddin-iback-dermatology-mymensingh
Dr. Md Mahamudul Hasan,Hematology,"MBBS, BCS, MD",Registrar,Rangpur Medical College Hospital,Rangpur,N/A,https://doctor.bd/doctor/dr-md-mahamudul-hasan-hematology-rangpur
Dr. Md Mamunur Rashid,Neurosurgery,"MBBS, MS",Assistant Professor,Uttara Adhunik Medical College Hospital,Dhaka,N/A,https://doctor.bd/doctor/dr-md-mamunur-rashid-neurosurgery-dhaka
Dr. Md Shagar Azad,Orthopedics,"MBBS, MS",Assistant Professor,"BGC Trust Medical College, Chattogram",Chattogram,N/A,https://doctor.bd/doctor/dr-md-shagar-azad-orthopedics-chattogram
Dr. Md Shahidur Rahman,Dentistry,"BDS, PGT",General Dentist,AVE Dental Surgery & Orthodontics,Chattogram,N/A,https://doctor.bd/doctor/dr-md-shahidur-rahman-dentistry-chattogram
Dr. Md. A.F.M. Momtazul Haque,Neurosurgery,"MBBS, MS",Associate Professor,Rajshahi Medical College Hospital,Rajshahi,N/A,https://doctor.bd/doctor/dr-md-afm-momtazul-haque-neurosurgery-rajshahi
Dr. Md. Abdal Miah,Dermatology,"MBBS, DDV, MD, MMEd",Dermatologist,Mymensingh Medical College Hospital,Dhaka,N/A,https://doctor.bd/doctor/dr-md-abdal-miah-dermatology-dhaka
Dr. Md. Abdul Ahsan Didar,Oncology,"MBBS, MPH, MD, BCCPM",Associate Professor,Shaheed Suhrawardy Medical College Hospital,Dhaka,N/A,https://doctor.bd/doctor/dr-md-abdul-ahsan-didar-oncology-dhaka
Dr. Md. Abdul Alim Nadim,Neurology,"MBBS, MD",Assistant Professor,National Institute of Neurosciences & Hospital,Dhaka,N/A,https://doctor.bd/doctor/dr-md-abdul-alim-nadim-neurology-dhaka
Dr. Md. Abdul Awal,Orthopedics,"MBBS, BCS, MS",Associate Professor,Rajshahi Medical College Hospital,Rajshahi,N/A,https://doctor.bd/doctor/dr-md-abdul-awal-orthopedics-rajshahi
Dr. Md. Abdul Bari Robel,Endocrinology,"MBBS, BCS, DEM",Assistant Registrar,Cumilla Medical College Hospital,Cumilla,16+ Years,https://doctor.bd/doctor/dr-md-abdul-bari-robel-endocrinology-cumilla
Dr. Md. Abdul Baset,Medicine,"MBBS, FCPS",Consultant,Rajshahi Medical College Hospital,Rajshahi,N/A,https://doctor.bd/doctor/dr-md-abdul-baset-medicine-rajshahi
Dr. Md. Abdul Baten,Urology,"MBBS, MS, FICS",Assistant Professor,"Shaheed Ziaur Rahman Medical College Hospital, Bogura",Bogura,N/A,https://doctor.bd/doctor/dr-md-abdul-baten-urology-bogura
Dr. Md. Abdul Baten Molla,ENT,"MBBS, DIH, DLO",Senior Consultant,"250 Bedded General Hospital, Pabna",Pabna,N/A,https://doctor.bd/doctor/dr-md-abdul-baten-molla-ent-pabna
Dr. Md. Abdul Gaffer Saurav,Dentistry,"BDS, DDS, MCPS, MS",Associate Professor,Udayan Dental College & Hospital,Dhaka,N/A,https://doctor.bd/doctor/dr-md-abdul-gaffer-saurav-dentistry-dhaka
Dr. Md. Abdul Gafur,Respiratory Medicine,"MBBS, DTCD, FCCP, CCD",Assistant Professor,North East Medical College Hospital,Sylhet,N/A,https://doctor.bd/doctor/dr-md-abdul-gafur-respiratory-medicine-sylhet
Dr. Md. Abdul Goni,Cardiology,"MBBS, D-CARD, PGT",Associate Professor,North East Medical College Hospital,Sylhet,N/A,https://doctor.bd/doctor/dr-md-abdul-goni-cardiology-sylhet
Dr. Md. Abdul Hafiz Shafi,ENT,"MBBS, FCPS",Assistant Professor,Sylhet MAG Osmani Medical College Hospital,Sylhet,N/A,https://doctor.bd/doctor/dr-md-abdul-hafiz-shafi-ent-sylhet
Dr. Md. Abdul Hai Rubel,Physical Medicine & Rehabilitation,"MBBS, BCS, FCPS",Associate Professor,Rangpur Medical College Hospital,Rangpur,N/A,https://doctor.bd/doctor/dr-md-abdul-hai-rubel-physical-medicine-rehabilitation-rangpur
Dr. Md. Abdul Hakim,Orthopedics,"MBBS, BCS, D-ORTHO",Consultant,Rajshahi Medical College Hospital,Rajshahi,N/A,https://doctor.bd/doctor/dr-md-abdul-hakim-orthopedics-rajshahi
Dr. Md. Abdul Hakim,Nephrology,"MBBS, BCS, MD, FCPS",Assistant Professor,Dhaka Medical College Hospital,Dhaka,N/A,https://doctor.bd/doctor/dr-md-abdul-hakim-nephrology-dhaka
Dr. Md. Abdul Halim,Medicine,"MBBS, MD",Asgar Ali Hospital,Asgar Ali Hospital,Dhaka,N/A,https://doctor.bd/doctor/dr-md-abdul-halim-medicine-dhaka
Dr. Md. Abdul Hannan (Tareque),Endocrinology,"MBBS, DEM, FCPS, MACE",Professor & Head,North East Medical College Hospital,Sylhet,N/A,https://doctor.bd/doctor/dr-md-abdul-hannan-tareque-endocrinology-sylhet
Dr. Md. Abdul Jabbar,Colorectal Surgery,"MBBS, FCPS",Assistant Professor,Rangpur Medical College Hospital,Rangpur,10+ Years,https://doctor.bd/doctor/dr-md-abdul-jabbar-colorectal-surgery-rangpur
Dr. Md. Abdul Jalil,General Surgery,"MBBS, FCPS",Assistant Professor,Ibn Sina Medical College Hospital,Dhaka,N/A,https://doctor.bd/doctor/dr-md-abdul-jalil-general-surgery-dhaka
Dr. Md. Abdul Jalil,Cardiology,"MBBS, BCS, D-CARD, CCD",Associate Professor,Chattogram Medical College Hospital,Chattogram,N/A,https://doctor.bd/doctor/dr-md-abdul-jalil-cardiology-chattogram
Dr. Md. Abdul Kader,Cardiology,"MBBS, D-CARD, CCD, FCPS",Consultant,"Bangladesh Specialized Hospital, Dhaka",Dhaka,N/A,https://doctor.bd/doctor/dr-md-abdul-kader-cardiology-dhaka
Dr. Md. Abdul Kader Zilani,Hematology,"MBBS, BCS, MD",Associate Professor,Rangpur Medical College Hospital,Rangpur,N/A,https://doctor.bd/doctor/dr-md-abdul-kader-zilani-hematology-rangpur
Dr. Md. Abdul Kadir Gani,Medicine,"MBBS, BCS, FCPS",Consultant,Rangpur Medical College Hospital,Rangpur,N/A,https://doctor.bd/doctor/dr-md-abdul-kadir-gani-medicine-rangpur
Dr. Md. Abdul Karim,Dermatology,"MBBS, PGT",Registrar,Shaheed Monsur Ali Medical College Hospital,Dhaka,N/A,https://doctor.bd/doctor/dr-md-abdul-karim-dermatology-dhaka
Dr. Md. Abdul Karim,Oncology,"MBBS, BCS, MD",Consultant,Rajshahi Medical College Hospital,Rajshahi,N/A,https://doctor.bd/doctor/dr-md-abdul-karim-oncology-rajshahi
Dr. Md. Abdul Karim Mithu,ENT,"MBBS, BCS, DLO, FCPS",Consultant,Labaid Cancer Hospital and Super Speciality Centre,Dhaka,N/A,https://doctor.bd/doctor/dr-md-abdul-karim-mithu-ent-dhaka
Dr. Md. Abdul Latif,Radiology & Imaging,"MBBS, ADMS, RDMS, DMU",Consultant,Chevron Clinical Laboratory,Chattogram,10+ Years,https://doctor.bd/doctor/dr-md-abdul-latif-radiology-imaging-chattogram
Dr. Md. Abdul Maleque,Orthopedics,"MBBS, BCS, MS",Professor & Head,Kushtia Medical College Hospital,Kushtia,N/A,https://doctor.bd/doctor/dr-md-abdul-maleque-orthopedics-kushtia
Dr. Md. Abdul Mannan,Dermatology,"MBBS, MD",Associate Professor,Dhaka Medical College Hospital,Dhaka,N/A,https://doctor.bd/doctor/dr-md-abdul-mannan-dermatology-dhaka
Dr. Md. Abdul Mannan,Plastic Surgery,"MBBS, MCPS, FCPS",Professor & Head,Sylhet MAG Osmani Medical College Hospital,Sylhet,N/A,https://doctor.bd/doctor/dr-md-abdul-mannan-plastic-surgery-sylhet
Dr. Md. Abdul Mannan,Oncology,"MBBS, MD",Consultant,Labaid Cancer Hospital and Super Speciality Centre,Dhaka,N/A,https://doctor.bd/doctor/dr-md-abdul-mannan-oncology-dhaka
Dr. Md. Abdul Mazid,Cardiology,"MBBS, D-CARD",Professor & Head,Pabna Medical College Hospital,Pabna,N/A,https://doctor.bd/doctor/dr-md-abdul-mazid-cardiology-pabna
Dr. Md. Abdul Momin,General Surgery,"MBBS, FCPS, FMAS",Associate Professor,Mainamoti Medical College & Hospital,Cumilla,N/A,https://doctor.bd/doctor/dr-md-abdul-momin-general-surgery-cumilla
Dr. Md. Abdul Momin,Medicine,"MBBS, BCS, MACP, FCPS",Consultant,"Popular Diagnostic Centre, Kushtia",Kushtia,N/A,https://doctor.bd/doctor/dr-md-abdul-momin-medicine-kushtia
Dr. Md. Abdul Mottalib,Cardiology,"MBBS, MD",Consultant,Chattogram Medical College Hospital,Chattogram,N/A,https://doctor.bd/doctor/dr-md-abdul-mottalib-cardiology-chattogram
Dr. Md. Abdul Mukit,Nephrology,"MBBS, MD",Nephrologist,Rangpur Medical College Hospital,Rangpur,N/A,https://doctor.bd/doctor/dr-md-abdul-mukit-nephrology-rangpur
Dr. Md. Abdul Mukit,Orthopedics,"MBBS, D-ORTHO",Surgeon,Chattogram Diabetic General Hospital,Chattogram,N/A,https://doctor.bd/doctor/dr-md-abdul-mukit-orthopedics-chattogram
Dr. Md. Abdul Mumit Sarkar,Gastroenterology,"MBBS, BCS, MD, CCD",Assistant Professor,Rajshahi Medical College Hospital,Rajshahi,N/A,https://doctor.bd/doctor/dr-md-abdul-mumit-sarkar-gastroenterology-rajshahi
Dr. Md. Abdul Munim Sarkar,Oncology,"MBBS, BCS, MS, FCPS",A/R,National Institute of Cancer Research and Hospital (NICR&H),Dhaka,N/A,https://doctor.bd/doctor/dr-md-abdul-munim-sarkar-oncology-dhaka
Dr. Md. Abdul Muqueet,Nephrology,"MBBS, MD",Associate Professor,Pabna Medical College Hospital,Dhaka,N/A,https://doctor.bd/doctor/dr-md-abdul-muqueet-nephrology-dhaka
Dr. Md. Abdul Muyeed,Ophthalmology,"MBBS, DO",Consultant,Ispahani Islamia Eye Institute & Hospital,Dhaka,N/A,https://doctor.bd/doctor/dr-md-abdul-muyeed-ophthalmology-dhaka
Dr. Md. Abdul Quaium Chowdhury,Cardiac Surgery,"MBBS, BCS, MS",Assistant Professor,Chattogram Medical College Hospital,Chattogram,N/A,https://doctor.bd/doctor/dr-md-abdul-quaium-chowdhury-cardiac-surgery-chattogram
Dr. Md. Abdul Quayum Khan,Ophthalmology,"MBBS, BCS, FCPS, MS",Senior Consultant,Cumilla Medical College Hospital,Cumilla,N/A,https://doctor.bd/doctor/dr-md-abdul-quayum-khan-ophthalmology-cumilla
Dr. Md. Abdul Quddus (Shohag),ENT,"MBBS, BCS, MS",Consultant,Dhaka Medical College Hospital,Dhaka,N/A,https://doctor.bd/doctor/dr-md-abdul-quddus-shohag-ent-dhaka
Dr. Md. Abdul Quiyum,Hepatobiliary Surgery,"MBBS, BCS, MS",Resident Surgeon,"300 Bedded General Hospital, Narayanganj",Narayanganj,N/A,https://doctor.bd/doctor/dr-md-abdul-quiyum-hepatobiliary-surgery-narayanganj
Dr. Md. Abdul Wadud,Gastroenterology,"MBBS, BCS, MD",Consultant,Shaheed Shaikh Abu-Naser Specialized Hospital,Khulna,N/A,https://doctor.bd/doctor/dr-md-abdul-wadud-gastroenterology-khulna
Dr. Md. Abdul Wadud Sarker,Pediatrics,"MBBS, BCS, FCPS, MD",Child Specialist,Chattogram Medical College Hospital,Dhaka,N/A,https://doctor.bd/doctor/dr-md-abdul-wadud-sarker-pediatrics-dhaka
Dr. Md. Abdul Wahab,Dentistry,"BDS, BCS, PGT, MRSH",Dental Surgeon,Rangpur Medical College Hospital,Rangpur,25+ Years,https://doctor.bd/doctor/dr-md-abdul-wahab-dentistry-rangpur
Dr. Md. Abdul Wahab Khan,Nephrology,"MBBS, MD",Nephrologist,Bangladesh Specialized Hospital,Dhaka,N/A,https://doctor.bd/doctor/dr-md-abdul-wahab-khan-nephrology-dhaka
Dr. Md. Abdullah Al Farooq,Pediatric Surgery,"MBBS, FCPS, MS",Associate Professor,Chattogram Medical College Hospital,Chattogram,N/A,https://doctor.bd/doctor/dr-md-abdullah-al-farooq-pediatric-surgery-chattogram
Dr. Md. Abdullah Al Harun,ENT,"MBBS, BCS, FCPS",ENT Specialist,ENT,Dhaka,N/A,https://doctor.bd/doctor/dr-md-abdullah-al-harun-ent-dhaka
Dr. Md. Abdullah Al Kafi,Medicine,"MBBS, MRCP",Assistant Professor,"Islami Bank Medical College Hospital, Rajshahi",Rajshahi,N/A,https://doctor.bd/doctor/dr-md-abdullah-al-kafi-medicine-rajshahi
Dr. Md. Abdullah Al Mahmud Shovon,Pediatric Surgery,"MBBS, BCS, MS, DG",Registrar,Kuwait Bangladesh Friendship Govt. Hospital,Dhaka,N/A,https://doctor.bd/doctor/dr-md-abdullah-al-mahmud-shovon-pediatric-surgery-dhaka
Dr. Md. Abdullah Al Mamun,Cardiac Surgery,"MBBS, MS",Assistant Professor,National Institute of Cardiovascular Disease (NICVD),Dhaka,N/A,https://doctor.bd/doctor/dr-md-abdullah-al-mamun-cardiac-surgery-dhaka
Dr. Md. Abdullah Al Mamun,General Surgery,"MBBS, FCPS, MRCS, FMAS, FACRSI",Associate Professor,Shaheed Suhrawardy Medical College Hospital,Dhaka,N/A,https://doctor.bd/doctor/dr-md-abdullah-al-mamun-general-surgery-dhaka
Dr. Md. Abdullah Al Mamun,ENT,"MBBS, BCS, FCPS",Consultant,Sher-e-bangla Medical College Hospital,Barishal,N/A,https://doctor.bd/doctor/dr-md-abdullah-al-mamun-ent-barishal
Dr. Md. Abdullah Al Mamun,Urology,"MBBS, MS",Associate Professor,United Medical College Hospital,Dhaka,N/A,https://doctor.bd/doctor/dr-md-abdullah-al-mamun-urology-dhaka
Dr. Md. Abdullah Al Mamun,Psychiatry,"MBBS, BCS, MD",Consultant,National Institute of Mental Health (NIMH),Dhaka,N/A,https://doctor.bd/doctor/dr-md-abdullah-al-mamun-psychiatry-dhaka
Dr. Md. Abdullah Al Muzahid,Neurology,"MBBS, MD",Assistant Professor,Bangladesh Medical University,Dhaka,N/A,https://doctor.bd/doctor/dr-md-abdullah-al-muzahid-neurology-dhaka
Dr. Md. Abdullah Al-Zobair,ENT,"MBBS, BCS, FCPS, FACS",Professor & Head,Barind Medical College Hospital,Rajshahi,N/A,https://doctor.bd/doctor/dr-md-abdullah-al-zobair-ent-rajshahi
Dr. Md. Abdullah Sayed,Psychiatry,"MBBS, MD",Assistant Professor,North East Medical College Hospital,Sylhet,N/A,https://doctor.bd/doctor/dr-md-abdullah-sayed-psychiatry-sylhet
Dr. Md. Abdullah-Al-Kaiser,Dentistry,"BDS, BCS, PGT",Lecturer,Rajshahi Medical College,Rajshahi,N/A,https://doctor.bd/doctor/dr-md-abdullah-al-kaiser-dentistry-rajshahi
Dr. Md. Abdullahel Kafee,Medicine,"MBBS, BCS, FCPS, MD",Consultant,"Kurmitola General Hospital, Dhaka",Dhaka,N/A,https://doctor.bd/doctor/dr-md-abdullahel-kafee-medicine-dhaka
Dr. Md. Abdur Rahim,Medicine,"MBBS, PGT, ROD",Consultant,"Samtah General Hospital, KSA",Dhaka,N/A,https://doctor.bd/doctor/dr-md-abdur-rahim-medicine-dhaka
Dr. Md. Abdur Rahim,Colorectal Surgery,"MBBS, BCS, FCPS, FMAS",Assistant Professor,Sher-e-bangla Medical College Hospital,Barishal,N/A,https://doctor.bd/doctor/dr-md-abdur-rahim-colorectal-surgery-barishal
