doctor_name,specialty,qualification,designation,hospital,location,experience,profile_url
Alhaj Dr. Abu Jafor,followers,"ENT, Head & Neck Disease Specialist","MBBS, DLO",Consultant,Bangladesh Medical University,N/A,https://doctor.bd/doctor/alhaj-dr-abu-jafor-ent-khulna
Alhaj Dr. Md. Altaf Hossain Mondal,followers,Psychiatry & Mental Health Specialist,"MBBS, DPM, FRSH",Ex-Head of the Department of Psychiatry,"Shaheed Ziaur Rahman Medical College Hospital, Bogura",N/A,https://doctor.bd/doctor/alhaj-dr-md-altaf-hossain-mondal-psychiatry-pabna
Asso. Prof. Dr. Abdur Rabban Talukder,followers,General & Laparoscopic Surgery Specialist,"MBBS, FCPS, FMS",Associate Professor,Sir Salimullah Medical College Mitford Hospital,N/A,https://doctor.bd/doctor/asso-prof-dr-abdur-rabban-talukder-general-surgery-dhaka
Asso. Prof. Dr. Ahmed Sharif,followers,Urology & Andrology Specialist,"MBBS, MS, FACS",Associate Professor,Holy Family Red Crescent Medical College Hospital,N/A,https://doctor.bd/doctor/asso-prof-dr-ahmed-sharif-urology-dhaka
Asso. Prof. Dr. Amreen Faruq,followers,General & Laparoscopic Surgery Specialist,"MBBS, MS, FACS",Associate Professor,BIRDEM General Hospital,N/A,https://doctor.bd/doctor/asso-prof-dr-amreen-faruq-general-surgery-dhaka
Asso. Prof. Dr. Habib Imtiaz Ahmed,followers,Rheumatology & Arthritis Specialist,"MBBS, MRCP, MD",Associate Professor,Enam Medical College & Hospital,N/A,https://doctor.bd/doctor/asso-prof-dr-habib-imtiaz-ahmed-rheumatology-dhaka
Asso. Prof. Dr. Iftekhar Ahmed (Swapan),followers,"Skin, Allergy & Sexual Disease Specialist","MBBS, BCS, MD",Retired Professor,Sir Salimullah Medical College Mitford Hospital,N/A,https://doctor.bd/doctor/asso-prof-dr-iftekhar-ahmed-swapan-dermatology-dhaka
Asso. Prof. Dr. Kuntal Roy,followers,Child Health & Pediatric Specialist,"MBBS, DCH, FCPS",Associate Professor,Anwer Khan Modern Medical College Hospital,N/A,https://doctor.bd/doctor/asso-prof-dr-kuntal-roy-pediatrics-dhaka
Asso. Prof. Dr. Lt. Col. Md. Momin Uddin Kallol,followers,"ENT, Head & Neck Disease Specialist","MBBS, FCPS, DLO, MCPS, FICS",Head of the Dept,"Bangladesh Navy Hospital, Chattogram",17+ Years,https://doctor.bd/doctor/asso-prof-dr-lt-col-md-momin-uddin-kallol-ent-chattogram
Asso. Prof. Dr. Md. Nazmul Huda,followers,"Orthopedics, Trauma & Joint Surgery Specialist","MBBS, BCS, FCPS, MS",Associate Professor,Shaheed Suhrawardy Medical College Hospital,17+ Years,https://doctor.bd/doctor/asso-prof-dr-md-nazmul-huda-orthopedics-dhaka
Asso. Prof. Dr. Md. Rezaul Alam (Reza),followers,"Skin, Allergy & Sexual Disease Specialist","MBBS, BCS, MD",Associate Professor,Rangpur Medical College Hospital,N/A,https://doctor.bd/doctor/asso-prof-dr-md-rezaul-alam-reza-dermatology-rangpur
Asso. Prof. Dr. Md. Sirajum Munir,followers,"Cardiology, Hypertension & Heart Disease Specialist","MBBS, BCS, MD",Associate Professor,Kushtia Medical College Hospital,N/A,https://doctor.bd/doctor/asso-prof-dr-md-sirajum-munir-cardiology-kushtia
Asso. Prof. Dr. Md. Wahiduzzaman Mazumder,followers,Pediatric Gastroenterology Specialist,"MBBS, MD, FCPS",Associate Professor,Bangladesh Medical University,N/A,https://doctor.bd/doctor/asso-prof-dr-md-wahiduzzaman-mazumder-pediatrics-dhaka
Asso. Prof. Dr. Md. Zonaid Rahim,followers,"ENT, Head & Neck Disease Specialist","MBBS, DLO",Associate Professor,National Institute of ENT & Hospital,N/A,https://doctor.bd/doctor/asso-prof-dr-md-zonaid-rahim-ent-dhaka
Asso. Prof. Dr. S.E. Kabir,followers,General Surgery Specialist,"MBBS, MCPS",Associate Professor,University Dental College and Hospital,N/A,https://doctor.bd/doctor/asso-prof-dr-se-kabir-general-surgery-dhaka
Asso. Prof. Dr. Shereen Yousuf,followers,"Obstetrics, Gynaecology & Surgery Specialist","MBBS, FCPS",Associate Professor,Bangladesh Medical University,N/A,https://doctor.bd/doctor/asso-prof-dr-shereen-yousuf-gynaecology-obstetrics-dhaka
Asso. Prof. Dr. Towhidul Islam,followers,Pediatric Surgery Specialist,"MBBS, MS",Professor & Head,Sher-e-bangla Medical College Hospital,N/A,https://doctor.bd/doctor/asso-prof-dr-towhidul-islam-pediatric-surgery-barishal
Asso. Prof. Dr. Zinat De Laila,followers,Psychiatry & Mental Health Specialist,"MBBS, BCS, MD",Associate Professor,National Institute of Mental Health (NIMH),N/A,https://doctor.bd/doctor/asso-prof-dr-zinat-de-laila-psychiatry-dhaka
Assoc. Prof. Dr. A.H.M. Nasiruzzaman,followers,Child Health & Pediatric Specialist,"MBBS, BCS, MD",Associate Professor,Shaheed Suhrawardy Medical College Hospital,N/A,https://doctor.bd/doctor/assoc-prof-dr-ahm-nasiruzzaman-pediatrics-dhaka
Assoc. Prof. Dr. Aslam Almehdi,followers,Oral & Dental Surgery Specialist,"PhD, MS, BDS, FIAOO, FICD",Consultant,"Delta Medical College & Hospital, Dhaka",15+ Years,https://doctor.bd/doctor/assoc-prof-dr-aslam-almehdi-dentistry-dhaka
Assoc. Prof. Dr. Jannatul Ferdous,followers,Blood Disease & Hematology Specialist,"MBBS, MTM, FCPS",Associate Professor,"Mugda Medical College Hospital, Dhaka",N/A,https://doctor.bd/doctor/assoc-prof-dr-jannatul-ferdous-hematology-dhaka
Assoc. Prof. Dr. Kazi Jannat Ara,followers,"Neurology, Brain & Nerve Disease Specialist","MBBS, FCPS",Associate Professor,Bangladesh Medical University,N/A,https://doctor.bd/doctor/assoc-prof-dr-kazi-jannat-ara-neurology-dhaka
Assoc. Prof. Dr. Md. Alauddin,followers,Cardiac & Heart Surgery Specialist,"MBBS, MS",Associate Professor,Bangladesh Medical University,20+ Years,https://doctor.bd/doctor/assoc-prof-dr-md-alauddin-cardiac-surgery-dhaka
Assoc. Prof. Dr. Md. Raknuzzaman,followers,"Neurology, Brain & Nerve Disease Specialist","MBBS, MD, MRCP, FCPS",Associate Professor,National Institute of Neurosciences & Hospital,21+ Years,https://doctor.bd/doctor/assoc-prof-dr-md-raknuzzaman-neurology-dhaka
Assoc. Prof. Dr. Monsur Ahmed,followers,"Brain, Nerve & Spine Surgery Specialist","MBBS, MS",Associate Professor,National Institute of Neurosciences & Hospital,21+ Years,https://doctor.bd/doctor/assoc-prof-dr-monsur-ahmed-neurosurgery-dhaka
Assoc. Prof. Dr. Rowshan Ara,followers,"Obstetrics, Gynaecology & Surgery Specialist","MBBS, FCPS",Associate Professor,Dhaka Medical College Hospital,N/A,https://doctor.bd/doctor/assoc-prof-dr-rowshan-ara-gynaecology-obstetrics-dhaka
Assoc. Prof. Dr. Rowshan Ara,followers,Infertility & Reproductive Medicine Specialist,"MBBS, FCPS",Associate Professor,Dhaka Medical College Hospital,N/A,https://doctor.bd/doctor/assoc-prof-dr-rowshan-ara-reproductive-medicine-dhaka
"Assoc. Prof. Dr. S.M. Mustofa Kamal, PT",followers,Physiotherapy & Rehabilitation Specialist,"MPH, BPT, MDMR",Associate Professor,Enam Medical College & Hospital,N/A,https://doctor.bd/doctor/assoc-prof-dr-sm-mustofa-kamal-pt-physiotherapy-dhaka
Assoc. Prof. Dr. Suhel Reza,followers,Urology & Andrology Specialist,"MBBS, MS, FCPS",Associate Professor,National Institute of Kidney Disease and Urology (NIKDU),N/A,https://doctor.bd/doctor/assoc-prof-dr-suhel-reza-urology-dhaka
Assoc. Prof. Dr. T.C. Saha,followers,Physical Medicine & Rehabilitation Specialist,"MBBS, BCS, MD",Associate Professor,"Mugda Medical College Hospital, Dhaka",N/A,https://doctor.bd/doctor/assoc-prof-dr-tc-saha-physical-medicine-rehabilitation-dhaka
Assoc. Prof. Dr. Tarafdar Runa Laila,followers,"Obstetrics, Gynaecology & Surgery Specialist","MBBS, MS, FCPS",Associate Professor,Bangladesh Medical University,N/A,https://doctor.bd/doctor/assoc-prof-dr-tarafdar-runa-laila-gynaecology-obstetrics-dhaka
Asst. Prof Dr. Abdul Mahin Tazbir,followers,Rheumatology & Arthritis Specialist,"MBBS, MD, ECRD",Assistant Professor,Enam Medical College & Hospital,N/A,https://doctor.bd/doctor/asst-prof-dr-abdul-mahin-tazbir-rheumatology-dhaka
Asst. Prof. Dr. Ankur Datta,followers,Medicine & Diabetes Specialist,"MBBS, MPH, MACP, CCD, EDC, FMD",Assistant Professor,Eastern Medical College Hospital,N/A,https://doctor.bd/doctor/asst-prof-dr-ankur-datta-medicine-cumilla
Asst. Prof. Dr. Basudeb Chandra Pal,followers,Psychiatry & Mental Health Specialist,"MBBS, MD",Assistant Professor,Khulna City Medical College Hospital,N/A,https://doctor.bd/doctor/asst-prof-dr-basudeb-chandra-pal-psychiatry-khulna
Asst. Prof. Dr. Bijoy Kumar Dutta,followers,Psychiatry & Mental Health Specialist,"MBBS, BCS, MD",Assistant Professor,Cumilla Medical College Hospital,N/A,https://doctor.bd/doctor/asst-prof-dr-bijoy-kumar-dutta-psychiatry-cumilla-2
Asst. Prof. Dr. Bijoy Kumar Dutta,followers,Psychiatry & Mental Health Specialist,"MBBS, BCS, MD",Assistant Professor,Cumilla Medical College Hospital,N/A,https://doctor.bd/doctor/asst-prof-dr-bijoy-kumar-dutta-psychiatry-cumilla
Asst. Prof. Dr. Dulal Chandra Das,followers,Liver & Hepatology Specialist,"MBBS, MD",Assistant Professor,Bangladesh Medical University,N/A,https://doctor.bd/doctor/asst-prof-dr-dulal-chandra-das-hepatology-dhaka
Asst. Prof. Dr. Farhana Salam,followers,"Colorectal, Piles & Rectal Surgery Specialist","MBBS, BCS, MS, FCPS",Assistant Professor,Shaheed Suhrawardy Medical College Hospital,N/A,https://doctor.bd/doctor/asst-prof-dr-farhana-salam-colorectal-surgery-dhaka
Asst. Prof. Dr. Farida Yasmin SHUMI,followers,"Obstetrics, Gynaecology & Surgery Specialist","MBBS, DGO, MS, MSc",Assistant Professor,Chattogram Medical College Hospital,N/A,https://doctor.bd/doctor/asst-prof-dr-farida-yasmin-shumi-gynaecology-obstetrics-chattogram
Asst. Prof. Dr. Iftekhar Alam,followers,"Cardiology, Hypertension & Heart Disease Specialist","MBBS, MD, CCD",Assistant Professor,National Institute of Cardiovascular Disease (NICVD),N/A,https://doctor.bd/doctor/asst-prof-dr-iftekhar-alam-cardiology-dhaka
Asst. Prof. Dr. Kamalesh Chandra Basu,followers,"Diabetes, Hormone & Thyroid Specialist","MBBS, BCS, MD, MCPS, FCPS",Assistant Professor,Dhaka Medical College Hospital,N/A,https://doctor.bd/doctor/asst-prof-dr-kamalesh-chandra-basu-endocrinology-dhaka
Asst. Prof. Dr. Md. Forhad Abedin,followers,Liver & Hepatology Specialist,"MBBS, BCS, FRCP, FCPS, MD",Assistant Professor,Cumilla Medical College Hospital,N/A,https://doctor.bd/doctor/asst-prof-dr-md-forhad-abedin-hepatology-cumilla
Asst. Prof. Dr. Md. Masum Uddin,followers,Physical Medicine & Rehabilitation Specialist,"MBBS, BCS, MACP, FCPS",Assistant Professor,National Institute of Traumatology and Orthopaedic Rehabilitation (NITOR),15+ Years,https://doctor.bd/doctor/asst-prof-dr-md-masum-uddin-physical-medicine-rehabilitation-dhaka
Asst. Prof. Dr. Md. Mofazzal Hossen (Murad),followers,Rheumatology & Arthritis Specialist,"MBBS, BCS, MD",Assistant Professor,Rangpur Medical College Hospital,15+ Years,https://doctor.bd/doctor/asst-prof-dr-md-mofazzal-hossen-murad-rheumatology-rangpur
Asst. Prof. Dr. Md. Nowshad Ullah Nahid,followers,Vascular & Endovascular Surgery Specialist,"MBBS, MS",Assistant Professor,Eastern Medical College Hospital,10+ Years,https://doctor.bd/doctor/asst-prof-dr-md-nowshad-ullah-nahid-vascular-surgery-cumilla
Asst. Prof. Dr. Md. Tousifur Rahman,followers,Oncologist & Cancer Specialist,"MBBS, MD",Assistant Professor,"TMSS Cancer Centre, Bogura",10+ Years,https://doctor.bd/doctor/asst-prof-dr-md-tousifur-rahman-oncology-bogura
Asst. Prof. Dr. Mohammad Abdus Salam,followers,Urology & Andrology Specialist,"MBBS, MS",Assistant Professor,Bangladesh Medical University,N/A,https://doctor.bd/doctor/asst-prof-dr-mohammad-abdus-salam-urology-dhaka
Asst. Prof. Dr. Mohammad Toufiq Hasan,followers,Chest & Respiratory Disease Specialist,"MBBS, BCS, MD",Professor & Head,Sir Salimullah Medical College Mitford Hospital,N/A,https://doctor.bd/doctor/asst-prof-dr-mohammad-toufiq-hasan-respiratory-medicine-dhaka
Asst. Prof. Dr. Nafiuzzaman,followers,Physical Medicine & Rehabilitation Specialist,"MBBS, ECRD, FCPS",Assistant Professor,President Abdul Hamid Medical College & Hospital,N/A,https://doctor.bd/doctor/asst-prof-dr-nafiuzzaman-physical-medicine-rehabilitation-narayanganj
Asst. Prof. Dr. Najmul Haque,followers,Pediatric Neurology Specialist,"MBBS, BCS, FCPS, MD",Assistant Professor,National Institute of Neurosciences & Hospital,N/A,https://doctor.bd/doctor/asst-prof-dr-najmul-haque-pediatrics-dhaka
Asst. Prof. Dr. Purobi Das Bakshi,followers,"Obstetrics, Gynaecology & Surgery Specialist","MBBS, BCS, MS",Assistant Professor,Khulna Medical College Hospital,12+ Years,https://doctor.bd/doctor/asst-prof-dr-purobi-das-bakshi-gynaecology-obstetrics-khulna
Asst. Prof. Dr. Sharmin Akter Liza,followers,"Obstetrics, Gynaecology & Surgery Specialist","MBBS, FCPS",Assistant Professor,"Institute of Child and Mother Health, Matuail",12+ Years,https://doctor.bd/doctor/asst-prof-dr-sharmin-akter-liza-gynaecology-obstetrics-dhaka
Asst. Prof. Dr. Sharmin Begum,followers,"Skin, Allergy & Sexual Disease Specialist","MBBS, MCPS, FCPS",Assistant Professor,Bangladesh Medical University,N/A,https://doctor.bd/doctor/asst-prof-dr-sharmin-begum-dermatology-dhaka
Asst. Prof. Dr. SMA Alim,followers,Anesthesia & Pain Management Specialist,"MBBS, MD, EDPM, FIPM, GOPF",Assistant Professor,Bangladesh Medical University,N/A,https://doctor.bd/doctor/asst-prof-dr-sma-alim-anesthesiology-dhaka
Asst. Prof. Dr. Subrata Roy,followers,General Surgery Specialist,"MBBS, MS, FCPS",Assistant Professor,Dinajpur Medical College Hospital,N/A,https://doctor.bd/doctor/asst-prof-dr-subrata-roy-general-surgery-dinajpur
Asst. Prof. Dr. Suman Dey,followers,"Gastroenterology, Liver & Digestive Disease Specialist","MBBS, BCS, MRCPS, MCPS, MD, CCD, FCPS",Assistant Professor,Bangladesh Medical University,13+ Years,https://doctor.bd/doctor/asst-prof-dr-suman-dey-gastroenterology-cumilla
Asst. Prof. Dr. Sunjida Islam,followers,"Diabetes, Hormone & Thyroid Specialist","MBBS, DEM",Professor & Head,Eastern Medical College Hospital,10+ Years,https://doctor.bd/doctor/asst-prof-dr-sunjida-islam-endocrinology-cumilla
Asst. prof. Dr. Ujjal Mitra,followers,Child Health & Pediatric Specialist,"MBBS, BCS, FCPS, MD",Assistant Professor,Dhaka Medical College Hospital,10+ Years,https://doctor.bd/doctor/asst-prof-dr-ujjal-mitra-pediatrics-dhaka
Brig Gen. Prof. Dr. Md. Maqsudur Rasul,followers,Medicine Specialist,"MBBS, MCPS, FCPS",Professor,Combined Military Hospital Dhaka,N/A,https://doctor.bd/doctor/brig-gen-prof-dr-md-maqsudur-rasul-medicine-dhaka
Brig. Gen. (Retd) Prof. Dr. Md. Sayedur Rahman,followers,Eye Disease & Surgery Specialist,"MBBS, DO, FCPS, MCPS, FICO",Senior Consultant,Evercare Hospital Dhaka,N/A,https://doctor.bd/doctor/brig-gen-retd-prof-dr-md-sayedur-rahman-ophthalmology-dhaka
Brig. Gen. Dr. Golam Mohiuddin Chowdhury,followers,Oral & Dental Surgery Specialist,"BDS, PGC, FCPS",Consultant,Evercare Hospital Dhaka,N/A,https://doctor.bd/doctor/brig-gen-dr-golam-mohiuddin-chowdhury-dentistry-dhaka
Brig. Gen. Dr. Md. Delwar Hossain,followers,"Gastroenterology, Liver & Digestive Disease Specialist","MBBS, FCPS",Professor & Head,Combined Military Hospital Dhaka,N/A,https://doctor.bd/doctor/brig-gen-dr-md-delwar-hossain-gastroenterology-dhaka
Brig. Gen. Dr. Md. Habibur Rahman,followers,Psychiatry & Mental Health Specialist,"MBBS, FCPS",Doctor,"Armed Forces Medical College, Dhaka",N/A,https://doctor.bd/doctor/brig-gen-dr-md-habibur-rahman-psychiatry-dhaka
Brig. Gen. Dr. Moinul Hoque Chowdhury,followers,Anesthesia & Pain Management Specialist,"MBBS, FCPS",Senior Consultant,Evercare Hospital Dhaka,N/A,https://doctor.bd/doctor/brig-gen-dr-moinul-hoque-chowdhury-anesthesiology-dhaka
Brig. Gen. Prof. Dr. A.K.M. Masud,followers,"Orthopedics, Trauma & Joint Surgery Specialist","MBBS, MS",Professor & Head,"Armed Forces Medical College, Dhaka",N/A,https://doctor.bd/doctor/brig-gen-prof-dr-akm-masud-orthopedics-dhaka
Brig. Gen. Prof. Dr. AFM Shamsul Haque,followers,"Cardiology, Hypertension & Heart Disease Specialist","MBBS, FCPS, MCPS, FESC, FACC, FRCP",Professor,Combined Military Hospital Dhaka,N/A,https://doctor.bd/doctor/brig-gen-prof-dr-afm-shamsul-haque-cardiology-dhaka
Brig. Gen. Prof. Dr. Anjuman Ara Beauty,followers,Pediatric Neurology Specialist,"MBBS, DCH, FCPS",Chief Pediatric Neurologist,Proyash Institute of Special Education & Research,N/A,https://doctor.bd/doctor/brig-gen-prof-dr-anjuman-ara-beauty-pediatrics-dhaka
Brig. Gen. Prof. Dr. Faruk Ahmed,followers,Blood Disease & Hematology Specialist,"MBBS, MCPS, FCPS",Senior Consultant,"Square Hospital, Dhaka",N/A,https://doctor.bd/doctor/brig-gen-prof-dr-faruk-ahmed-hematology-dhaka
Brig. Gen. Prof. Dr. Md. Azizul Islam,followers,Psychiatry & Mental Health Specialist,"MBBS, FCPS, FRCP, FACP",Professor & Head,"Armed Forces Medical College, Dhaka",N/A,https://doctor.bd/doctor/brig-gen-prof-dr-md-azizul-islam-psychiatry-dhaka
Brig. Gen. Prof. Dr. Md. Azizur Rahman,followers,Chest & Respiratory Disease Specialist,"MBBS, MCPS, FCPS, FCCP",Professor & Head,Combined Military Hospital Dhaka,N/A,https://doctor.bd/doctor/brig-gen-prof-dr-md-azizur-rahman-respiratory-medicine-dhaka
Brig. Gen. Prof. Dr. Md. Enamul Kabir,followers,"Plastic, Burn & Reconstructive Surgery Specialist","MBBS, FCPS, FACS, FICS",Professor,Marks Medical College & Hospital,N/A,https://doctor.bd/doctor/brig-gen-prof-dr-md-enamul-kabir-plastic-surgery-dhaka
Brig. Gen. Prof. Dr. Md. Nuruzzaman,followers,"Brain, Nerve & Spine Surgery Specialist","MBBS, MS",Senior Consultant,"Ibn Sina Specialized Hospital, Dhanmondi",N/A,https://doctor.bd/doctor/brig-gen-prof-dr-md-nuruzzaman-neurosurgery-dhaka
Brig. Gen. Prof. Dr. Md. Saidur Rahman,followers,General & Laparoscopic Surgery Specialist,"MBBS, FCPS",Former Professor,Combined Military Hospital Dhaka,N/A,https://doctor.bd/doctor/brig-gen-prof-dr-md-saidur-rahman-general-surgery-dhaka
Brig. Gen. Prof. Dr. Md. Sayedur Rahman,followers,"Gastroenterology, Liver & Digestive Disease Specialist","MBBS, FCPS, OJT, FACP, FRCP",Professor,Combined Military Hospital Dhaka,N/A,https://doctor.bd/doctor/brig-gen-prof-dr-md-sayedur-rahman-gastroenterology-dhaka
Brig. Gen. Prof. Dr. Md. Yousuf Ali,followers,Oncologist & Cancer Specialist,"MBBS, FCPS, MACR, FRCH",Professor & Head,Combined Military Hospital Dhaka,N/A,https://doctor.bd/doctor/brig-gen-prof-dr-md-yousuf-ali-oncology-dhaka
Brig. Gen. Prof. Dr. MHM Delwar Hossain,followers,Anesthesia & Pain Management Specialist,"MBBS, DA, MCPS, FCPS",Former Professor,Combined Military Hospital Dhaka,N/A,https://doctor.bd/doctor/brig-gen-prof-dr-mhm-delwar-hossain-anesthesiology-dhaka
Brig. Gen. Prof. Dr. Nasir Uddin Ahmed,followers,Medicine & Diabetes Specialist,"MBBS, FCPS",Advisor Specialist & Head of the Department of Endocrinology,Combined Military Hospital Dhaka,29+ Years,https://doctor.bd/doctor/brig-gen-prof-dr-nasir-uddin-ahmed-medicine-dhaka
Brig. Gen. Prof. Dr. Nurul Amin (Retd),followers,"Skin, Allergy & Sexual Disease Specialist","MBBS, MD, FCPS, FRCP, FAAD, DDV, DD",Professor & Head,"Armed Forces Medical College, Dhaka",29+ Years,https://doctor.bd/doctor/brig-gen-prof-dr-nurul-amin-retd-dermatology-dhaka
Brig. Gen. Prof. Dr. Nurunnahar Fatema Begum,followers,Pediatric Cardiology Specialist,"MBBS, FCPS, FRCP, FACC, FSCAI",Professor & Head,Combined Military Hospital Dhaka,N/A,https://doctor.bd/doctor/brig-gen-prof-dr-nurunnahar-fatema-begum-pediatrics-dhaka
Brig. Gen. Prof. Dr. R U Chowdhury,followers,"Brain, Nerve & Spine Surgery Specialist","MBBS, FCPS, MS, MRCS",Consultant,Combined Military Hospital Dhaka,N/A,https://doctor.bd/doctor/brig-gen-prof-dr-r-u-chowdhury-neurosurgery-dhaka
Brig. Gen. Prof. Dr. Ranjit Kumar Mistry,followers,"ENT, Head & Neck Disease Specialist","MBBS, DLO, FCPS, MCPS",Professor,"Armed Forces Medical College, Dhaka",N/A,https://doctor.bd/doctor/brig-gen-prof-dr-ranjit-kumar-mistry-ent-dhaka
Brigadier General (Dr.) Masroor Hasan,followers,"Plastic, Burn & Reconstructive Surgery Specialist","MBBS, MS, MRCS, FCPS",Advisor Specialist & HOD,Combined Military Hospital Dhaka,N/A,https://doctor.bd/doctor/brigadier-general-dr-masroor-hasan-plastic-surgery-dhaka
Brigadier General Prof. Dr. Md. Shirajul Islam Khan,followers,"Skin, Allergy & Sexual Disease Specialist","MBBS, FCPS, MCPS, DDV, FRCP, MACP",Professor & Head,Combined Military Hospital Dhaka,N/A,https://doctor.bd/doctor/brigadier-general-prof-dr-md-shirajul-islam-khan-dermatology-dhaka
Capt. Dr. A. Z. Nazrul Islam,followers,Child Health & Pediatric Specialist,"MBBS, MCPS",Consultant,Combined Military Hospital Dhaka,N/A,https://doctor.bd/doctor/capt-dr-a-z-nazrul-islam-pediatrics-dhaka
Capt. Dr. Md. Serajul Islam,followers,Child Health & Pediatric Specialist,"MBBS, MD, MCPS",Consultant,Bangladesh Medical University,N/A,https://doctor.bd/doctor/capt-dr-md-serajul-islam-pediatrics-dhaka
Col. (Prof.) Dr. Nazmul Hamid,followers,Child Health & Pediatric Specialist,"MBBS, DCH, FCPS",Colonel,Combined Military Hospital Dhaka,N/A,https://doctor.bd/doctor/col-prof-dr-nazmul-hamid-pediatrics-dhaka
Col. Dr. Nazma Siddique,followers,"Obstetrics, Gynaecology & Surgery Specialist","MBBS, DGO, FCPS",Professor & Head,Combined Military Hospital Chattogram,N/A,https://doctor.bd/doctor/col-dr-nazma-siddique-gynaecology-obstetrics-chattogram
Col. Prof. Dr. Md. Nurul Azim,followers,Psychiatry & Mental Health Specialist,"MBBS, FCPS, MD, PhD, PsyD, FRCP, FACP",Former Professor,Bangladesh Medical University,N/A,https://doctor.bd/doctor/col-prof-dr-md-nurul-azim-psychiatry-dhaka
Colonel Dr. Md. Mosleh Uddin,followers,Blood Disease & Hematology Specialist,"MBBS, MCPS, FCPS",Consultant,Combined Military Hospital Dhaka,N/A,https://doctor.bd/doctor/colonel-dr-md-mosleh-uddin-hematology-dhaka
Dietician Sanzida Sharmeen,followers,Dietician & Nutrition Specialist,"BSc, MSc",Ex. Senior Clinical Dietician,"United Hospital, Dhaka",N/A,https://doctor.bd/doctor/dietician-sanzida-sharmeen-nutrition-dietetics-dhaka
Dietitian Sabeka Rahman,followers,Nutrition & Dietetics Specialist,"BSc, MSc",Nutritionist,"Lubana General Hospital, Uttara",N/A,https://doctor.bd/doctor/dietitian-sabeka-rahman-nutrition-dietetics-dhaka
Dietitian Sanjib Ahmad Talukder Tonoy,followers,Nutrition & Dietetics Specialist,"BSc, MSc, CND",Consultant,Ashiyan and City Medical College Hospital,N/A,https://doctor.bd/doctor/dietitian-sanjib-ahmad-talukder-tonoy-nutrition-dietetics-dhaka
Dietitian Sanjib Ahmad Talukder Tonoy,followers,Nutrition & Dietetics Specialist,"BSc, MSc, CND",Consultant,Ashiyan and City Medical College Hospital,N/A,https://doctor.bd/doctor/dietitian-sanjib-ahmad-talukder-tonoy-nutrition-dietetics-chattogram
Dietitian Sayeda Shirina Smrity,followers,Nutrition & Dietetics Specialist,"BSc, MPH, MSc",Dietitian,"BRB Hospital, Dhaka",N/A,https://doctor.bd/doctor/dietitian-sayeda-shirina-smrity-nutrition-dietetics-dhaka
Dietitian Shirajam Munira,followers,Nutrition & Dietetics Specialist,"BSc, MSc",Senior Consultant,Ibn Sina Medical College Hospital,N/A,https://doctor.bd/doctor/dietitian-shirajam-munira-nutrition-dietetics-dhaka
Dr A.E.M.N Jahangir Selim,followers,"Cardiology, Hypertension & Heart Disease Specialist","MBBS, BCS, MD",Assistant Professor,Chattogram Medical College Hospital,N/A,https://doctor.bd/doctor/dr-aemn-jahangir-selim-cardiology-chattogram
Dr Abu Nesar Taib,followers,"Diabetes, Hormone & Thyroid Specialist","MBBS, DEM",Diabetes Specialist,BIRDEM General Hospital,N/A,https://doctor.bd/doctor/dr-abu-nesar-taib-endocrinology-dhaka
Dr ASM Musa Kobir,followers,Medicine Specialist,"MBBS, MRCP",Consultant,Kushtia 250 bed General Hospital,N/A,https://doctor.bd/doctor/dr-asm-musa-kobir-medicine-kushtia
Dr Md Mohsin Reza (Pallab),followers,Oncologist & Cancer Specialist,"MBBS, MD, FCPS",Consultant,"Directorate General of Health Services (DGHS), Mohakhali, Dhaka",N/A,https://doctor.bd/doctor/dr-md-mohsin-reza-pallab-oncology-dhaka
Dr Merina Arjumand,followers,Kidney & Nephrology Specialist,"MBBS, BCS, MCPS, MD",Consultant,Chattogram Medical College Hospital,N/A,https://doctor.bd/doctor/dr-merina-arjumand-nephrology-chattogram
Dr Mohammad Harun Ur Rashid,followers,"Brain, Nerve & Spine Surgery Specialist","MBBS, MS",Professor & Head,Mymensingh Medical College Hospital,N/A,https://doctor.bd/doctor/dr-mohammad-harun-ur-rashid-neurosurgery-mymensingh
Dr Mohammad Monir Hossain,followers,Pediatric Neurology Specialist,"MBBS, MD, FCPS",Assistant Professor,National Institute of Neurosciences & Hospital,N/A,https://doctor.bd/doctor/dr-mohammad-monir-hossain-pediatrics-dhaka
Dr Muhammad Razaul Karim,followers,Liver & Hepatology Specialist,"MBBS, MD, MACP, FCPS",Consultant,Bangladesh National Parliament Secretariat Medical Center,N/A,https://doctor.bd/doctor/dr-muhammad-razaul-karim-hepatology-dhaka
Dr Shadly T. Amim,followers,"Cardiology, Hypertension & Heart Disease Specialist","MBBS, BCS, MACP, MRCP, MD",Consultant,National Institute of Cardiovascular Disease (NICVD),N/A,https://doctor.bd/doctor/dr-shadly-t-amim-cardiology-dhaka
Dr Syed Aftub Uddin,followers,General & Laparoscopic Surgery Specialist,"MBBS, BCS, MS, CCCD",Consultant,Chattogram Medical College Hospital,13+ Years,https://doctor.bd/doctor/dr-syed-aftub-uddin-general-surgery-chattogram
Dr Upananda Ray,followers,Medicine Specialist,"MBBS, BCS, MACP, FCPS",Consultant,Khulna Medical College Hospital,13+ Years,https://doctor.bd/doctor/dr-upananda-ray-medicine-khulna
Dr Zahid Uddin Shovon,followers,"Skin, Allergy & Sexual Disease Specialist","MBBS, DDV, MACP",Consultant,Sher-e-bangla Medical College Hospital,N/A,https://doctor.bd/doctor/dr-zahid-uddin-shovon-dermatology-barishal
Dr. (Major) Md. Moshiur Rahman,followers,"Skin, Allergy & Sexual Disease Specialist","MBBS, DDV, FCPS",Consultant,Combined Military Hospital Sylhet,N/A,https://doctor.bd/doctor/dr-major-md-moshiur-rahman-dermatology-sylhet
Dr. A B M Sarwar-E-Alam,followers,Medicine Specialist,"MBBS, FCPS",Asgar Ali Hospital,Asgar Ali Hospital,N/A,https://doctor.bd/doctor/dr-a-b-m-sarwar-e-alam-medicine-dhaka
Dr. A H M Abdul Hai,followers,Pediatric Surgery Specialist,"MBBS, BCS, MS",Assistant Professor,Dhaka Medical College Hospital,N/A,https://doctor.bd/doctor/dr-a-h-m-abdul-hai-pediatric-surgery-dhaka
Dr. A H M Khairul Bashar,followers,Child Health & Pediatric Specialist,"MBBS, DCH, MD",Assistant Professor,Sylhet MAG Osmani Medical College Hospital,N/A,https://doctor.bd/doctor/dr-a-h-m-khairul-bashar-pediatrics-sylhet
Dr. A K Choudhary Apurba,followers,Cardiac & Heart Surgery Specialist,"MBBS, BCS, MS",Consultant,Sher-e-bangla Medical College Hospital,N/A,https://doctor.bd/doctor/dr-a-k-choudhary-apurba-cardiac-surgery-barishal
Dr. A K M Akramul Bari,followers,Urology & Andrology Specialist,"MBBS, BCS, MS",Consultant,National Institute of Kidney Disease and Urology (NIKDU),N/A,https://doctor.bd/doctor/dr-a-k-m-akramul-bari-urology-dhaka
Dr. A K M Kamruzzaman,followers,Child Health & Pediatric Specialist,"MBBS, PGPN, FCPS",Assistant Professor,Sylhet MAG Osmani Medical College Hospital,N/A,https://doctor.bd/doctor/dr-a-k-m-kamruzzaman-pediatrics-sylhet
Dr. A K M Obaydul Haque Sabbir,followers,"Orthopedics, Trauma & Joint Surgery Specialist","MBBS, BCS, D-ORTHO, MS",Consultant,National Institute of Cancer Research and Hospital (NICR&H),N/A,https://doctor.bd/doctor/dr-a-k-m-obaydul-haque-sabbir-orthopedics-dhaka
Dr. A K M Rezaul Haque,followers,"Skin, Allergy & Sexual Disease Specialist","MBBS, BCS, MD",Associate Professor,Bangladesh Medical University,25+ Years,https://doctor.bd/doctor/dr-a-k-m-rezaul-haque-dermatology-dhaka
Dr. A Latif,followers,Kidney & Nephrology Specialist,"MBBS, MD, CCD",Doctor,BIRDEM General Hospital,25+ Years,https://doctor.bd/doctor/dr-a-latif-nephrology-dhaka
Dr. A Q M Mobin,followers,"Gastroenterology, Liver & Digestive Disease Specialist","MBBS, FCPS, MD, MACP",Consultant,Bangladesh Medical University,N/A,https://doctor.bd/doctor/dr-a-q-m-mobin-gastroenterology-dhaka
Dr. A R Chowdhury,followers,"Skin, Allergy & Sexual Disease Specialist","MBBS, DDV, MAMS",Associate Professor,Bangladesh University of Health Sciences,N/A,https://doctor.bd/doctor/dr-a-r-chowdhury-dermatology-dhaka
Dr. A S M Lutfur Rahman,followers,"ENT, Head & Neck Disease Specialist","MBBS, DLO, MCPS, MRCPS",Associate Professor,United Medical College Hospital,N/A,https://doctor.bd/doctor/dr-a-s-m-lutfur-rahman-ent-dhaka
Dr. A S M Shamim Al Azad,followers,"Cardiology, Hypertension & Heart Disease Specialist","MBBS, D-CARD, PhD, FCPS",Consultant,Patuakhali Medical College Hospital,N/A,https://doctor.bd/doctor/dr-a-s-m-shamim-al-azad-cardiology-patuakhali
Dr. A. B. Shamsudduha,followers,Eye & Vitreo Retina Surgery Specialist,"MBBS, DO, FCPS, MS",Assistant Professor,BIRDEM General Hospital,N/A,https://doctor.bd/doctor/dr-a-b-shamsudduha-ophthalmology-dhaka
Dr. A. Bivab Bikash Baral,followers,Physical Medicine & Rehabilitation Specialist,"MBBS, BCS, FCPS",Assistant Professor,Dhaka Medical College Hospital,N/A,https://doctor.bd/doctor/dr-a-bivab-bikash-baral-physical-medicine-rehabilitation-dhaka
Dr. A. F. Khabir Uddin Ahmed,followers,"Cardiology, Hypertension & Heart Disease Specialist","MBBS, MD",Associate Professor,National Institute of Cardiovascular Disease (NICVD),N/A,https://doctor.bd/doctor/dr-a-f-khabir-uddin-ahmed-cardiology-dhaka
Dr. A. F. M. Saidur Rahman,followers,Medicine & Cardiology Specialist,"MBBS, FCPS, D-CARD, DTCD",Assistant Professor,Bangladesh Medical College Hospital,N/A,https://doctor.bd/doctor/dr-a-f-m-saidur-rahman-cardiology-dhaka
Dr. A. H. M. Shadequl Islam,followers,"Diabetes, Hormone & Thyroid Specialist","MBBS, BCS, MD",Consultant,Shaheed Shaikh Abu-Naser Specialized Hospital,N/A,https://doctor.bd/doctor/dr-a-h-m-shadequl-islam-endocrinology-khulna
Dr. A. Hasnat Shaheen,followers,"Diabetes, Hormone & Thyroid Specialist","MBBS, DEM, MPH, MACE",Associate Professor,Dhaka Medical College Hospital,N/A,https://doctor.bd/doctor/dr-a-hasnat-shaheen-endocrinology-dhaka
Dr. A. J. Nasrin,followers,"Obstetrics, Gynaecology & Surgery Specialist","MBBS, FCPS",Gynecologist,Gonoshasthaya Samaj Vittik Medical College Hospital,N/A,https://doctor.bd/doctor/dr-a-j-nasrin-gynaecology-obstetrics-dhaka
Dr. A. K. Azad,followers,Physical Medicine & Rehabilitation Specialist,"MBBS, FCPS",Physical Medicine Specialist,Bangladesh Medical University,N/A,https://doctor.bd/doctor/dr-a-k-azad-physical-medicine-rehabilitation-dhaka
Dr. A. M. K. Saifullah,followers,Medicine & Respiratory Disease Specialist,"MBBS, BCS, FCPS",Medical Officer,National Institute of Diseases of the Chest & Hospital (NIDCH),N/A,https://doctor.bd/doctor/dr-a-m-k-saifullah-medicine-narayanganj
Dr. A. M. Shafayet Hossain Patwari,followers,"Neurology, Brain & Nerve Disease Specialist","MBBS, BCS, MD",Consultant,Chattogram Medical College Hospital,N/A,https://doctor.bd/doctor/dr-a-m-shafayet-hossain-patwari-neurology-chattogram
Dr. A. M. Shahed,followers,Medicine Specialist,"MBBS, BCS, FCPS",Assistant Professor,Chattogram Medical College Hospital,N/A,https://doctor.bd/doctor/dr-a-m-shahed-medicine-chattogram
Dr. A. R. Khan,followers,Oral & Dental Surgery Specialist,"BDS, PGT",Surgeon,Rajshahi Medical College Hospital,N/A,https://doctor.bd/doctor/dr-a-r-khan-dentistry-rajshahi
Dr. A. S. M. Mainul Hasan,followers,Physical Medicine & Rehabilitation Specialist,"MBBS, BCS, MD",Consultant,Sylhet MAG Osmani Medical College Hospital,N/A,https://doctor.bd/doctor/dr-a-s-m-mainul-hasan-physical-medicine-rehabilitation-sylhet
Dr. A. S. M. Morshed,followers,Psychiatry & Mental Health Specialist,"MBBS, CCD, MD",Psychiatrist,Dr. Sirajul Islam Medical College & Hospital,N/A,https://doctor.bd/doctor/dr-a-s-m-morshed-psychiatry-dhaka
Dr. A. S. M. Sufian,followers,Ultrasound & Imaging Specialist,"MBBS, DMUD, PGT",Consultant,"Labaid (Diagnostic), Cumilla",N/A,https://doctor.bd/doctor/dr-a-s-m-sufian-radiology-imaging-cumilla
Dr. A. T. M. Shahid,followers,Child Health & Pediatric Specialist,"MBBS, FCPS",Assistant Professor,"Mugda Medical College Hospital, Dhaka",N/A,https://doctor.bd/doctor/dr-a-t-m-shahid-pediatrics-dhaka
Dr. A. T. Reza Ahmad,followers,Child Health & Pediatric Specialist,"MBBS, DCH, MD, PGPN",Consultant,North East Medical College Hospital,N/A,https://doctor.bd/doctor/dr-a-t-reza-ahmad-pediatrics-sylhet
Dr. A. Zubayer Khan,followers,Blood Disease & Hematology Specialist,"MBBS, FCPS",Assistant Professor,National Institute of Laboratory Medicine and Referral Center,N/A,https://doctor.bd/doctor/dr-a-zubayer-khan-hematology-dhaka
Dr. A.A.M. Shazzadur Rahman,followers,Medicine Specialist,"MBBS, MSc",Associate Professor,North East Medical College Hospital,N/A,https://doctor.bd/doctor/dr-aam-shazzadur-rahman-medicine-sylhet
Dr. A.B. Shahriar Ahmed,followers,Urology & Andrology Specialist,"MBBS, MRCS, FCPS, MS",Assistant Professor,Enam Medical College & Hospital,N/A,https://doctor.bd/doctor/dr-ab-shahriar-ahmed-urology-dhaka
Dr. A.B. Siddique,followers,Urology & Andrology Specialist,"MBBS, MRCS, FCPS, MS",Assistant Professor,National Institute of Kidney Disease and Urology (NIKDU),N/A,https://doctor.bd/doctor/dr-ab-siddique-urology-dhaka
Dr. A.B.M Hasib Kamal Opu,followers,Oral & Dental Surgery Specialist,BDS,Medical Officer,Dhaka Dental College Hospital,4+ Years,https://doctor.bd/doctor/dr-abm-hasib-kamal-opu-dentistry-dhaka
Dr. A.B.M Morshed Goni,followers,"Orthopedics, Trauma & Joint Surgery Specialist","MBBS, MS",Assistant Professor,Rangpur Medical College Hospital,4+ Years,https://doctor.bd/doctor/dr-abm-morshed-goni-orthopedics-rangpur
Dr. A.B.M. Imam Hossain Jewel,followers,Medicine & Cardiology Specialist,"MBBS, BCS, MD, FCPS, CCD",Consultant,Sher-e-bangla Medical College Hospital,N/A,https://doctor.bd/doctor/dr-abm-imam-hossain-jewel-cardiology-barishal
Dr. A.B.M. Jamil,followers,"Cardiology, Hypertension & Heart Disease Specialist","MBBS, BCS, MD",Assistant Professor,"Shaheed Ziaur Rahman Medical College Hospital, Bogura",N/A,https://doctor.bd/doctor/dr-abm-jamil-cardiology-bogura
Dr. A.B.M. Kamrul Hasan,followers,"Diabetes, Hormone & Thyroid Specialist","MBBS, BCS, MD, MACE",Professor & Head,Mymensingh Medical College Hospital,N/A,https://doctor.bd/doctor/dr-abm-kamrul-hasan-endocrinology-mymensingh
Dr. A.B.M. Kefayet Ullah Bhuiyan,followers,Ultrasound & Imaging Specialist,"MBBS, MD",Sonologist & Radiologist,Chevron Clinical Laboratory,N/A,https://doctor.bd/doctor/dr-abm-kefayet-ullah-bhuiyan-radiology-imaging-chattogram
Dr. A.B.M. Khairul Hasan,followers,"Neurology, Brain & Nerve Disease Specialist","MBBS, MD",Professor & Head,TMSS Medical College & Hospital,N/A,https://doctor.bd/doctor/dr-abm-khairul-hasan-neurology-bogura
Dr. A.B.M. Rashedul Amir,followers,"Orthopedics, Trauma & Joint Surgery Specialist","MBBS, BCS, D-ORTHO",Associate Professor,Rangpur Medical College Hospital,N/A,https://doctor.bd/doctor/dr-abm-rashedul-amir-orthopedics-rangpur
Dr. A.B.M. Riaz Kawsar,followers,"Cardiology, Hypertension & Heart Disease Specialist","MBBS, BCS, MD",Assistant Professor,National Institute of Cardiovascular Disease (NICVD),N/A,https://doctor.bd/doctor/dr-abm-riaz-kawsar-cardiology-dhaka
Dr. A.F.M Mahbub Alam,followers,Rheumatology & Arthritis Specialist,"MBBS, BCS, MD",Assistant Professor,"Mugda Medical College Hospital, Dhaka",N/A,https://doctor.bd/doctor/dr-afm-mahbub-alam-rheumatology-narayanganj
Dr. A.F.M. Al Masum Khan,followers,"Neurology, Brain & Nerve Disease Specialist","MBBS, BCS, MD",Assistant Professor,National Institute of Neurosciences & Hospital,N/A,https://doctor.bd/doctor/dr-afm-al-masum-khan-neurology-pabna
Dr. A.F.M. Ariful Islam Nobin,followers,"Plastic, Burn & Reconstructive Surgery Specialist","MBBS, FCPS",Assistant Professor,Dhaka Medical College Hospital,N/A,https://doctor.bd/doctor/dr-afm-ariful-islam-nobin-plastic-surgery-dhaka
Dr. A.F.M. Kamal Uddin,followers,Oncologist & Cancer Specialist,"MBBS, DTCD, MD, ICRETT",Consultant,"United Hospital, Dhaka",N/A,https://doctor.bd/doctor/dr-afm-kamal-uddin-oncology-dhaka
Dr. A.F.M. Mizanur Rahaman,followers,"Skin, Allergy & Sexual Disease Specialist","MBBS, DDV, MACP",Assistant Professor,"BGC Trust Medical College, Chattogram",N/A,https://doctor.bd/doctor/dr-afm-mizanur-rahaman-dermatology-chattogram
Dr. A.H.M Afzalul Haque (Rana),followers,Urology & Andrology Specialist,"MBBS, BCS, MS",Assistant Professor,Pabna Medical College Hospital,N/A,https://doctor.bd/doctor/dr-ahm-afzalul-haque-rana-urology-pabna
Dr. A.H.M Ibrahim,followers,"Orthopedics, Trauma & Joint Surgery Specialist","MBBS, BCS, MS, CCD, FCPS",Consultant,National Institute of Traumatology and Orthopaedic Rehabilitation (NITOR),N/A,https://doctor.bd/doctor/dr-ahm-ibrahim-orthopedics-dhaka
Dr. A.H.M. Azgar Ali Chowdhury,followers,"Orthopedics, Trauma & Joint Surgery Specialist","MBBS, BCS, MS",Consultant,Chattogram 250 bed General Hospital,N/A,https://doctor.bd/doctor/dr-ahm-azgar-ali-chowdhury-orthopedics-chattogram
Dr. A.H.M. Rafiqul Bari,followers,Urology & Andrology Specialist,"MBBS, FCPS, MS",Assistant Professor,Sher-e-bangla Medical College Hospital,N/A,https://doctor.bd/doctor/dr-ahm-rafiqul-bari-urology-barishal
Dr. A.H.M. Sajjad Hossain Khan,followers,Eye Disease & Surgery Specialist,"MBBS, DCO, FICS",Consultant,Chattogram Eye Infirmary and Training Complex,N/A,https://doctor.bd/doctor/dr-ahm-sajjad-hossain-khan-ophthalmology-chattogram
Dr. A.H.M. Sanjedul Haque Sumon,followers,Kidney & Nephrology Specialist,"MBBS, BCS, MD",Consultant,"Shaheed Ziaur Rahman Medical College Hospital, Bogura",N/A,https://doctor.bd/doctor/dr-ahm-sanjedul-haque-sumon-nephrology-bogura
Dr. A.H.M. Tanvir Ahmed (Liton),followers,"Liver, Gallbladder & Pancreatic Surgery Specialist","MBBS, FCPS",Assistant Professor,BIRDEM General Hospital,N/A,https://doctor.bd/doctor/dr-ahm-tanvir-ahmed-liton-hepatobiliary-surgery-dhaka
Dr. A.H.M. Waliur Rahman Sumon,followers,Medicine Specialist,"MBBS, BCS, FCPS",Assistant Professor,Sir Salimullah Medical College Mitford Hospital,N/A,https://doctor.bd/doctor/dr-ahm-waliur-rahman-sumon-medicine-narayanganj
Dr. A.K Azad,followers,"Orthopedics, Trauma & Joint Surgery Specialist","MBBS, D-ORTHO",Consultant,Cumilla Medical College Hospital,N/A,https://doctor.bd/doctor/dr-ak-azad-orthopedics-cumilla
Dr. A.K. Boshak,followers,"Cardiology, Hypertension & Heart Disease Specialist","MBBS, MD",Associate Professor,Chattogram Medical College Hospital,N/A,https://doctor.bd/doctor/dr-ak-boshak-cardiology-chattogram
Dr. A.K.M Akramul Haque,followers,"Chest, Lung & Thoracic Surgery Specialist","MBBS, MS",Associate Professor,National Institute of Diseases of the Chest & Hospital (NIDCH),N/A,https://doctor.bd/doctor/dr-akm-akramul-haque-thoracic-surgery-dhaka
Dr. A.K.M Khairul Basher,followers,Pediatric Surgery Specialist,"MBBS, BCS, MS",Assistant Professor,Dhaka Medical College Hospital,N/A,https://doctor.bd/doctor/dr-akm-khairul-basher-pediatric-surgery-dhaka
Dr. A.K.M Nurul Amin,followers,Oncologist & Cancer Specialist,"MBBS, MPhil, FCGP, FIGP, PhD, MWMA, PGCC",Former Senior House Physician,Bangladesh Medical University,N/A,https://doctor.bd/doctor/dr-akm-nurul-amin-oncology-rajshahi
Dr. A.K.M Shafiul Alam Ferdous,followers,General & Laparoscopic Surgery Specialist,"MBBS, MCPS, MS",Senior Consultant,Narayanganj 300 Bed Hospital,N/A,https://doctor.bd/doctor/dr-akm-shafiul-alam-ferdous-general-surgery-narayanganj
Dr. A.K.M Shafiul Azam,followers,Psychiatry & Mental Health Specialist,"MBBS, BCS, MD",Consultant,Pabna Mental Hospital,N/A,https://doctor.bd/doctor/dr-akm-shafiul-azam-psychiatry-pabna
Dr. A.K.M Shaheen Ahmed,followers,Medicine & Diabetes Specialist,"MBBS, MCPS, FCPS",Medicine Specialist,BIRDEM General Hospital,N/A,https://doctor.bd/doctor/dr-akm-shaheen-ahmed-medicine-dhaka
Dr. A.K.M Shamim Azad Rokon,followers,Medicine & Diabetes Specialist,"MBBS, BCS, MD, CCD, FCPS",Consultant,Rangpur Medical College Hospital,N/A,https://doctor.bd/doctor/dr-akm-shamim-azad-rokon-medicine-rangpur
Dr. A.K.M Shamsul Haque,followers,General & Laparoscopic Surgery Specialist,"MBBS, BCS, FCPS",Associate Professor,Pabna Medical College Hospital,N/A,https://doctor.bd/doctor/dr-akm-shamsul-haque-general-surgery-pabna
Dr. A.K.M. Asad Palash,followers,Oral & Dental Surgery Specialist,"BDS, BCS, FDIT, MPH",Associate Professor,"Dental College, Rajshahi",N/A,https://doctor.bd/doctor/dr-akm-asad-palash-dentistry-rajshahi
Dr. A.K.M. Asaduzzaman,followers,Anesthesia & Pain Management Specialist,"MBBS, DA, FIPM",Consultant,Bangladesh Medical University,N/A,https://doctor.bd/doctor/dr-akm-asaduzzaman-anesthesiology-dhaka
Dr. A.K.M. Fahmid Noman,followers,Chest & Respiratory Disease Specialist,"MBBS, FCPS, MD",Consultant,Dhaka Medical College Hospital,N/A,https://doctor.bd/doctor/dr-akm-fahmid-noman-respiratory-medicine-dhaka
Dr. A.K.M. Fazle Rabbi Khan,followers,General & Laparoscopic Surgery Specialist,"MBBS, BCS, FCPS",Consultant,Dhaka Medical College Hospital,N/A,https://doctor.bd/doctor/dr-akm-fazle-rabbi-khan-general-surgery-dhaka
Dr. A.K.M. Fazlul Haque Siddiqui,followers,Homeopathic Medicine Specialist,"DHMS, DUMS, BAMS, PDT",Consultant,"Dr. Siddiqi Piles Care Center, Chattogram",N/A,https://doctor.bd/doctor/dr-akm-fazlul-haque-siddiqui-homeopathy-chattogram
Dr. A.K.M. Harun-Or-Rashid,followers,"Orthopedics, Trauma & Joint Surgery Specialist","MBBS, BCS, MS",Assistant Professor,Chattogram Medical College Hospital,N/A,https://doctor.bd/doctor/dr-akm-harun-or-rashid-orthopedics-chattogram
Dr. A.K.M. Jafor Ullah,followers,Child Health & Pediatric Specialist,"MBBS, BCS, MD",Child Specialist,Chattogram General Hospital,N/A,https://doctor.bd/doctor/dr-akm-jafor-ullah-pediatrics-chattogram
Dr. A.K.M. Khalequzzaman (Dipu),followers,"Orthopedics, Trauma & Joint Surgery Specialist","MBBS, MS",Assistant Professor,Universal Medical College & Hospital,N/A,https://doctor.bd/doctor/dr-akm-khalequzzaman-dipu-orthopedics-dhaka
Dr. A.K.M. Monzur Morshed,followers,"Cardiology, Hypertension & Heart Disease Specialist","MBBS, FCPS, DME",Professor,Chattogram Medical College Hospital,N/A,https://doctor.bd/doctor/dr-akm-monzur-morshed-cardiology-chattogram
Dr. A.K.M. Mosiat Ullah,followers,Medicine Specialist,"MBBS, BCS, FCPS",Chattogram Medical College Hospital,Chattogram Medical College Hospital,N/A,https://doctor.bd/doctor/dr-akm-mosiat-ullah-medicine-chattogram
Dr. A.K.M. Munirul Haque,followers,"ENT, Head & Neck Disease Specialist","MBBS, DLO",Senior Consultant,"Kurmitola General Hospital, Dhaka",N/A,https://doctor.bd/doctor/dr-akm-munirul-haque-ent-dhaka
Dr. A.K.M. Mustafizur Rahman Mintu,followers,"Orthopedics, Trauma & Joint Surgery Specialist","MBBS, BCS, D-ORTHO, FCPS",Resident Surgeon,Mymensingh Medical College Hospital,N/A,https://doctor.bd/doctor/dr-akm-mustafizur-rahman-mintu-orthopedics-mymensingh
Dr. A.K.M. Nazmul Haque,followers,"Orthopedics, Trauma & Joint Surgery Specialist","MBBS, BCS, MS",Registrar,Mymensingh Medical College Hospital,N/A,https://doctor.bd/doctor/dr-akm-nazmul-haque-orthopedics-mymensingh
Dr. A.K.M. Rezwanul Islam,followers,"Cardiology, Hypertension & Heart Disease Specialist","MBBS, BCS, MD",Junior Consultant,"Shaheed Ziaur Rahman Medical College Hospital, Bogura",N/A,https://doctor.bd/doctor/dr-akm-rezwanul-islam-cardiology-bogura
Dr. A.K.M. Shafiqul Islam Qayum,followers,"Gastroenterology, Liver & Digestive Disease Specialist","MBBS, BCS, MCPS, FCPS, MD, MACP",Associate Professor,Shaheed Suhrawardy Medical College Hospital,N/A,https://doctor.bd/doctor/dr-akm-shafiqul-islam-qayum-gastroenterology-dhaka
Dr. A.K.M. Shaharul Islam,followers,"Orthopedics, Trauma & Joint Surgery Specialist","MBBS, D-ORTHO",Assistant Professor,TMSS Medical College & Hospital,N/A,https://doctor.bd/doctor/dr-akm-shaharul-islam-orthopedics-bogura
Dr. A.K.M. Shamsul Alam,followers,Anesthesia & Pain Management Specialist,"MBBS, FCPS",Professor & Head,Chattogram Medical College Hospital,N/A,https://doctor.bd/doctor/dr-akm-shamsul-alam-anesthesiology-chattogram
Dr. A.M. Abdullah Al Yeusuf,followers,Liver & Hepatology Specialist,"MBBS, MD",Assistant Professor,Dhaka Central International Medical College & Hospital,N/A,https://doctor.bd/doctor/dr-am-abdullah-al-yeusuf-hepatology-dhaka
Dr. A.M. Forid Uddin Ahmed,followers,"Orthopedics, Trauma & Joint Surgery Specialist","MBBS, FCPS, MS",Assistant Professor,National Institute of Traumatology and Orthopaedic Rehabilitation (NITOR),N/A,https://doctor.bd/doctor/dr-am-forid-uddin-ahmed-orthopedics-dhaka
Dr. A.M. Rejaus Satter,followers,"Brain, Nerve & Spine Surgery Specialist","MBBS, FCPS, MS",Consultant,"Square Hospital, Dhaka",N/A,https://doctor.bd/doctor/dr-am-rejaus-satter-neurosurgery-dhaka
Dr. A.M. Ziaul Haque Masum,followers,Cardiac & Heart Surgery Specialist,"MBBS, MS",Assistant Professor,National Institute of Cardiovascular Disease (NICVD),N/A,https://doctor.bd/doctor/dr-am-ziaul-haque-masum-cardiac-surgery-dhaka
Dr. A.M.M. Ashraful Islam,followers,Physical Medicine & Rehabilitation Specialist,"MBBS, FCPS",Assistant Professor,Marine City Medical College & Hospital,N/A,https://doctor.bd/doctor/dr-amm-ashraful-islam-physical-medicine-rehabilitation-chattogram
Dr. A.M.S Shahin,followers,Pediatric Surgery Specialist,"MBBS, MS",Consultant,Bangladesh Medical University,N/A,https://doctor.bd/doctor/dr-ams-shahin-pediatric-surgery-dhaka
Dr. A.N.M Ehsanul Karim,followers,Kidney & Nephrology Specialist,"MBBS, FCPS, MD",Professor & Head,"Shaheed Ziaur Rahman Medical College Hospital, Bogura",N/A,https://doctor.bd/doctor/dr-anm-ehsanul-karim-nephrology-bogura
Dr. A.N.M Humayun Kabir,followers,"Orthopedics, Trauma & Joint Surgery Specialist","MBBS, D-ORTHO",Senior Consultant,Chattogram Maa-O-Shishu Hospital Medical College,N/A,https://doctor.bd/doctor/dr-anm-humayun-kabir-orthopedics-chattogram
Dr. A.N.M Jane Alam,followers,"Colorectal, Piles & Rectal Surgery Specialist","MBBS, BCS, FCPS, AMASI",Consultant,Cumilla Medical College Hospital,N/A,https://doctor.bd/doctor/dr-anm-jane-alam-colorectal-surgery-cumilla
Dr. A.N.M. Abdul Hai,followers,Kidney & Nephrology Specialist,"MBBS, BCS, MD",Assistant Professor,National Institute of Kidney Disease and Urology (NIKDU),N/A,https://doctor.bd/doctor/dr-anm-abdul-hai-nephrology-dhaka
Dr. A.N.M. Mainul Islam,followers,Oncologist & Cancer Specialist,"MBBS, BCS, MPhil",Professor & Head,Sher-e-bangla Medical College Hospital,N/A,https://doctor.bd/doctor/dr-anm-mainul-islam-oncology-barishal
Dr. A.N.M. Mazharul Islam,followers,Medicine Specialist,"MBBS, BCS, FCPS",Consultant,Dhaka Medical College Hospital,N/A,https://doctor.bd/doctor/dr-anm-mazharul-islam-medicine-dhaka
Dr. A.N.M. Nurul Haque Bhuiyan,followers,Child Health & Pediatric Specialist,"MBBS, MPH, MD",Assistant Professor,Shahid Syed Nazrul Islam Medical College Hospital,N/A,https://doctor.bd/doctor/dr-anm-nurul-haque-bhuiyan-pediatrics-narayanganj
Dr. A.N.M. Tanvir Chowdhury,followers,Child Health & Pediatric Specialist,"MBBS, MD, DG",Consultant,Rangpur Medical College Hospital,N/A,https://doctor.bd/doctor/dr-anm-tanvir-chowdhury-pediatrics-rangpur
Dr. A.N.M. Yousuf,followers,Eye Disease & Surgery Specialist,"MBBS, BCS, FCPS, MS",Consultant,Sylhet Shahid Shamsuddin Ahmed District Hospital,N/A,https://doctor.bd/doctor/dr-anm-yousuf-ophthalmology-sylhet
Dr. A.Q.M Mahmudul Haque Mamun,followers,"ENT, Head & Neck Disease Specialist","MBBS, BCS, DLO",Assistant Professor,"Shaheed Ziaur Rahman Medical College Hospital, Bogura",N/A,https://doctor.bd/doctor/dr-aqm-mahmudul-haque-mamun-ent-bogura
Dr. A.S.M Jahed,followers,Medicine & Cardiology Specialist,"MBBS, FCPS",Associate Professor,Chattogram Medical College Hospital,N/A,https://doctor.bd/doctor/dr-asm-jahed-cardiology-chattogram
Dr. A.S.M Rowshon Newaz,followers,"Skin, Allergy & Sexual Disease Specialist","MBBS, BCS, MPhil, PGT",Professor & Head,Shaheed M Monsur Ali Medical College Hospital,N/A,https://doctor.bd/doctor/dr-asm-rowshon-newaz-dermatology-sirajganj
Dr. A.S.M Sadequl Islam,followers,Liver & Hepatology Specialist,"MBBS, BCS, MD, CCD, CMED",Professor & Head,"Shaheed Ziaur Rahman Medical College Hospital, Bogura",N/A,https://doctor.bd/doctor/dr-asm-sadequl-islam-hepatology-bogura
Dr. A.S.M Selim,followers,Child Health & Pediatric Specialist,"MBBS, DCH, MPH",Associate Professor,TMSS Medical College & Rafatullah Community Hospital,N/A,https://doctor.bd/doctor/dr-asm-selim-pediatrics-bogura
Dr. A.S.M Shafiuzzaman,followers,Medicine Specialist,"MBBS, MD",Consultant,Rangpur Medical College Hospital,N/A,https://doctor.bd/doctor/dr-asm-shafiuzzaman-medicine-rangpur
Dr. A.S.M. Ekbal Hossain (Saeid),followers,"ENT, Head & Neck Disease Specialist","MBBS, BCS, DLO",Assistant Registrar,Rajshahi Medical College Hospital,N/A,https://doctor.bd/doctor/dr-asm-ekbal-hossain-saeid-ent-rajshahi
Dr. A.S.M. Feroz Mustafa Manna,followers,Urology & Andrology Specialist,"MBBS, BCS, FCPS, MS",Assistant Professor,Dhaka Medical College Hospital,N/A,https://doctor.bd/doctor/dr-asm-feroz-mustafa-manna-urology-dhaka
Dr. A.S.M. Hasan Ali Masum,followers,"Neurology, Brain & Nerve Disease Specialist","MBBS, MD, CCD",Registrar,Anwer Khan Modern Medical College Hospital,N/A,https://doctor.bd/doctor/dr-asm-hasan-ali-masum-neurology-dhaka
Dr. A.S.M. Humayun Kabir Apu,followers,Urology & Andrology Specialist,"MBBS, BCS, MS",Associate Professor,Shaheed Shaikh Abu-Naser Specialized Hospital,N/A,https://doctor.bd/doctor/dr-asm-humayun-kabir-apu-urology-khulna
Dr. A.S.M. Julfekar Helal,followers,Kidney & Nephrology Specialist,"MBBS, MD, CCD, FCPS",Associate Professor,TMSS Medical College & Hospital,N/A,https://doctor.bd/doctor/dr-asm-julfekar-helal-nephrology-bogura
Dr. A.S.M. Kutub Uddin Awal,followers,Urology & Andrology Specialist,"MBBS, BCS, MCPS, FCPS, MS",Assistant Professor,Pabna Medical College Hospital,N/A,https://doctor.bd/doctor/dr-asm-kutub-uddin-awal-urology-pabna
Dr. A.S.M. Moniruzzaman,followers,Child Health & Pediatric Specialist,"MBBS, MD",Associate Professor,Rangpur Medical College Hospital,N/A,https://doctor.bd/doctor/dr-asm-moniruzzaman-pediatrics-rangpur
Dr. A.S.M. Rashedul Hasan,followers,Medicine & Diabetes Specialist,"MBBS, BCS, MACP, CCD, FCPS",Consultant,"Epic Health Care, Chattogram",N/A,https://doctor.bd/doctor/dr-asm-rashedul-hasan-medicine-chattogram
Dr. A.S.M. Sahabur Alam Sumon,followers,Medicine Specialist,"MBBS, BCS, FCPS",Consultant,"Shaheed Ziaur Rahman Medical College Hospital, Bogura",N/A,https://doctor.bd/doctor/dr-asm-sahabur-alam-sumon-medicine-bogura
Dr. A.S.M. Saif Uddin Nahid,followers,"Orthopedics, Trauma & Joint Surgery Specialist","MBBS, D-ORTHO",Surgeon,Southern Medical College & Hospital,N/A,https://doctor.bd/doctor/dr-asm-saif-uddin-nahid-orthopedics-chattogram
Dr. A.S.M. Sayem,followers,"ENT, Head & Neck Disease Specialist","MBBS, BCS, FCPS",Assistant Professor,"Shaheed Ziaur Rahman Medical College Hospital, Bogura",N/A,https://doctor.bd/doctor/dr-asm-sayem-ent-bogura
Dr. A.S.M. Sayem,followers,"Cardiology, Hypertension & Heart Disease Specialist","MBBS, BCS, D-CARD, MACP",Consultant,Rajshahi Medical College Hospital,N/A,https://doctor.bd/doctor/dr-asm-sayem-cardiology-rajshahi
Dr. A.S.M. Shafiul Azam Tuhin,followers,Urology & Andrology Specialist,"MBBS, MS",Consultant,Bangladesh Medical University,N/A,https://doctor.bd/doctor/dr-asm-shafiul-azam-tuhin-urology-dhaka
Dr. A.S.M. Tanim Anwar,followers,Kidney & Nephrology Specialist,"MBBS, MD, MPH, CCD",Assistant Professor,Dhaka Medical College Hospital,N/A,https://doctor.bd/doctor/dr-asm-tanim-anwar-nephrology-dhaka
Dr. A.S.M.M Quadir,followers,Eye Disease & Surgery Specialist,"MBBS, MS",Consultant,Dhaka Eye Care Hospital,N/A,https://doctor.bd/doctor/dr-asmm-quadir-ophthalmology-dhaka
Dr. A.T.M. Asaduzzaman,followers,General & Laparoscopic Surgery Specialist,"MBBS, FCPS",Assistant Professor,Dhaka Medical College Hospital,N/A,https://doctor.bd/doctor/dr-atm-asaduzzaman-general-surgery-dhaka
Dr. A.T.M. Asaduzzaman,followers,"Skin, Allergy & Sexual Disease Specialist","MBBS, MD",Associate Professor,Bangladesh Medical University,N/A,https://doctor.bd/doctor/dr-atm-asaduzzaman-dermatology-dhaka
Dr. A.T.M. Ashadullah,followers,"Brain, Nerve & Spine Surgery Specialist","MBBS, MS",Associate Professor,National Institute of Neurosciences & Hospital,N/A,https://doctor.bd/doctor/dr-atm-ashadullah-neurosurgery-dhaka
Dr. A.T.M. Hasibul Hasan (Parag),followers,"Neurology, Brain & Nerve Disease Specialist","MBBS, MCPS, MD",Assistant Professor,National Institute of Neurosciences & Hospital,N/A,https://doctor.bd/doctor/dr-atm-hasibul-hasan-parag-neurology-dhaka
Dr. A.T.M. Jafor Ahmed,followers,"Diabetes, Hormone & Thyroid Specialist","MBBS, CCD",Senior Diabetologist,"Sylhet Diabetic Hospital, Sylhet",N/A,https://doctor.bd/doctor/dr-atm-jafor-ahmed-endocrinology-sylhet
Dr. A.T.M. Kamrul Hasan,followers,Oncologist & Cancer Specialist,"MBBS, BCS, MD",Chief Medical Officer,National Institute of Cancer Research and Hospital (NICR&H),N/A,https://doctor.bd/doctor/dr-atm-kamrul-hasan-oncology-dhaka
Dr. A.T.M. Sazzad Hossain,followers,Oncologist & Cancer Specialist,"MBBS, MPhil",Registrar,Mymensingh Medical College Hospital,N/A,https://doctor.bd/doctor/dr-atm-sazzad-hossain-oncology-mymensingh
Dr. A.T.M. Tanveer Hasan,followers,Rheumatology & Arthritis Specialist,"MBBS, MD",Associate Professor,Green Life Medical College & Hospital,N/A,https://doctor.bd/doctor/dr-atm-tanveer-hasan-rheumatology-dhaka
Dr. A.Z.M. Khairul Anam,followers,Child Health & Pediatric Specialist,"MBBS, BCS, PGPN, FCPS",Consultant,"Shaheed Tajuddin Ahmad Medical College, Gazipur",N/A,https://doctor.bd/doctor/dr-azm-khairul-anam-pediatrics-gazipur
Dr. A.Z.M. Mahfuzur Rahman,followers,General Surgery Specialist,"MBBS, MS",Surgeon,Dhaka Medical College Hospital,N/A,https://doctor.bd/doctor/dr-azm-mahfuzur-rahman-general-surgery-dhaka
Dr. AAM Nafiz,followers,"ENT, Head & Neck Disease Specialist","MBBS, BCS, MS, FCPS",Consultant,Rajshahi Medical College Hospital,N/A,https://doctor.bd/doctor/dr-aam-nafiz-ent-rajshahi
Dr. Abanti Ghosh,followers,"Obstetrics, Gynaecology & Surgery Specialist","MBBS, BCS, FCPS",Consultant,Bangladesh Medical University,N/A,https://doctor.bd/doctor/dr-abanti-ghosh-gynaecology-obstetrics-dhaka
Dr. Abdul Ahad,followers,Urology & Andrology Specialist,"MBBS, MPH, MS",Consultant,"Bangladesh Railway Hospital, Chattogram",N/A,https://doctor.bd/doctor/dr-abdul-ahad-urology-dhaka
Dr. Abdul Halim Sardar,followers,"Neurology, Brain & Nerve Disease Specialist","MBBS, MD",Associate Professor,Khulna Medical College Hospital,N/A,https://doctor.bd/doctor/dr-abdul-halim-sardar-neurology-khulna
Dr. Abdul Hamid Sagar,followers,"Cardiology, Hypertension & Heart Disease Specialist","MBBS, FCPS, MD, MRCP",Consultant,Chattogram Medical College Hospital,N/A,https://doctor.bd/doctor/dr-abdul-hamid-sagar-cardiology-chattogram
Dr. Abdul Hamid Sheikh,followers,Child Health & Pediatric Specialist,"MBBS, DCH, D-MED, M-MED",Assistant Professor,Sher-e-bangla Medical College Hospital,N/A,https://doctor.bd/doctor/dr-abdul-hamid-sheikh-pediatrics-barishal
Dr. Abdul Kader,followers,"Orthopedics, Trauma & Joint Surgery Specialist","MBBS, MS",Senior Consultant,Shaheed Shaikh Abu-Naser Specialized Hospital,N/A,https://doctor.bd/doctor/dr-abdul-kader-orthopedics-khulna
Dr. Abdul Khaleque,followers,"Orthopedics, Trauma & Joint Surgery Specialist","MBBS, MS",Assistant Professor,National Institute of Traumatology and Orthopaedic Rehabilitation (NITOR),N/A,https://doctor.bd/doctor/dr-abdul-khaleque-orthopedics-dhaka
Dr. Abdul Latif Renu,followers,Kidney & Nephrology Specialist,"MBBS, MD",Consultant,Al Haramain Hospital Private,N/A,https://doctor.bd/doctor/dr-abdul-latif-renu-nephrology-sylhet
Dr. Abdul Malek,followers,Child Health & Pediatric Specialist,"MBBS, DCH, FCPS",Associate Professor,Green Life Medical College & Hospital,N/A,https://doctor.bd/doctor/dr-abdul-malek-pediatrics-dhaka
Dr. Abdul Mannan Sikder,followers,Eye Disease & Surgery Specialist,"MBBS, DCO, FPOS",Consultant,"Chevron Eye Hospital, Chattogram",N/A,https://doctor.bd/doctor/dr-abdul-mannan-sikder-ophthalmology-chattogram
Dr. Abdul Momen,followers,"Cardiology, Hypertension & Heart Disease Specialist","MBBS, FCPS, MD, FACC, FESC",Cardiologist,National Institute of Cardiovascular Disease (NICVD),N/A,https://doctor.bd/doctor/dr-abdul-momen-cardiology-dhaka
Dr. Abdulla Al Mamun,followers,"ENT, Head & Neck Disease Specialist","MBBS, MCPS, DLO, FCPS, FICS",Assistant Professor,Ad-din Akij Medical College Hospital,N/A,https://doctor.bd/doctor/dr-abdulla-al-mamun-ent-khulna
Dr. Abdullah Abu Sayeed,followers,Medicine & Diabetes Specialist,"MBBS, BCS, MD",Assistant Professor,Chattogram Medical College Hospital,N/A,https://doctor.bd/doctor/dr-abdullah-abu-sayeed-medicine-chattogram
Dr. Abdullah Ahmed Solaiman,followers,Cardiac & Heart Surgery Specialist,"MBBS, MD",Senior Consultant,Delta Hospital,N/A,https://doctor.bd/doctor/dr-abdullah-ahmed-solaiman-cardiac-surgery-dhaka
Dr. Abdullah Al Faisal,followers,"Skin, Allergy & Sexual Disease Specialist","MBBS, DDV",Assistant Professor,Kumuduni Women's Medical College (KWMC),N/A,https://doctor.bd/doctor/dr-abdullah-al-faisal-dermatology-dhaka
Dr. Abdullah Al Hossain,followers,Oral & Dental Surgery Specialist,"BDS, PGT",Chief Consultant,"OPC Dental Care, Uttara, Dhaka",N/A,https://doctor.bd/doctor/dr-abdullah-al-hossain-dentistry-dhaka
Dr. Abdullah Al Jamil,followers,"Cardiology, Hypertension & Heart Disease Specialist","MBBS, FCPS, MD, FCAPSC, EPS",Cardiologist,Asgar Ali Hospital,N/A,https://doctor.bd/doctor/dr-abdullah-al-jamil-cardiology-dhaka
Dr. Abdullah Al Mahmood,followers,"Cardiology, Hypertension & Heart Disease Specialist","MBBS, BCS, D-CARD, FCPS",Assistant Professor,Rangpur Medical College Hospital,N/A,https://doctor.bd/doctor/dr-abdullah-al-mahmood-cardiology-rangpur
Dr. Abdullah Al Mahmood,followers,Liver & Hepatology Specialist,"MBBS, MD",Associate Professor,Chattogram Medical College Hospital,N/A,https://doctor.bd/doctor/dr-abdullah-al-mahmood-hepatology-chattogram
Dr. Abdullah Al Mahmud,followers,"Orthopedics, Trauma & Joint Surgery Specialist","MBBS, D-ORTHO",Registrar,Ibn Sina Medical College Hospital,N/A,https://doctor.bd/doctor/dr-abdullah-al-mahmud-orthopedics-dhaka
Dr. Abdullah Al Mahmud (Hemel),followers,Pediatric Surgery Specialist,"MBBS, MS, BCS, CCD",Assistant Registrar,Shaheed Suhrawardy Medical College Hospital,N/A,https://doctor.bd/doctor/dr-abdullah-al-mahmud-hemel-pediatric-surgery-dhaka
Dr. Abdullah Al Mahmud Masud,followers,Homeopathic Medicine Specialist,"BHMS, BHS",Doctor,Government Homeopathic Medical College & Hospital,N/A,https://doctor.bd/doctor/dr-abdullah-al-mahmud-masud-homeopathy-dhaka
Dr. Abdullah Al Mahmud Ratan,followers,Pediatric Surgery Specialist,"MBBS, BCS, MS",Assistant Professor,Mymensingh Medical College Hospital,N/A,https://doctor.bd/doctor/dr-abdullah-al-mahmud-ratan-pediatric-surgery-mymensingh
Dr. Abdullah Al Mamun,followers,Medicine Specialist,"MBBS, BCS, FCPS",Consultant,Rajshahi Medical College Hospital,N/A,https://doctor.bd/doctor/dr-abdullah-al-mamun-medicine-pabna
Dr. Abdullah Al Mamun,followers,Pediatric Kidney Specialist,"MBBS, MD",Assistant Professor,Bangladesh Medical University,N/A,https://doctor.bd/doctor/dr-abdullah-al-mamun-pediatrics-dhaka
Dr. Abdullah Al Mamun,followers,Physical Medicine & Rehabilitation Specialist,"MBBS, BCS, FCPS",Professor & Head,Sylhet MAG Osmani Medical College Hospital,N/A,https://doctor.bd/doctor/dr-abdullah-al-mamun-physical-medicine-rehabilitation-sylhet
Dr. Abdullah Al Mamun,followers,General & Laparoscopic Surgery Specialist,"MBBS, BCS, FCPS",Consultant,Dhaka Medical College Hospital,N/A,https://doctor.bd/doctor/dr-abdullah-al-mamun-general-surgery-dhaka
Dr. Abdullah Al Mamun,followers,"Skin, Allergy & Sexual Disease Specialist","MBBS, BCS, DDV",Dermatologist,Khulna Medical College Hospital,N/A,https://doctor.bd/doctor/dr-abdullah-al-mamun-dermatology-khulna
Dr. Abdullah Al Mamun,followers,Pediatric Surgery Specialist,"MBBS, BCS, MS, MRCS",Department of Pediatric Surgery,Rajshahi Medical College Hospital,N/A,https://doctor.bd/doctor/dr-abdullah-al-mamun-pediatric-surgery-rajshahi
Dr. Abdullah Al Mamun Chowdhury,followers,General & Laparoscopic Surgery Specialist,"MBBS, BCS, FCPS",Consultant,Chandanaish Upazila Health Complex,N/A,https://doctor.bd/doctor/dr-abdullah-al-mamun-chowdhury-general-surgery-chattogram
Dr. Abdullah Al Mamun Khan,followers,Oncologist & Cancer Specialist,"MBBS, MD",Assistant Professor,Shaheed Suhrawardy Medical College Hospital,N/A,https://doctor.bd/doctor/dr-abdullah-al-mamun-khan-oncology-dhaka
Dr. Abdullah Al Manjurul,followers,"Orthopedics, Trauma & Joint Surgery Specialist","MBBS, BCS, D-ORTHO, FCPS",Consultant,Khulna Medical College Hospital,N/A,https://doctor.bd/doctor/dr-abdullah-al-manjurul-orthopedics-khulna
Dr. Abdullah Al Marjuq,followers,"ENT, Head & Neck Disease Specialist","MBBS, BCS, MS",Consultant,Dhaka Medical College Hospital,N/A,https://doctor.bd/doctor/dr-abdullah-al-marjuq-ent-dhaka
Dr. Abdullah Al Masud,followers,Oral & Dental Surgery Specialist,"BDS, FCPS",Assistant Professor,Dhaka Dental College Hospital,N/A,https://doctor.bd/doctor/dr-abdullah-al-masud-dentistry-dhaka
Dr. Abdullah Al Masud,followers,"Cardiology, Hypertension & Heart Disease Specialist","MBBS, MD",Associate Professor,Kushtia Medical College Hospital,N/A,https://doctor.bd/doctor/dr-abdullah-al-masud-cardiology-kushtia
Dr. Abdullah Al Morshed,followers,Rheumatology & Arthritis Specialist,"MBBS, BCS, MD",Consultant,Chattogram Medical College Hospital,N/A,https://doctor.bd/doctor/dr-abdullah-al-morshed-rheumatology-chattogram
Dr. Abdullah Al Muhin,followers,Ultrasound & Imaging Specialist,"MBBS, ADMU, MCGP",Consultant,"Health Garden Diagnostic Center, Kushtia",5+ Years,https://doctor.bd/doctor/dr-abdullah-al-muhin-radiology-imaging-kushtia
Dr. Abdullah Al Mukit,followers,Liver & Hepatology Specialist,"MBBS, BCS, MD, MACP, MRCPS, FACP",Assistant Professor,Rajshahi Medical College Hospital,5+ Years,https://doctor.bd/doctor/dr-abdullah-al-mukit-hepatology-rajshahi
Dr. Abdullah Al Muti Suborno,followers,"Orthopedics, Trauma & Joint Surgery Specialist","MBBS, BCS, MS",Assistant Professor,"Shaheed Ziaur Rahman Medical College Hospital, Bogura",N/A,https://doctor.bd/doctor/dr-abdullah-al-muti-suborno-orthopedics-bogura
Dr. Abdullah Al Noman,followers,Oral & Dental Surgery Specialist,"BDS, FICOI",Dentist,Chattogram Medical College Hospital,N/A,https://doctor.bd/doctor/dr-abdullah-al-noman-dentistry-chattogram
Dr. Abdullah Al Razi Rumman,followers,Oral & Dental Surgery Specialist,BDS,Lecturer,TMSS Medical College & Hospital,N/A,https://doctor.bd/doctor/dr-abdullah-al-razi-rumman-dentistry-bogura
Dr. Abdullah Mohammad Shibly,followers,Oral & Dental Surgery Specialist,"BDS, PGT",Consultant,Islami Bank Hospital Mirpur,N/A,https://doctor.bd/doctor/dr-abdullah-mohammad-shibly-dentistry-dhaka
Dr. Abdullah-Al-Faruq,followers,Oral & Dental Surgery Specialist,"BDS, FCPS, MCPS",Assistant Professor,Enam Medical College & Hospital,N/A,https://doctor.bd/doctor/dr-abdullah-al-faruq-dentistry-dhaka
Dr. Abdullah-Al-Maruf,followers,General & Laparoscopic Surgery Specialist,"MBBS, BCS, FCPS",Consultant,"CSCR Hospital & Diagnostic Centre, Chattogram",N/A,https://doctor.bd/doctor/dr-abdullah-al-maruf-general-surgery-chattogram
Dr. Abdullahel Wafee H.Kabir,followers,"Orthopedics, Trauma & Joint Surgery Specialist","MBBS, BCS, D-ORTHO, FCGP, PGT",Assistant Registrar,"Kurmitola General Hospital, Dhaka",N/A,https://doctor.bd/doctor/dr-abdullahel-wafee-hkabir-orthopedics-dhaka
Dr. Abdur Rahim,followers,Medicine Specialist,"MBBS, BCS, FCPS",Consultant,Shaheed Suhrawardy Medical College Hospital,N/A,https://doctor.bd/doctor/dr-abdur-rahim-medicine-dhaka
Dr. Abdur Rahim,followers,Oral & Dental Surgery Specialist,"BDS, MPH, BCS, PGT",General Dentist,Chattogram Medical College Hospital,N/A,https://doctor.bd/doctor/dr-abdur-rahim-dentistry-chattogram
Dr. Abdur Rahim,followers,"Chest, Lung & Thoracic Surgery Specialist","MBBS, MS, BCS, FICS",Associate Professor,National Institute of Diseases of the Chest & Hospital (NIDCH),N/A,https://doctor.bd/doctor/dr-abdur-rahim-thoracic-surgery-dhaka
Dr. Abdur Rahim,followers,Oral & Dental Surgery Specialist,"BDS, PGT",Dental Surgeon,"Smile Dental Solution, Moulvibazar",10+ Years,https://doctor.bd/doctor/dr-abdur-rahim-dentistry-moulvibazar
Dr. Abdur Razzak Sikder,followers,Child Health & Pediatric Specialist,"MBBS, DCH, FCPS, MD",Consultant,"Parkview Hospital, Chattogram",10+ Years,https://doctor.bd/doctor/dr-abdur-razzak-sikder-pediatrics-chattogram
Dr. Abdur Rob,followers,General & Laparoscopic Surgery Specialist,"MBBS, BCS, MCPS, FCPS",Department of Surgery,Khulna Medical College Hospital,N/A,https://doctor.bd/doctor/dr-abdur-rob-general-surgery-khulna
Dr. Abdus Salam,followers,Eye Disease & Surgery Specialist,"MBBS, DO",Consultant,Ispahani Islamia Eye Institute & Hospital,N/A,https://doctor.bd/doctor/dr-abdus-salam-ophthalmology-dhaka
Dr. Abdus Salam,followers,"Neurology, Brain & Nerve Disease Specialist","MBBS, MD",Consultant,Shaheed Shaikh Abu-Naser Specialized Hospital,N/A,https://doctor.bd/doctor/dr-abdus-salam-neurology-khulna
Dr. Abdus Salam Osmani,followers,Kidney & Nephrology Specialist,"MBBS, BCS, MD, CCD",Consultant,National Institute of Kidney Disease and Urology (NIKDU),N/A,https://doctor.bd/doctor/dr-abdus-salam-osmani-nephrology-dhaka
Dr. Abdus Samad,followers,"Orthopedics, Trauma & Joint Surgery Specialist","MBBS, MS",Assistant Professor,North East Medical College Hospital,N/A,https://doctor.bd/doctor/dr-abdus-samad-orthopedics-sylhet
Dr. Abdus Samad Sheikh,followers,Eye Disease & Surgery Specialist,"MBBS, MS",Doctor,Sir Salimullah Medical College Mitford Hospital,N/A,https://doctor.bd/doctor/dr-abdus-samad-sheikh-ophthalmology-dhaka
Dr. Abdus Sattar Ripon,followers,"Skin, Allergy & Sexual Disease Specialist","MBBS, BCS, DDV",Professor & Head,Kushtia Medical College Hospital,N/A,https://doctor.bd/doctor/dr-abdus-sattar-ripon-dermatology-kushtia
Dr. Abed Hussain Khan,followers,Medicine Specialist,"MBBS, FCPS",Associate Professor,Bangladesh Medical University,N/A,https://doctor.bd/doctor/dr-abed-hussain-khan-medicine-dhaka
Dr. Abeda Khatun Shima,followers,"Obstetrics, Gynaecology & Surgery Specialist","MBBS, DGO",Professor & Head,"Islami Bank Medical College Hospital, Rajshahi",N/A,https://doctor.bd/doctor/dr-abeda-khatun-shima-gynaecology-obstetrics-rajshahi
Dr. Abhijit Datta,followers,Rheumatology & Arthritis Specialist,"MBBS, MRCP, MD, ECRD, FACR",Assistant Professor,Sher-e-bangla Medical College Hospital,7+ Years,https://doctor.bd/doctor/dr-abhijit-datta-rheumatology-barishal
Dr. Abid Md. Alef Meem Prodhan,followers,Medicine & Rheumatology Specialist,"MBBS, BCS, MRCP, FCPS",Assistant Professor,"Shaheed Ziaur Rahman Medical College Hospital, Bogura",15+ Years,https://doctor.bd/doctor/dr-abid-md-alef-meem-prodhan-rheumatology-bogura
Dr. Abida Hossain,followers,General & Laparoscopic Surgery Specialist,"MBBS, BCS, MS",Assistant Professor,Chattogram Medical College Hospital,10+ Years,https://doctor.bd/doctor/dr-abida-hossain-general-surgery-chattogram
Dr. Abir Das,followers,Child Health & Pediatric Specialist,"MBBS, BCS, MCPS, FCPS",Junior Consultant,Chattogram Medical College Hospital,N/A,https://doctor.bd/doctor/dr-abir-das-pediatrics-chattogram
Dr. Abirvab Naha,followers,"ENT, Head & Neck Disease Specialist","MBBS, MS",Assistant Professor,Bangladesh Medical University,N/A,https://doctor.bd/doctor/dr-abirvab-naha-ent-dhaka
Dr. ABK Basir Uddin Sayem,followers,"Cardiology, Hypertension & Heart Disease Specialist","MBBS, BCS, MD",Consultant,Chattogram Medical College Hospital,N/A,https://doctor.bd/doctor/dr-abk-basir-uddin-sayem-cardiology-chattogram
Dr. ABM Abdul Matin,followers,"Gastroenterology, Liver & Digestive Disease Specialist","MBBS, FCPS",Professor,Dhaka Medical College Hospital,N/A,https://doctor.bd/doctor/dr-abm-abdul-matin-gastroenterology-dhaka
Dr. ABM Bazlul Hasan,followers,Homeopathic Medicine Specialist,BHMS,Doctor,Government Homeopathic Medical College & Hospital,N/A,https://doctor.bd/doctor/dr-abm-bazlul-hasan-homeopathy-dhaka
Dr. ABM Khalekuzzaman Shipon,followers,"Skin, Allergy & Sexual Disease Specialist","MBBS, PGT, FRSH",Medical Officer,Bangladesh Medical University,12+ Years,https://doctor.bd/doctor/dr-abm-khalekuzzaman-shipon-dermatology-dhaka
Dr. ABM Mahbubul Haque (Limon),followers,"Neurology, Brain & Nerve Disease Specialist","MBBS, BCS, MD",Assistant Professor,Rajshahi Medical College Hospital,D 12+ Years,https://doctor.bd/doctor/dr-abm-mahbubul-haque-limon-neurology-rajshahi
Dr. ABM Shakil Gani,followers,Liver & Hepatology Specialist,"MBBS, MD",Assistant Professor,"Sheikh Hasina Medical College, Tangail",N/A,https://doctor.bd/doctor/dr-abm-shakil-gani-hepatology-dhaka
Dr. ABM Zafar Sadik,followers,"Colorectal, Piles & Rectal Surgery Specialist","MBBS, BCS, FCPS",Assistant Professor,"Shaheed Ziaur Rahman Medical College Hospital, Bogura",N/A,https://doctor.bd/doctor/dr-abm-zafar-sadik-colorectal-surgery-bogura
Dr. Abrar Al Sakib,followers,Medicine Specialist,"MBBS, BCS, MD",Assistant Registrar,Mymensingh Medical College Hospital,N/A,https://doctor.bd/doctor/dr-abrar-al-sakib-medicine-mymensingh
Dr. Abu Bakar Siddique,followers,Medicine Specialist,"MBBS, FCPS",Assistant Professor,"Shaheed Ziaur Rahman Medical College Hospital, Bogura",N/A,https://doctor.bd/doctor/dr-abu-bakar-siddique-medicine-bogura
Dr. Abu Bakkir Siddique,followers,Child Health & Pediatric Specialist,"MBBS, MD",Medical Officer,Dhaka Shishu Hospital,N/A,https://doctor.bd/doctor/dr-abu-bakkir-siddique-pediatrics-dhaka
Dr. Abu Hasnat Md. Masud Sinha,followers,"Cardiology, Hypertension & Heart Disease Specialist","MBBS, D-CARD, FACC, FESC",Senior Consultant,"AMZ Hospital, Badda",N/A,https://doctor.bd/doctor/dr-abu-hasnat-md-masud-sinha-cardiology-dhaka
Dr. Abu Hena Mahmud Runu,followers,Medicine & Diabetes Specialist,"MBBS, CCD, FCPS",Registrar,"Mohammad Ali Hospital, Bogura",N/A,https://doctor.bd/doctor/dr-abu-hena-mahmud-runu-medicine-bogura
Dr. Abu Hena Md. Sohel Rana,followers,"Gastroenterology, Liver & Digestive Disease Specialist","MBBS, MD, ERCP",Associate Professor,Rangpur Medical College Hospital,25+ Years,https://doctor.bd/doctor/dr-abu-hena-md-sohel-rana-gastroenterology-rangpur
Dr. Abu Hena Mohammad Parvez Humayun,followers,"ENT, Head & Neck Disease Specialist","MBBS, FCPS, MS",Assistant Professor,Shaheed Tajuddin Ahmad Medical College & Hospital,25+ Years,https://doctor.bd/doctor/dr-abu-hena-mohammad-parvez-humayun-ent-dhaka
Dr. Abu Jafar Md. Saleh,followers,"ENT, Head & Neck Disease Specialist","MBBS, BCS, DLO, MS",Consultant,"Shaheed Shaikh Abu-Naser Specialized Hospital, Khulna",N/A,https://doctor.bd/doctor/dr-abu-jafar-md-saleh-ent-khulna
Dr. Abu Jafar Md. Shahidul Hoq Babu,followers,"Skin, Allergy & Sexual Disease Specialist","MBBS, BCS, FCPS, MCPS, MD, FRCP, PhD",Associate Professor,"Mugda Medical College Hospital, Dhaka",N/A,https://doctor.bd/doctor/dr-abu-jafar-md-shahidul-hoq-babu-dermatology-dhaka
Dr. Abu Jafar Mohammed Saleh,followers,Blood Disease & Hematology Specialist,"MBBS, FCPS",Senior Consultant,Evercare Hospital Dhaka,N/A,https://doctor.bd/doctor/dr-abu-jafar-mohammed-saleh-hematology-dhaka
Dr. Abu Jafar Muhammad Kamrul Eman (Rashed),followers,Child Health & Pediatric Specialist,"MBBS, BCS, MD",Consultant,Rangpur Medical College Hospital,N/A,https://doctor.bd/doctor/dr-abu-jafar-muhammad-kamrul-eman-rashed-pediatrics-rangpur
Dr. Abu Kamran Rahul,followers,Medicine & Diabetes Specialist,"MBBS, MCPS, MD, MACP, DLP, EDC",Consultant,Bangladesh Medical University,N/A,https://doctor.bd/doctor/dr-abu-kamran-rahul-medicine-dhaka
Dr. Abu Khaled Mohammad Iqbal,followers,Cancer & Surgical Oncology Specialist,"MBBS, BCS, MS",Assistant Professor,Chattogram Medical College Hospital,N/A,https://doctor.bd/doctor/dr-abu-khaled-mohammad-iqbal-oncology-chattogram
Dr. Abu Md. Mofakhkharul Islam (Rana),followers,"Orthopedics, Trauma & Joint Surgery Specialist","MBBS, D-ORTHO",Assistant Professor,Bangladesh Medical University,N/A,https://doctor.bd/doctor/dr-abu-md-mofakhkharul-islam-rana-orthopedics-dhaka
Dr. Abu Md. Towab,followers,"Cardiology, Hypertension & Heart Disease Specialist","MBBS, BCS, MACP, MD, CCD",Assistant Professor,Rangpur Medical College Hospital,N/A,https://doctor.bd/doctor/dr-abu-md-towab-cardiology-rangpur
Dr. Abu Mohammad,followers,Medicine Specialist,"MBBS, BCS, FCPS",Assistant Professor,Cumilla Medical College Hospital,N/A,https://doctor.bd/doctor/dr-abu-mohammad-medicine-cumilla
Dr. Abu Naim Wakil Uddin,followers,"Brain, Nerve & Spine Surgery Specialist","MBBS, MS",Consultant,Bangladesh Medical University,N/A,https://doctor.bd/doctor/dr-abu-naim-wakil-uddin-neurosurgery-dhaka
Dr. Abu Naser Md. Mozammel Haque,followers,General & Laparoscopic Surgery Specialist,"MBBS, FCPS",Associate Professor,Rajshahi Medical College Hospital,N/A,https://doctor.bd/doctor/dr-abu-naser-md-mozammel-haque-general-surgery-rajshahi
Dr. Abu Naser Mohammad Jamil,followers,"ENT, Head & Neck Disease Specialist","MBBS, FCPS",Associate Professor,Ibn Sina Medical College Hospital,N/A,https://doctor.bd/doctor/dr-abu-naser-mohammad-jamil-ent-dhaka
Dr. Abu Naser Muhammad Badruddoza,followers,Anesthesia & Pain Management Specialist,"MBBS, FCPS",Consultant,Evercare Hospital Dhaka,N/A,https://doctor.bd/doctor/dr-abu-naser-muhammad-badruddoza-anesthesiology-dhaka
Dr. Abu Nayeem,followers,"Neurology, Brain & Nerve Disease Specialist","MBBS, FCPS, MD",Associate Professor,National Institute of Neurosciences & Hospital,N/A,https://doctor.bd/doctor/dr-abu-nayeem-neurology-dhaka
Dr. Abu Raihan,followers,Oral & Dental Surgery Specialist,"BDS, PGT",Chief Consultant,A R Dental Point,N/A,https://doctor.bd/doctor/dr-abu-raihan-dentistry-cumilla
Dr. Abu Raihan Alberuni,followers,"ENT, Head & Neck Disease Specialist","MBBS, BCS, MCPS, MRCS, FCPS, FICS",Consultant,Rajshahi Medical College Hospital,N/A,https://doctor.bd/doctor/dr-abu-raihan-alberuni-ent-rajshahi
Dr. Abu Saeed Ibn Harun,followers,Oral & Dental Surgery Specialist,"BDS, MS",Associate Professor,Chattogram International Dental College & Hospital,N/A,https://doctor.bd/doctor/dr-abu-saeed-ibn-harun-dentistry-cumilla
Dr. Abu Saleh Ahmed,followers,Kidney & Nephrology Specialist,"MBBS, FCPS, MD, PGT",Nephrologist,Bangladesh Specialized Hospital,N/A,https://doctor.bd/doctor/dr-abu-saleh-ahmed-nephrology-dhaka
Dr. Abu Saleh Mohammad Tahsin,followers,"Gastroenterology, Liver & Digestive Disease Specialist","MBBS, BCS, DBS&T, CCD, FCPS",Medical Officer,Shaheed Suhrawardy Medical College Hospital,7+ Years,https://doctor.bd/doctor/dr-abu-saleh-mohammad-tahsin-gastroenterology-dhaka
Dr. Abu Sayed Md. Mortoza,followers,"Cardiology, Hypertension & Heart Disease Specialist","MBBS, D-CARD, MD",Assistant Professor,Kushtia Medical College Hospital,7+ Years,https://doctor.bd/doctor/dr-abu-sayed-md-mortoza-cardiology-kushtia
Dr. Abu Sayeed Mohammad Iqbal,followers,Child Health & Pediatric Specialist,"MBBS, FCPS, MD",Senior Consultant,Evercare Hospital Dhaka,N/A,https://doctor.bd/doctor/dr-abu-sayeed-mohammad-iqbal-pediatrics-dhaka
Dr. Abu Sayeed Shimul,followers,Child Health & Pediatric Specialist,"MBBS, FCPS",Assistant Professor,"Mugda Medical College Hospital, Dhaka",N/A,https://doctor.bd/doctor/dr-abu-sayeed-shimul-pediatrics-dhaka
Dr. Abu Sayem Md. Omar Faruk,followers,"Cardiology, Hypertension & Heart Disease Specialist","MBBS, MD",Consultant,Chattogram Medical College Hospital,N/A,https://doctor.bd/doctor/dr-abu-sayem-md-omar-faruk-cardiology-chattogram
Dr. Abu Shahin,followers,Medicine Specialist,"MBBS, MRCP, FCPS, FACP",Assistant Professor,Rajshahi Medical College Hospital,N/A,https://doctor.bd/doctor/dr-abu-shahin-medicine-rajshahi
Dr. Abu Talha Md. Mahi Uddin,followers,Oral & Dental Surgery Specialist,"BDS, MS",Assistant Professor,MH Samorita Medical College & Hospital,N/A,https://doctor.bd/doctor/dr-abu-talha-md-mahi-uddin-dentistry-dhaka
Dr. Abu Yousuf Md. Nazim Uddin,followers,Blood Disease & Hematology Specialist,"MBBS, FCPS, CCD",Registrar,North East Medical College Hospital,N/A,https://doctor.bd/doctor/dr-abu-yousuf-md-nazim-uddin-hematology-sylhet
Dr. Abu Zafor Md. Salahuddin,followers,Kidney & Nephrology Specialist,"MBBS, BCS, MD",Registrar,Mymensingh Medical College Hospital,N/A,https://doctor.bd/doctor/dr-abu-zafor-md-salahuddin-nephrology-mymensingh
Dr. Abubakker Siddique,followers,"ENT, Head & Neck Disease Specialist","MBBS, MS, CCD, FCPS",Medical Officer,Dhaka Medical College Hospital,N/A,https://doctor.bd/doctor/dr-abubakker-siddique-ent-dhaka
Dr. Abul Alam,followers,"Cardiology, Hypertension & Heart Disease Specialist","MBBS, D-CARD, CCD, CCE, CMU, PGC",Assistant Professor,Pabna Medical College Hospital,N/A,https://doctor.bd/doctor/dr-abul-alam-cardiology-pabna
Dr. Abul Ata Md. Mozassem,followers,Urology & Andrology Specialist,"MBBS, MS, MCPS",Consultant,Chattogram Medical College Hospital,N/A,https://doctor.bd/doctor/dr-abul-ata-md-mozassem-urology-chattogram
Dr. Abul Bashar Biswas,followers,"Gastroenterology, Liver & Digestive Disease Specialist","MBBS, BCS, MD, MACP",Consultant,"250 Bedded General Hospital, Khulna",N/A,https://doctor.bd/doctor/dr-abul-bashar-biswas-gastroenterology-khulna
Dr. Abul Bashar Md. Monirul Islam,followers,Oral & Dental Surgery Specialist,"BDS, MPH",Consultant,Sylhet Womens Medical College Hospital,N/A,https://doctor.bd/doctor/dr-abul-bashar-md-monirul-islam-dentistry-sylhet
Dr. Abul Faisal Md. Nuruddin Chowdhury,followers,Medicine Specialist,"MBBS, BCS, FCPS",Consultant,Chattogram Medical College Hospital,N/A,https://doctor.bd/doctor/dr-abul-faisal-md-nuruddin-chowdhury-medicine-chattogram
Dr. Abul Hasan Muhammad Bashar,followers,Vascular & Endovascular Surgery Specialist,"MBBS, BCS, PhD, FACS",Associate Professor,National Institute of Cardiovascular Disease (NICVD),N/A,https://doctor.bd/doctor/dr-abul-hasan-muhammad-bashar-vascular-surgery-dhaka
Dr. Abul Hasnat Russel,followers,"Neurology, Brain & Nerve Disease Specialist","MBBS, BCS, MD",Registrar,Sir Salimullah Medical College Mitford Hospital,N/A,https://doctor.bd/doctor/dr-abul-hasnat-russel-neurology-narayanganj
Dr. Abul Hayat Manik,followers,Liver & Hepatology Specialist,"MBBS, BCS, MD, MRCPS",Liver Specialist,Dhaka Medical College Hospital,N/A,https://doctor.bd/doctor/dr-abul-hayat-manik-hepatology-dhaka
Dr. Abul Kalam Azad,followers,Medicine Specialist,"MBBS, FCPS, FICM, FCCS",Consultant,Chattogram Medical College Hospital,N/A,https://doctor.bd/doctor/dr-abul-kalam-azad-medicine-chattogram
Dr. Abul Kalam Azad,followers,Eye Disease & Surgery Specialist,"MBBS, MCPS, DO, FCPS",Senior Consultant,"General Hospital, Khulna",N/A,https://doctor.bd/doctor/dr-abul-kalam-azad-ophthalmology-khulna
Dr. Abul Kalam Azad,followers,Urology & Andrology Specialist,"MBBS, BCS, MS",Assistant Professor,Khulna Medical College,N/A,https://doctor.bd/doctor/dr-abul-kalam-azad-urology-khulna
Dr. Abul Kalam Bhuiyan (Masum),followers,Medicine Specialist,"MBBS, BCS, MCPS, MACP, FCPS",Consultant,Mymensingh Medical College Hospital,N/A,https://doctor.bd/doctor/dr-abul-kalam-bhuiyan-masum-medicine-mymensingh
Dr. Abuzaffor Md. Shaleh,followers,General & Laparoscopic Surgery Specialist,"MBBS, BCS, MRCS, CCD, FCPS",Resident Surgeon,Cumilla Medical College Hospital,N/A,https://doctor.bd/doctor/dr-abuzaffor-md-shaleh-general-surgery-cumilla
Dr. AC Saha,followers,"Orthopedics, Trauma & Joint Surgery Specialist","MBBS, D-ORTHO, MS",Consultant,"City Hospital, Dhaka",N/A,https://doctor.bd/doctor/dr-ac-saha-orthopedics-dhaka
Dr. Achinta Kumar Mallick,followers,"Neurology, Brain & Nerve Disease Specialist","MBBS, BCS, MD",Neuromedicine Specialist,Rajshahi Medical College Hospital,N/A,https://doctor.bd/doctor/dr-achinta-kumar-mallick-neurology-rajshahi
Dr. Achira Bhattacharjee,followers,Child Health & Pediatric Specialist,"MBBS, FCPS",Assistant Professor,Sylhet Womens Medical College Hospital,N/A,https://doctor.bd/doctor/dr-achira-bhattacharjee-pediatrics-sylhet
Dr. Adiba Chowdhury,followers,General & Laparoscopic Surgery Specialist,"MBBS, MRCS",Registrar,"Ad-din Medical College & Hospital, Dhaka",N/A,https://doctor.bd/doctor/dr-adiba-chowdhury-general-surgery-dhaka
Dr. Adiba Malik,followers,"Obstetrics, Gynaecology & Surgery Specialist","MBBS, MS, DMU",Associate Professor,Chattogram Maa-O-Shishu Hospital Medical College,N/A,https://doctor.bd/doctor/dr-adiba-malik-gynaecology-obstetrics-chattogram
Dr. Aditi Paul Chowdhury,followers,Oncologist & Cancer Specialist,"MBBS, MD",Consultant,Ahsania Mission Cancer and General Hospital,N/A,https://doctor.bd/doctor/dr-aditi-paul-chowdhury-oncology-dhaka
Dr. Adnan Jawad,followers,"ENT, Head & Neck Disease Specialist","MBBS, MS",Consultant,Evercare Hospital Chattogram,8+ Years,https://doctor.bd/doctor/dr-adnan-jawad-ent-chattogram
Dr. Adnan Kaiser,followers,"Plastic, Burn & Reconstructive Surgery Specialist","MBBS, MS",Assistant Professor,Mymensingh Medical College Hospital,8+ Years,https://doctor.bd/doctor/dr-adnan-kaiser-plastic-surgery-mymensingh
Dr. Afanur Rahman Adnan,followers,"Brain, Nerve & Spine Surgery Specialist","MBBS, MS",Registrar,National Institute of Neurosciences & Hospital,N/A,https://doctor.bd/doctor/dr-afanur-rahman-adnan-neurosurgery-dhaka
Dr. AFM Azimus Sadat Sumon,followers,"Skin, Allergy & Sexual Disease Specialist","MBBS, DDV, CCD",Consultant,Mymensingh Medical College Hospital,N/A,https://doctor.bd/doctor/dr-afm-azimus-sadat-sumon-dermatology-mymensingh
Dr. AFM Ekramuddaula,followers,"ENT, Head & Neck Disease Specialist","MBBS, FCPS, MS",Senior Consultant,Evercare Hospital Dhaka,N/A,https://doctor.bd/doctor/dr-afm-ekramuddaula-ent-dhaka
Dr. AFM Helal Uddin,followers,Medicine Specialist,"MBBS, BCS, MRCP, FACP, FRCP",Associate Professor,Sir Salimullah Medical College Mitford Hospital,N/A,https://doctor.bd/doctor/dr-afm-helal-uddin-medicine-dhaka
Dr. Afrin Sultana,followers,General & Laparoscopic Surgery Specialist,"MBBS, FCPS, MRCS",Registrar,Holy Family Red Crescent Medical College Hospital,N/A,https://doctor.bd/doctor/dr-afrin-sultana-general-surgery-dhaka
Dr. Afroza Begum,followers,"Diabetes, Hormone & Thyroid Specialist","MBBS, BCS, MD",Doctor,Dhaka Medical College Hospital,N/A,https://doctor.bd/doctor/dr-afroza-begum-endocrinology-dhaka
Dr. Afroza Chowdhury,followers,"Obstetrics, Gynaecology & Surgery Specialist","MBBS, DGO, MCPS, FCPS",Professor,"Bangabandhu Memorial Hospital, USTC, Chattogram",N/A,https://doctor.bd/doctor/dr-afroza-chowdhury-gynaecology-obstetrics-chattogram
Dr. Afroza Ferdous,followers,"Obstetrics, Gynaecology & Surgery Specialist","MBBS, BCS, FCPS, MS",Associate Professor,Chattogram Medical College Hospital,N/A,https://doctor.bd/doctor/dr-afroza-ferdous-gynaecology-obstetrics-chattogram
Dr. Afroza Islam,followers,General Surgery Specialist,"MBBS, BCS, FCPS",Assistant Professor,Mymensingh Medical College Hospital,N/A,https://doctor.bd/doctor/dr-afroza-islam-general-surgery-mymensingh
Dr. Afroza Nazneen Asha,followers,"Plastic, Burn & Reconstructive Surgery Specialist","MBBS, FCPS",Professor & Head,Rajshahi Medical College Hospital,N/A,https://doctor.bd/doctor/dr-afroza-nazneen-asha-plastic-surgery-rajshahi
Dr. Afroza Rashid Nipa,followers,"Skin, Allergy & Sexual Disease Specialist","MBBS, MPH, DDV",Associate Professor,Sylhet MAG Osmani Medical College Hospital,N/A,https://doctor.bd/doctor/dr-afroza-rashid-nipa-dermatology-sylhet
Dr. Afroza Sarkar Joly,followers,"Obstetrics, Gynaecology & Surgery Specialist","MBBS, BCS, DGO, FCPS",Assistant Professor,"Shaheed Ziaur Rahman Medical College Hospital, Bogura",N/A,https://doctor.bd/doctor/dr-afroza-sarkar-joly-gynaecology-obstetrics-bogura
Dr. Afroza Sultana (Shanta),followers,"Obstetrics, Gynaecology & Surgery Specialist","MBBS, MCPS, DGO, FCPS",Senior Consultant,"Delta Health Care, Mirpur",N/A,https://doctor.bd/doctor/dr-afroza-sultana-shanta-gynaecology-obstetrics-dhaka
Dr. Afroza Suraya Majumder,followers,"ENT, Head & Neck Disease Specialist","MBBS, DLO",Assistant Professor,Anwer Khan Modern Medical College Hospital,N/A,https://doctor.bd/doctor/dr-afroza-suraya-majumder-ent-dhaka
Dr. Afroza-E-Alam,followers,General & Laparoscopic Surgery Specialist,"MBBS, BCS, FCPS",Consultant,Cumilla Medical College Hospital,N/A,https://doctor.bd/doctor/dr-afroza-e-alam-general-surgery-cumilla
Dr. Afsana Ferdous,followers,"Obstetrics, Gynaecology & Surgery Specialist","MBBS, DGO, CMU",Consultant,Gazi Medical College & Hospital,N/A,https://doctor.bd/doctor/dr-afsana-ferdous-gynaecology-obstetrics-khulna
Dr. Afsana Haque Joty,followers,Oral & Dental Surgery Specialist,BDS,Dentist,"Tech Dental, Mirpur Branch",4+ Years,https://doctor.bd/doctor/dr-afsana-haque-joty-dentistry-dhaka
Dr. Afsana Iqbal,followers,Oral & Dental Surgery Specialist,"BDS, PGT",Consultant,Ibn Sina Diagnostic & Consultation Center,4+ Years,https://doctor.bd/doctor/dr-afsana-iqbal-dentistry-dhaka
Dr. Afsana Nahid,followers,"Skin, Allergy & Sexual Disease Specialist","MBBS, DDV, FCPS",Dermatologist,Dhaka Medical College Hospital,N/A,https://doctor.bd/doctor/dr-afsana-nahid-dermatology-dhaka
Dr. Afsana Rowshan,followers,"Obstetrics, Gynaecology & Surgery Specialist","MBBS, FCPS",Assistant Professor,Mymensingh Medical College Hospital,N/A,https://doctor.bd/doctor/dr-afsana-rowshan-gynaecology-obstetrics-mymensingh
Dr. Afsana Zakira,followers,"Obstetrics, Gynaecology & Surgery Specialist","MBBS, BCS, MCPS, FCPS",Department of Obstetrics & Gynaecology,Sylhet MAG Osmani Medical College Hospital,10+ Years,https://doctor.bd/doctor/dr-afsana-zakira-gynaecology-obstetrics-sylhet
Dr. Afsar Ahmed,followers,"Diabetes, Hormone & Thyroid Specialist","MBBS, BCS, MD, MACE",Assistant Professor,National Institute of Traumatology and Orthopaedic Rehabilitation (NITOR),10+ Years,https://doctor.bd/doctor/dr-afsar-ahmed-endocrinology-dhaka
Dr. Aftab Yusuf Raj,followers,Child Health & Pediatric Specialist,"MBBS, MD, MPH",Senior Consultant,"Square Hospital, Dhaka",N/A,https://doctor.bd/doctor/dr-aftab-yusuf-raj-pediatrics-dhaka
Dr. Afzal Karim,followers,"ENT, Head & Neck Disease Specialist","MBBS, MS",Assistant Professor,Sher-e-bangla Medical College Hospital,N/A,https://doctor.bd/doctor/dr-afzal-karim-ent-barishal
Dr. AHM Ahsanul Hoque,followers,Medicine Specialist,"MBBS, DTM&H",Consultant,Labaid Specialized hospital chattogram,N/A,https://doctor.bd/doctor/dr-ahm-ahsanul-hoque-medicine-chattogram
Dr. AHM Enayetur Rashul,followers,"Cardiology, Hypertension & Heart Disease Specialist","MBBS, BCS, MD",Consultant,National Institute of Cardiovascular Disease (NICVD),N/A,https://doctor.bd/doctor/dr-ahm-enayetur-rashul-cardiology-pabna
Dr. Ahmad Abdullah Jami,followers,"ENT, Head & Neck Disease Specialist","MBBS, BCS, DLO, FCPS, FICS",Assistant Professor,"Shaheed Ziaur Rahman Medical College Hospital, Bogura",N/A,https://doctor.bd/doctor/dr-ahmad-abdullah-jami-ent-bogura
Dr. Ahmad Maksud Hasan Laskar,followers,General & Laparoscopic Surgery Specialist,"MBBS, FCPS",Consultant,Ibn Sina Hospital Sylhet,N/A,https://doctor.bd/doctor/dr-ahmad-maksud-hasan-laskar-general-surgery-sylhet
Dr. Ahmad Monjurul Aziz,followers,Medicine & Diabetes Specialist,"MBBS, FCPS, MACP",Assistant Professor,Dhaka Dental College Hospital,N/A,https://doctor.bd/doctor/dr-ahmad-monjurul-aziz-medicine-dhaka
Dr. Ahmad Mursel Anam,followers,Medicine Specialist,"MBBS, MRCP, MRCPE",Consultant,"Square Hospital, Dhaka",N/A,https://doctor.bd/doctor/dr-ahmad-mursel-anam-medicine-dhaka
Dr. Ahmad Riad Chowdhury,followers,Psychology & Mental Health Specialist,"MBBS, MPhil",Assistant Professor,Sylhet MAG Osmani Medical College Hospital,N/A,https://doctor.bd/doctor/dr-ahmad-riad-chowdhury-psychology-sylhet
Dr. Ahmad Seraji,followers,"Plastic, Burn & Reconstructive Surgery Specialist","MBBS, FCPS, MCPS, MS, MRCS",Professor & Head,Shaheed Suhrawardy Medical College Hospital,N/A,https://doctor.bd/doctor/dr-ahmad-seraji-plastic-surgery-dhaka
Dr. Ahmad Zahid Al Quadir,followers,Rheumatology & Arthritis Specialist,"MBBS, BCS, MD, ECRD",Medical Officer,Sylhet MAG Osmani Medical College Hospital,N/A,https://doctor.bd/doctor/dr-ahmad-zahid-al-quadir-rheumatology-sylhet
Dr. Ahmad Zainuddin Sani,followers,Chest & Respiratory Disease Specialist,"MBBS, BCS, MD",Professor & Head,Rajshahi Medical College Hospital,N/A,https://doctor.bd/doctor/dr-ahmad-zainuddin-sani-respiratory-medicine-rajshahi
Dr. Ahmed Ashafuddowla,followers,"Neurology, Brain & Nerve Disease Specialist","MBBS, MCPS, MD",Associate Professor,"Shaheed Ziaur Rahman Medical College Hospital, Bogura",N/A,https://doctor.bd/doctor/dr-ahmed-ashafuddowla-neurology-bogura
Dr. Ahmed Asif Iqbal,followers,"Orthopedics, Trauma & Joint Surgery Specialist","MBBS, D-ORTHO",Surgeon,Rajshahi Medical College Hospital,N/A,https://doctor.bd/doctor/dr-ahmed-asif-iqbal-orthopedics-rajshahi
Dr. Ahmed Faisal Abbas,followers,Medicine & Cardiology Specialist,"MBBS, BCS, FCPS",Medicine Specialist,"Chest Diseases Hospital, Brahmanbaria",14+ Years,https://doctor.bd/doctor/dr-ahmed-faisal-abbas-cardiology-brahmanbaria
Dr. Ahmed Ifrad bin Rawnak,followers,"Diabetes, Hormone & Thyroid Specialist","MBBS, BCS, MD, CCD, PGD",Consultant,"Labaid Diagnostic, Uttara (Unit 02)",14+ Years,https://doctor.bd/doctor/dr-ahmed-ifrad-bin-rawnak-endocrinology-dhaka
Dr. Ahmed Imtiaz,followers,Oral & Dental Surgery Specialist,"MPhil, MPH, BDS, BCS",Assistant Professor,Dhaka Dental College Hospital,N/A,https://doctor.bd/doctor/dr-ahmed-imtiaz-dentistry-dhaka
Dr. Ahmed Jabeer,followers,Oncologist & Cancer Specialist,"MBBS, BCS, MD",Consultant,Delta Health Care Mymensingh,N/A,https://doctor.bd/doctor/dr-ahmed-jabeer-oncology-mymensingh
Dr. Ahmed Mamunul Haque,followers,"Cardiology, Hypertension & Heart Disease Specialist","MBBS, MD",Cardiologist,National Institute of Cardiovascular Disease (NICVD),N/A,https://doctor.bd/doctor/dr-ahmed-mamunul-haque-cardiology-dhaka
Dr. Ahmed Manadir Hossain,followers,Medicine & Cardiology Specialist,"MBBS, BCS, FCPS, D-CARD",Associate Professor,Bangabandhu Sheikh Mujib Medical College & Hospital,N/A,https://doctor.bd/doctor/dr-ahmed-manadir-hossain-cardiology-dhaka
Dr. Ahmed Mizanur Rahman,followers,Cancer & Surgical Oncology Specialist,"MBBS, FCPS, MS, FAMS",Assistant Professor,National Institute of Cancer Research and Hospital (NICR&H),N/A,https://doctor.bd/doctor/dr-ahmed-mizanur-rahman-oncology-dhaka
Dr. Ahmed Muhtasim Shihab,followers,Oral & Dental Surgery Specialist,"BDS, MS, PGT",Resident,Chattogram Medical College Hospital,4+ Years,https://doctor.bd/doctor/dr-ahmed-muhtasim-shihab-dentistry-chattogram
Dr. Ahmed Nazmul Anam,followers,Pediatric Cardiology Specialist,"MBBS, BCS, FCPS, MD, PGPN",Assistant Professor,"Institute of Child and Mother Health, Matuail",4+ Years,https://doctor.bd/doctor/dr-ahmed-nazmul-anam-pediatrics-dhaka
Dr. Ahmed Raquib,followers,"ENT, Head & Neck Disease Specialist","MBBS, DLO, MS",Associate Professor,Popular Medical College & Hospital,N/A,https://doctor.bd/doctor/dr-ahmed-raquib-ent-dhaka
Dr. Ahmed Sami-Al-Hasan,followers,General & Laparoscopic Surgery Specialist,"MBBS, BCS, FCPS, MRCS, MS",Assistant Professor,Dhaka Medical College Hospital,N/A,https://doctor.bd/doctor/dr-ahmed-sami-al-hasan-general-surgery-dhaka
Dr. Ahmed Sayeed,followers,Child Health & Pediatric Specialist,"MBBS, DCH, FCPS",Consultant,"Square Hospital, Dhaka",N/A,https://doctor.bd/doctor/dr-ahmed-sayeed-pediatrics-dhaka
Dr. Ahmed Shibli Muhiuddin,followers,"Skin, Allergy & Sexual Disease Specialist","MBBS, DDV",Consultant,Sylhet MAG Osmani Medical College Hospital,N/A,https://doctor.bd/doctor/dr-ahmed-shibli-muhiuddin-dermatology-sylhet
Dr. Ahmed Tanjimul Islam,followers,"Neurology, Brain & Nerve Disease Specialist","MBBS, BCS, MSc, MD",Consultant,Chattogram 250 bed General Hospital,N/A,https://doctor.bd/doctor/dr-ahmed-tanjimul-islam-neurology-chattogram
Dr. Ahmed Tariq,followers,"ENT, Head & Neck Disease Specialist","MBBS, BCS, FCPS, MS",Assistant Professor,Sir Salimullah Medical College Mitford Hospital,N/A,https://doctor.bd/doctor/dr-ahmed-tariq-ent-dhaka
Dr. Ahmed Zahid Hossain,followers,Pediatric Surgery Specialist,"MBBS, MPH, MS",Surgeon,Bangladesh Specialized Hospital,N/A,https://doctor.bd/doctor/dr-ahmed-zahid-hossain-pediatric-surgery-dhaka
Dr. Ahmed Zahir Bin Zia,followers,Eye Disease & Surgery Specialist,"MBBS, DO",Consultant,Ispahani Islamia Eye Institute & Hospital,N/A,https://doctor.bd/doctor/dr-ahmed-zahir-bin-zia-ophthalmology-dhaka
Dr. Ahmedul Kabir Chowdhury,followers,"Plastic, Burn & Reconstructive Surgery Specialist","MBBS, MS, FACS",Associate Professor,Shaheed Suhrawardy Medical College Hospital,N/A,https://doctor.bd/doctor/dr-ahmedul-kabir-chowdhury-plastic-surgery-dhaka
Dr. Ahmod Nasim Hassan (Lavlu),followers,General & Laparoscopic Surgery Specialist,"MBBS, BCS, FCPS",Assistant Professor,Sylhet MAG Osmani Medical College Hospital,N/A,https://doctor.bd/doctor/dr-ahmod-nasim-hassan-lavlu-general-surgery-sylhet
Dr. Ahsan Uddin Ahmed,followers,Psychiatry & Mental Health Specialist,"MBBS, BCS, MCPS, FCPS",Associate Professor,National Institute of Mental Health (NIMH),N/A,https://doctor.bd/doctor/dr-ahsan-uddin-ahmed-psychiatry-dhaka
Dr. Ahsan Uddin Ahmed Chowdhury,followers,Medicine Specialist,"MBBS, MSc, MCGP, MPH",Consultant,Long Life Diagnostic Centre,14+ Years,https://doctor.bd/doctor/dr-ahsan-uddin-ahmed-chowdhury-medicine-dhaka
Dr. Ahsan Uddin Mahmud,followers,Cardiac & Heart Surgery Specialist,"MBBS, BCS, MS",Consultant,Chattogram Medical College Hospital,14+ Years,https://doctor.bd/doctor/dr-ahsan-uddin-mahmud-cardiac-surgery-chattogram
Dr. Ahsanuddin Ahmed Chowdhury,followers,Oral & Dental Surgery Specialist,"BDS, MPH, DUH",Head of Department,"Islami Bank Hospital, Agrabad, Chattogram",N/A,https://doctor.bd/doctor/dr-ahsanuddin-ahmed-chowdhury-dentistry-chattogram
Dr. Ahsanul Habib Lalin,followers,"ENT, Head & Neck Disease Specialist","MBBS, MS",Associate Professor,Rangpur Medical College Hospital,N/A,https://doctor.bd/doctor/dr-ahsanul-habib-lalin-ent-rangpur
Dr. Ahsanul Haq Amin,followers,"Diabetes, Hormone & Thyroid Specialist","MBBS, MD, FACE",Senior Consultant,Evercare Hospital Dhaka,N/A,https://doctor.bd/doctor/dr-ahsanul-haq-amin-endocrinology-dhaka
Dr. Ahsanul Haque Kawsar,followers,Medicine Specialist,"MBBS, FCPS",Associate Professor,"Mugda Medical College Hospital, Dhaka",N/A,https://doctor.bd/doctor/dr-ahsanul-haque-kawsar-medicine-dhaka
Dr. Ainul Islam Joarder,followers,"Orthopedics, Trauma & Joint Surgery Specialist","MBBS, D-ORTHO",Associate Professor,Kumudini Women's Medical College & Hospital,N/A,https://doctor.bd/doctor/dr-ainul-islam-joarder-orthopedics-dhaka
Dr. Ajay Barua,followers,Homeopathic Medicine Specialist,"DHMS, BHB",Medical Officer,Ma-Moni Homeo Charity Medical Center,N/A,https://doctor.bd/doctor/dr-ajay-barua-homeopathy-chattogram
Dr. Ajay Kumar Ghosh,followers,"Skin, Allergy & Sexual Disease Specialist","MBBS, BCS, DDV",Consultant,"American Hospital, Chattogram",N/A,https://doctor.bd/doctor/dr-ajay-kumar-ghosh-dermatology-chattogram
Dr. Ajoy Das,followers,"Orthopedics, Trauma & Joint Surgery Specialist","MBBS, BCS, D-ORTHO",Senior Consultant,"General Hospital, Chattogram",N/A,https://doctor.bd/doctor/dr-ajoy-das-orthopedics-chattogram
Dr. Ajoy Kumar Agarwalla,followers,"Neurology, Brain & Nerve Disease Specialist","MBBS, BCS, MD, MRCP",Consultant,Sir Salimullah Medical College Mitford Hospital,N/A,https://doctor.bd/doctor/dr-ajoy-kumar-agarwalla-neurology-narayanganj
Dr. Ajoy Kumar Dutta,followers,"Cardiology, Hypertension & Heart Disease Specialist","MBBS, MD",Chief Consultant,Al Haramain Hospital Private,N/A,https://doctor.bd/doctor/dr-ajoy-kumar-dutta-cardiology-sylhet
Dr. Ajoy Kumar Sarker,followers,General & Laparoscopic Surgery Specialist,"MBBS, BCS, FCPS",Associate Professor,Dhaka Medical College Hospital,N/A,https://doctor.bd/doctor/dr-ajoy-kumar-sarker-general-surgery-dhaka
Dr. Ajoy Kumer Chowdhury,followers,Homeopathic Medicine Specialist,DHMS,Doctor,Hahnemann Homeo Mission,N/A,https://doctor.bd/doctor/dr-ajoy-kumer-chowdhury-homeopathy-chattogram
Dr. AK Azad,followers,Physical Medicine & Rehabilitation Specialist,"MBBS, FCPS",Physical Medicine Specialist,Bangladesh Medical University,N/A,https://doctor.bd/doctor/dr-ak-azad-physical-medicine-rehabilitation-dhaka
Dr. Akhil Ranjon Biswas,followers,Blood Disease & Hematology Specialist,"MBBS, FCPS",Professor,Dhaka Medical College Hospital,N/A,https://doctor.bd/doctor/dr-akhil-ranjon-biswas-hematology-dhaka
Dr. Akhlaq Ahmed,followers,Child Health & Pediatric Specialist,"MBBS, BCS, DCH, MD",Associate Professor,Sylhet MAG Osmani Medical College Hospital,N/A,https://doctor.bd/doctor/dr-akhlaq-ahmed-pediatrics-sylhet
Dr. Akhtaruzzaman Razu,followers,"Cardiology, Hypertension & Heart Disease Specialist","MBBS, BCS, FCPS, MD, FRCP, MACP",Assistant Professor,National Institute of Cardiovascular Disease (NICVD),N/A,https://doctor.bd/doctor/dr-akhtaruzzaman-razu-cardiology-bogura
Dr. Akhter Ahmed (Shuvo),followers,"Liver, Gallbladder & Pancreatic Surgery Specialist","MBBS, MS, FCPS, FACS",Associate Professor,Shaheed Suhrawardy Medical College Hospital,N/A,https://doctor.bd/doctor/dr-akhter-ahmed-shuvo-hepatobiliary-surgery-dhaka
Dr. Akhter Hamid Parvez,followers,Cardiac & Heart Surgery Specialist,"MBBS, MS",Junior Consultant,"Labaid Specialized Hospital, Dhanmondi",N/A,https://doctor.bd/doctor/dr-akhter-hamid-parvez-cardiac-surgery-dhaka
Dr. Akhterul Alam Azad,followers,"Skin, Allergy & Sexual Disease Specialist","MBBS, BCS, DDV, CCD",Professor & Head,TMSS Medical College & Hospital,N/A,https://doctor.bd/doctor/dr-akhterul-alam-azad-dermatology-pabna
Dr. Aklima Parvin Faizi,followers,"Colorectal, Piles & Rectal Surgery Specialist","MBBS, BCS, MS",Assistant Professor,Bangladesh Medical University,N/A,https://doctor.bd/doctor/dr-aklima-parvin-faizi-colorectal-surgery-dhaka
Dr. AKM Abu Mottaleb,followers,Kidney & Nephrology Specialist,"MBBS, MSc",Consultant,"Square Hospital, Dhaka",N/A,https://doctor.bd/doctor/dr-akm-abu-mottaleb-nephrology-dhaka
Dr. AKM Aminul Islam,followers,"Diabetes, Hormone & Thyroid Specialist","MBBS, MD",Associate Professor,Sir Salimullah Medical College Mitford Hospital,N/A,https://doctor.bd/doctor/dr-akm-aminul-islam-endocrinology-dhaka
Dr. AKM Asaduzzaman,followers,Child Health & Pediatric Specialist,"MBBS, MCPS, MMEd",Assistant Professor,Khulna City Medical College Hospital,N/A,https://doctor.bd/doctor/dr-akm-asaduzzaman-pediatrics-khulna
Dr. AKM Azad Hossain,followers,"Cardiology, Hypertension & Heart Disease Specialist","MBBS, BCS, MD",Cardiologist,Shaheed Tajuddin Ahmad Medical College & Hospital,N/A,https://doctor.bd/doctor/dr-akm-azad-hossain-cardiology-dhaka
Dr. AKM Fazlul Haque,followers,"Plastic, Burn & Reconstructive Surgery Specialist","MBBS, FRCS",Senior Consultant,Evercare Hospital Dhaka,N/A,https://doctor.bd/doctor/dr-akm-fazlul-haque-plastic-surgery-dhaka
Dr. AKM Humayun Kabir,followers,Medicine Specialist,"MBBS, MCPS, FCPS",Associate Professor,Dhaka Medical College Hospital,N/A,https://doctor.bd/doctor/dr-akm-humayun-kabir-medicine-dhaka
Dr. AKM Khairul Anam Chowdhury,followers,Child Health & Pediatric Specialist,"MBBS, MCPS, DCH",Consultant,Delta Hospital,N/A,https://doctor.bd/doctor/dr-akm-khairul-anam-chowdhury-pediatrics-dhaka
Dr. AKM Mamun Murshed,followers,"ENT, Head & Neck Disease Specialist","MBBS, PGDND, DLO",Doctor,Shaheed Suhrawardy Medical College Hospital,N/A,https://doctor.bd/doctor/dr-akm-mamun-murshed-ent-dhaka
Dr. AKM Mamunur Rashid,followers,Child Health & Pediatric Specialist,"MBBS, DCH, MD, FRCP",Professor & Head,Khulna Medical College Hospital,N/A,https://doctor.bd/doctor/dr-akm-mamunur-rashid-pediatrics-khulna
Dr. AKM Minhaj Uddin Bhuiyan,followers,Cancer & Surgical Oncology Specialist,"MBBS, FCPS, MRCS, MS",Associate Professor,National Institute of Cancer Research and Hospital (NICR&H),N/A,https://doctor.bd/doctor/dr-akm-minhaj-uddin-bhuiyan-oncology-dhaka
Dr. AKM Mohiuddin Bhuiyan Masum,followers,"Cardiology, Hypertension & Heart Disease Specialist","MBBS, MD",Associate Professor,Ibn Sina Medical College Hospital,N/A,https://doctor.bd/doctor/dr-akm-mohiuddin-bhuiyan-masum-cardiology-dhaka
Dr. AKM Monwarul Islam,followers,Medicine Specialist,"MBBS, FCPS, MD",Doctor,Dhaka Medical College Hospital,N/A,https://doctor.bd/doctor/dr-akm-monwarul-islam-medicine-dhaka
Dr. AKM Nazmus Saquib,followers,Eye Disease & Surgery Specialist,"MBBS, PhD, D-OPHTH, FRSH, MAMS",Senior Consultant,National Institute of Ophthalmology & Hospital,N/A,https://doctor.bd/doctor/dr-akm-nazmus-saquib-ophthalmology-dhaka
Dr. AKM Rafiqul Bari,followers,Chest & Respiratory Disease Specialist,"MBBS, MD, FCCP",Professor,National Institute of Diseases of the Chest & Hospital (NIDCH),N/A,https://doctor.bd/doctor/dr-akm-rafiqul-bari-respiratory-medicine-dhaka
Dr. AKM Ruhul Amin,followers,General & Laparoscopic Surgery Specialist,"MBBS, MS",Surgeon,Dr. Sirajul Islam Medical College & Hospital,N/A,https://doctor.bd/doctor/dr-akm-ruhul-amin-general-surgery-dhaka
Dr. AKM Sahid Ullah,followers,Homeopathic Medicine Specialist,"BA, DHMS, MD",Medicine Specialist,Bangladesh Homeopathic Medical College & Hospital,N/A,https://doctor.bd/doctor/dr-akm-sahid-ullah-homeopathy-dhaka
Dr. AKM Sajedur Rahman,followers,Medicine Specialist,"MBBS, BCS, MD",Assistant Professor,Cumilla Medical College Hospital,N/A,https://doctor.bd/doctor/dr-akm-sajedur-rahman-medicine-cumilla
Dr. AKM Serajul Alam Rakib,followers,Oral & Dental Surgery Specialist,"BDS, BCS, MS",Professor & Head,Pabna Medical College Hospital,N/A,https://doctor.bd/doctor/dr-akm-serajul-alam-rakib-dentistry-pabna
Dr. AKM Zayedul Haque,followers,"Skin, Allergy & Sexual Disease Specialist","MBBS, MD, CCD",Assistant Professor,"Sheikh Hasina Medical College Hospital, Tangail",N/A,https://doctor.bd/doctor/dr-akm-zayedul-haque-dermatology-tangail
Dr. AKM Ziaul Huque,followers,Vascular & Endovascular Surgery Specialist,"MBBS, BCS, MS",Consultant,National Institute of Cardiovascular Disease (NICVD),N/A,https://doctor.bd/doctor/dr-akm-ziaul-huque-vascular-surgery-dhaka
Dr. AKS Zahid Mahmud Khan,followers,"Cardiology, Hypertension & Heart Disease Specialist","MBBS, MD, MRCPS, FSCAI",Assistant Professor,National Institute of Cardiovascular Disease (NICVD),N/A,https://doctor.bd/doctor/dr-aks-zahid-mahmud-khan-cardiology-dhaka
Dr. Akshay Kumar Ray,followers,Eye Disease & Surgery Specialist,"MBBS, MS",Consultant,"250 Bedded Mohammad Ali Hospital, Bogura",N/A,https://doctor.bd/doctor/dr-akshay-kumar-ray-ophthalmology-bogura
Dr. Akter Jahan,followers,"Obstetrics, Gynaecology & Surgery Specialist","MBBS, DGO, FCPS",Associate Professor,Community Based Medical College & Hospital,N/A,https://doctor.bd/doctor/dr-akter-jahan-gynaecology-obstetrics-mymensingh
Dr. Akterunnahar (Bithi),followers,Orthodontics & Dental Braces Specialist,"BDS, BCS, FCPS",Assistant Professor,Mymensingh Medical College Hospital,7+ Years,https://doctor.bd/doctor/dr-akterunnahar-bithi-dentistry-mymensingh
Dr. Al Hasan Tipu,followers,"Gastroenterology, Liver & Digestive Disease Specialist","MBBS, BCS, MD, MACP, MRCPS, MRCP, FCPS",Consultant,"National Gastroliver Institute and Hospital, Dhaka",10+ Years,https://doctor.bd/doctor/dr-al-hasan-tipu-gastroenterology-dhaka
Dr. Al Mahmood Appolo,followers,"Gastroenterology, Liver & Digestive Disease Specialist","MBBS, BCS, MD",Resident Physician,"National Gastroliver Institute and Hospital, Dhaka",10+ Years,https://doctor.bd/doctor/dr-al-mahmood-appolo-gastroenterology-dhaka
Dr. Al Mahmud Lemon,followers,Eye Disease & Surgery Specialist,"MBBS, BCS, MRCS, FCPS",Resident Surgeon,Dhaka Medical College Hospital,N/A,https://doctor.bd/doctor/dr-al-mahmud-lemon-ophthalmology-dhaka
Dr. Al Mamun,followers,Eye Disease & Surgery Specialist,"MBBS, BCS, FCPS, ICO",Eye Specialist,Kushtia Medical College Hospital,N/A,https://doctor.bd/doctor/dr-al-mamun-ophthalmology-pabna
Dr. Alam Iftekhar Belyat,followers,Child Health & Pediatric Specialist,"MBBS, BCS, MD",Consultant,Rajshahi Medical College Hospital,N/A,https://doctor.bd/doctor/dr-alam-iftekhar-belyat-pediatrics-rajshahi
Dr. Alamgir Chowdhury,followers,Kidney & Nephrology Specialist,"MBBS, MCPS, MD",Professor & Head,Sylhet MAG Osmani Medical College Hospital,N/A,https://doctor.bd/doctor/dr-alamgir-chowdhury-nephrology-sylhet
Dr. Alamgir Hossain,followers,Medicine & Diabetes Specialist,"MBBS, BCS, FCPS, DEM, MRCP",Consultant,Shaheed Suhrawardy Medical College Hospital,N/A,https://doctor.bd/doctor/dr-alamgir-hossain-medicine-narayanganj
Dr. Alamgir Hossan,followers,Medicine & Diabetes Specialist,"MBBS, BCS, MRCP, DEM, FCPS",Consultant,"250 Bedded General Hospital, Brahmanbaria",17+ Years,https://doctor.bd/doctor/dr-alamgir-hossan-medicine-brahmanbaria
Dr. Alamgir Md. Shoab,followers,"ENT, Head & Neck Disease Specialist","MBBS, BCS, DLO",Consultant,Chattogram Medical College Hospital,17+ Years,https://doctor.bd/doctor/dr-alamgir-md-shoab-ent-chattogram
Dr. Alamgir Mustak Ahamed,followers,Rheumatology & Arthritis Specialist,"MBBS, FCPS, MD",Consultant,Bangladesh Medical University,N/A,https://doctor.bd/doctor/dr-alamgir-mustak-ahamed-rheumatology-dhaka
Dr. Alauddin Shikder,followers,Physical Medicine & Rehabilitation Specialist,"MBBS, BCS, MD",Consultant,Khulna Medical College Hospital,N/A,https://doctor.bd/doctor/dr-alauddin-shikder-physical-medicine-rehabilitation-khulna
Dr. Aleya Ferdush Monni,followers,"Diabetes, Hormone & Thyroid Specialist","MBBS, MD, MACE, MACP, CCD",Consultant,"Popular Diagnostic Center, Savar",10+ Years,https://doctor.bd/doctor/dr-aleya-ferdush-monni-endocrinology-dhaka
Dr. Ali Asgar Chowdhury,followers,Oncologist & Cancer Specialist,"MBBS, FCPS, FRCP",Associate Professor,Chattogram Medical College Hospital,10+ Years,https://doctor.bd/doctor/dr-ali-asgar-chowdhury-oncology-chattogram
Dr. Ali Monsur Sharif,followers,"Gastroenterology, Liver & Digestive Disease Specialist","MBBS, MD",Associate Professor,Dhaka Medical College Hospital,N/A,https://doctor.bd/doctor/dr-ali-monsur-sharif-gastroenterology-dhaka
Dr. Ali Nafisa,followers,"Plastic, Burn & Reconstructive Surgery Specialist","MBBS, FCPS",Associate Professor,Anwer Khan Modern Medical College Hospital,N/A,https://doctor.bd/doctor/dr-ali-nafisa-breast-surgery-dhaka
Dr. Alifa Salbin,followers,"Skin, Allergy & Sexual Disease Specialist","MBBS, DDV",Assistant Professor,Khulna City Medical College Hospital,N/A,https://doctor.bd/doctor/dr-alifa-salbin-dermatology-khulna
Dr. Alim Akhtar Bhuiyan,followers,"Neurology, Brain & Nerve Disease Specialist","MBBS, DTM&H, MD",Senior Consultant,"United Hospital, Dhaka",N/A,https://doctor.bd/doctor/dr-alim-akhtar-bhuiyan-neurology-dhaka
Dr. Alim Al Razy,followers,Medicine Specialist,"MBBS, BCS, MCPS, FCPS",Consultant,Sylhet MAG Osmani Medical College Hospital,10+ Years,https://doctor.bd/doctor/dr-alim-al-razy-medicine-sylhet
Dr. Alok Chandra Sarkar,followers,"Cardiology, Hypertension & Heart Disease Specialist","MBBS, BCS, D-CARD, ECHO, CCD",Assistant Professor,"Shaheed Ziaur Rahman Medical College Hospital, Bogura",10+ Years,https://doctor.bd/doctor/dr-alok-chandra-sarkar-cardiology-bogura
Dr. Alok Kumar mandal,followers,"Cardiology, Hypertension & Heart Disease Specialist","MBBS, BCS, MD, MRCP, MACC",Assistant Professor,Shaheed Shaikh Abu-Naser Specialized Hospital,N/A,https://doctor.bd/doctor/dr-alok-kumar-mandal-cardiology-khulna
Dr. Aloke Kumar Raha,followers,Liver & Hepatology Specialist,"MBBS, MCPS, MD",Professor & Head,Chattogram Medical College Hospital,N/A,https://doctor.bd/doctor/dr-aloke-kumar-raha-hepatology-chattogram
Dr. Altaf Hossain (Riad),followers,Oncologist & Cancer Specialist,"MBBS, BCS, MD",Assistant Professor,National Institute of Cancer Research and Hospital (NICR&H),N/A,https://doctor.bd/doctor/dr-altaf-hossain-riad-oncology-dhaka
Dr. Altaf Mahmud,followers,"Diabetes, Hormone & Thyroid Specialist","MBBS, MPH, CCD, PGT",Consultant,"Diabetic Hospital, Barishal",N/A,https://doctor.bd/doctor/dr-altaf-mahmud-endocrinology-barishal
Dr. Amalendu Bhattacharyya,followers,Liver & Hepatology Specialist,"MBBS, MD",Associate Professor,Sher-e-bangla Medical College Hospital,N/A,https://doctor.bd/doctor/dr-amalendu-bhattacharyya-hepatology-barishal
Dr. Amanullah Bin Siddiq,followers,"Cardiology, Hypertension & Heart Disease Specialist","MBBS, MD",Assistant Professor,National Institute of Neurosciences & Hospital,N/A,https://doctor.bd/doctor/dr-amanullah-bin-siddiq-cardiology-dhaka
Dr. Amar Kanti Shil,followers,Homeopathic Medicine Specialist,DHMS,Medical Officer,"Aroti Homeo Clinic, Sitakunda",N/A,https://doctor.bd/doctor/dr-amar-kanti-shil-homeopathy-chattogram
Dr. Amdad Hossain Raihan,followers,Oral & Dental Surgery Specialist,BDS,Dental Surgeon,"Sonaimuri General Hospital, Noakhali",N/A,https://doctor.bd/doctor/dr-amdad-hossain-raihan-dentistry-noakhali
Dr. Amin Lutful Kabir,followers,Blood Disease & Hematology Specialist,"MBBS, MPhil, FCPS",Associate Professor,Bangladesh Medical University,N/A,https://doctor.bd/doctor/dr-amin-lutful-kabir-hematology-dhaka
Dr. Amina Akter,followers,Child Health & Pediatric Specialist,"MBBS, MD",Child Specialist,"Labaid Specialized Hospital, Dhanmondi",N/A,https://doctor.bd/doctor/dr-amina-akter-pediatrics-dhaka
Dr. Aminul Islam Partho,followers,Chest & Respiratory Disease Specialist,"MBBS, BCS, MD, FCPS",Consultant,National Institute of Diseases of the Chest & Hospital (NIDCH),N/A,https://doctor.bd/doctor/dr-aminul-islam-partho-respiratory-medicine-dhaka
Dr. Aminur Rahman,followers,"Brain, Nerve & Spine Surgery Specialist","MBBS, BCS, MS",Consultant,Dhaka Medical College Hospital,5+ Years,https://doctor.bd/doctor/dr-aminur-rahman-neurosurgery-dhaka
Dr. Aminur Rahman Azad,followers,"Brain, Nerve & Spine Surgery Specialist","MBBS, MS",Consultant,Chattogram Medical College Hospital,5+ Years,https://doctor.bd/doctor/dr-aminur-rahman-azad-neurosurgery-chattogram
Dr. Amir Mohammad Khan,followers,"Brain, Nerve & Spine Surgery Specialist","MBBS, MS",Assistant Professor,National Institute of Neurosciences & Hospital,N/A,https://doctor.bd/doctor/dr-amir-mohammad-khan-neurosurgery-dhaka
Dr. Amirul Islam Bhuyan,followers,Cardiac & Heart Surgery Specialist,"MBBS, MS",Consultant,"Labaid Specialized Hospital, Dhanmondi",N/A,https://doctor.bd/doctor/dr-amirul-islam-bhuyan-cardiac-surgery-dhaka
Dr. Amiruzzaman Sumon,followers,Medicine Specialist,"MBBS, FCPS",Associate Professor,Sir Salimullah Medical College Mitford Hospital,N/A,https://doctor.bd/doctor/dr-amiruzzaman-sumon-medicine-dhaka
Dr. Amit Kapoor,followers,"Orthopedics, Trauma & Joint Surgery Specialist","MBBS, D-ORTHO, DNB",Senior Consultant,Evercare Hospital Dhaka,N/A,https://doctor.bd/doctor/dr-amit-kapoor-orthopedics-dhaka
Dr. Amit Kumar Barua,followers,Medicine Specialist,"MBBS, DA, DOC, PGT",N/A,Medicine,20+ Years,https://doctor.bd/doctor/dr-amit-kumar-barua-medicine-chattogram
Dr. Amit Kumar Devnath,followers,Urology & Andrology Specialist,"MBBS, BCS, MS, MACS, FCPS",Consultant,National Institute of Kidney Disease and Urology (NIKDU),20+ Years,https://doctor.bd/doctor/dr-amit-kumar-devnath-urology-dhaka
Dr. Amit Kumar Saha,followers,"ENT, Head & Neck Disease Specialist","MBBS, DLO",Consultant,Popular Diagnostic Center,N/A,https://doctor.bd/doctor/dr-amit-kumar-saha-ent-narayanganj
Dr. Amit Sen,followers,Child Health & Pediatric Specialist,"MBBS, DCH, CCD",Registrar,Southern Medical College & Hospital,N/A,https://doctor.bd/doctor/dr-amit-sen-pediatrics-chattogram
Dr. Amitabh Sarkar,followers,"Neurology, Brain & Nerve Disease Specialist","MBBS, MD",Consultant,Sher-e-bangla Medical College Hospital,N/A,https://doctor.bd/doctor/dr-amitabh-sarkar-neurology-barishal
Dr. Amitav Banik,followers,Physical Medicine & Rehabilitation Specialist,"MBBS, BCS, FCPS",Assistant Professor,Sir Salimullah Medical College Mitford Hospital,N/A,https://doctor.bd/doctor/dr-amitav-banik-physical-medicine-rehabilitation-dhaka
Dr. AMM Mukarrabin,followers,"Brain, Nerve & Spine Surgery Specialist","MBBS, BCS, MS",Neurosurgeon,Dhaka Medical College Hospital,N/A,https://doctor.bd/doctor/dr-amm-mukarrabin-neurosurgery-dhaka
Dr. Amrit Kumar Debnath,followers,Medicine & Diabetes Specialist,"MBBS, BCS, FCPS, CCD, MACP",Senior Consultant,Cumilla General Hospital,N/A,https://doctor.bd/doctor/dr-amrit-kumar-debnath-medicine-cumilla
Dr. Amrita Lal Halder,followers,Child Health & Pediatric Specialist,"MBBS, FCPS",Resident Physician,BIRDEM General Hospital,N/A,https://doctor.bd/doctor/dr-amrita-lal-halder-pediatrics-dhaka
Dr. Anamika Paul,followers,Oral & Dental Surgery Specialist,BDS,Consultant,"Oasis Hospital, Sylhet",N/A,https://doctor.bd/doctor/dr-anamika-paul-dentistry-sylhet
Dr. Anamika Saha,followers,Child Health & Pediatric Specialist,"MBBS, MRCPCH, FCPS",Consultant,Green Life Medical College & Hospital,N/A,https://doctor.bd/doctor/dr-anamika-saha-pediatrics-dhaka
Dr. Ananda Kishore Ghosh,followers,Child Health & Pediatric Specialist,"MBBS, FCPS",Consultant,Popular Diagnostic Center,N/A,https://doctor.bd/doctor/dr-ananda-kishore-ghosh-pediatrics-narayanganj
Dr. Anandita Dey,followers,Oral & Dental Surgery Specialist,"BDS, MPH",Medical Officer,North East Medical College Hospital,N/A,https://doctor.bd/doctor/dr-anandita-dey-dentistry-sylhet
Dr. Ananta Kumar Bhakta,followers,"Orthopedics, Trauma & Joint Surgery Specialist","MBBS, BCS, MS",Registrar,National Institute of Traumatology and Orthopaedic Rehabilitation (NITOR),N/A,https://doctor.bd/doctor/dr-ananta-kumar-bhakta-orthopedics-dhaka
Dr. Ananta Kumar Kundu,followers,"Diabetes, Hormone & Thyroid Specialist","MBBS, MD, DEM, MSc",Consultant,BIRDEM General Hospital,N/A,https://doctor.bd/doctor/dr-ananta-kumar-kundu-endocrinology-dhaka
Dr. Anaya Saha Banna,followers,"Diabetes, Hormone & Thyroid Specialist","MBBS, MD, BCS, MACE",Consultant,Dhaka Medical College Hospital,N/A,https://doctor.bd/doctor/dr-anaya-saha-banna-endocrinology-dhaka
Dr. Anharur Rahman,followers,General & Laparoscopic Surgery Specialist,"MBBS, FCPS, FMAS",Assistant Professor,Kumudini Women's Medical College & Hospital,N/A,https://doctor.bd/doctor/dr-anharur-rahman-general-surgery-dhaka
Dr. Anima Sarker,followers,"Obstetrics, Gynaecology & Surgery Specialist","MBBS, FCPS",Assistant Professor,Uttara Adhunik Medical College Hospital,N/A,https://doctor.bd/doctor/dr-anima-sarker-gynaecology-obstetrics-dhaka
Dr. Animesh Mallick,followers,Chest & Respiratory Disease Specialist,"MBBS, DTM&H, DTCD, FRSH",Consultant,Chattogram Medical College Hospital,N/A,https://doctor.bd/doctor/dr-animesh-mallick-respiratory-medicine-chattogram
Dr. Anirban Ghose,followers,Urology & Andrology Specialist,"MBBS, MS",Assistant Registrar,Chattogram Medical College Hospital,N/A,https://doctor.bd/doctor/dr-anirban-ghose-urology-chattogram
Dr. Anirudha Sardar,followers,General & Laparoscopic Surgery Specialist,"MBBS, FCPS",Consultant,Khulna Medical College Hospital,N/A,https://doctor.bd/doctor/dr-anirudha-sardar-general-surgery-khulna
Dr. Anis Ahmed,followers,"Neurology, Brain & Nerve Disease Specialist","MBBS, MD",Assistant Professor,Bangladesh Medical University,N/A,https://doctor.bd/doctor/dr-anis-ahmed-neurology-dhaka
Dr. Anis Uddin Ahmed,followers,Eye Disease & Surgery Specialist,"MBBS, BCS, MS",Consultant,Cumilla General Hospital,N/A,https://doctor.bd/doctor/dr-anis-uddin-ahmed-ophthalmology-cumilla
Dr. Anisa Jahan,followers,Pediatric Neurology Specialist,"MBBS, DCH, FCPS",Associate Professor,Bangladesh Shishu Hospital and Institute,N/A,https://doctor.bd/doctor/dr-anisa-jahan-pediatrics-dhaka
Dr. Anisul Awal,followers,"Cardiology, Hypertension & Heart Disease Specialist","MBBS, MCPS, FCPS, MD, FSCAI",Assistant Professor,Chattogram Medical College Hospital,N/A,https://doctor.bd/doctor/dr-anisul-awal-cardiology-chattogram
Dr. Anisul Goni Khan,followers,"Cardiology, Hypertension & Heart Disease Specialist","MBBS, D-CARD, MD, FRCP, FACC",Cardiologist,National Institute of Cardiovascular Disease (NICVD),N/A,https://doctor.bd/doctor/dr-anisul-goni-khan-cardiology-dhaka
Dr. Anisur Rahman,followers,"Diabetes, Hormone & Thyroid Specialist","MBBS, DIH, DEM, FACE",Consultant,BIRDEM General Hospital,N/A,https://doctor.bd/doctor/dr-anisur-rahman-endocrinology-dhaka
Dr. Anisur Rahman Khan,followers,"Cardiology, Hypertension & Heart Disease Specialist","MBBS, MD",Cardiologist,"Mugda Medical College Hospital, Dhaka",N/A,https://doctor.bd/doctor/dr-anisur-rahman-khan-cardiology-dhaka
Dr. Anita Marium Islam,followers,Medicine & Rheumatology Specialist,"MBBS, CCD, FCPS",Consultant,Evercare Hospital Dhaka,N/A,https://doctor.bd/doctor/dr-anita-marium-islam-rheumatology-dhaka
Dr. Anjan Kumar Das,followers,Homeopathic Medicine Specialist,"DHMS, MBA",Secretary General,"Bangladesh Homoeopathic Parishad, Central Committee",N/A,https://doctor.bd/doctor/dr-anjan-kumar-das-homeopathy-chattogram
Dr. Anjan Lal Ghosh,followers,"Orthopedics, Trauma & Joint Surgery Specialist","MBBS, D-ORTHO",Associate Professor,Northern International Medical College Hospital,N/A,https://doctor.bd/doctor/dr-anjan-lal-ghosh-orthopedics-narayanganj
Dr. Anjana Saha,followers,"Diabetes, Hormone & Thyroid Specialist","MBBS, BCS, MD",Consultant,National Institute of Cancer Research and Hospital (NICR&H),N/A,https://doctor.bd/doctor/dr-anjana-saha-endocrinology-narayanganj
Dr. Anjir Anwar,followers,Pediatric Neurology Specialist,"MBBS, BCS, FCPS",Registrar,Chattogram Medical College Hospital,N/A,https://doctor.bd/doctor/dr-anjir-anwar-pediatrics-chattogram
Dr. Anjona Boshak,followers,Child Health & Pediatric Specialist,"MBBS, BCS, FCPS",Assistant Professor,"Shaheed Ziaur Rahman Medical College Hospital, Bogura",N/A,https://doctor.bd/doctor/dr-anjona-boshak-pediatrics-bogura
Dr. Anjuman Ara,followers,"Obstetrics, Gynaecology & Surgery Specialist","MBBS, MS",Assistant Professor,Khulna Medical College Hospital,N/A,https://doctor.bd/doctor/dr-anjuman-ara-gynaecology-obstetrics-khulna
Dr. Anjuman Ara Rita,followers,"Obstetrics, Gynaecology & Surgery Specialist","MBBS, FCPS",Senior Consultant,Centre for Woman and Child Health,N/A,https://doctor.bd/doctor/dr-anjuman-ara-rita-gynaecology-obstetrics-dhaka
Dr. Anjuman-E-Ferdous,followers,"Obstetrics, Gynaecology & Surgery Specialist","MBBS, BCS, FCPS",Medical Officer,Pabna Mental Hospital,N/A,https://doctor.bd/doctor/dr-anjuman-e-ferdous-gynaecology-obstetrics-pabna
Dr. ANM Harunur Rashid (Uzzal),followers,"Orthopedics, Trauma & Joint Surgery Specialist","MBBS, MS",Assistant Professor,Sir Salimullah Medical College Mitford Hospital,N/A,https://doctor.bd/doctor/dr-anm-harunur-rashid-uzzal-orthopedics-dhaka
Dr. ANM Ilias Naime,followers,"Brain, Nerve & Spine Surgery Specialist","MBBS, BCS, FCPS",Professor & Head,Cumilla Medical College Hospital,N/A,https://doctor.bd/doctor/dr-anm-ilias-naime-neurosurgery-cumilla
Dr. Anowarul Islam (Dider),followers,"Cardiology, Hypertension & Heart Disease Specialist","MBBS, BCS, MD, MACC, MRCP, CCD",Consultant,National Institute of Cardiovascular Disease (NICVD),10+ Years,https://doctor.bd/doctor/dr-anowarul-islam-dider-cardiology-feni
Dr. Anup Kumar,followers,General & Laparoscopic Surgery Specialist,"MBBS, MPH, PhD, FRSH",Consultant,Farazy Hospital,10+ Years,https://doctor.bd/doctor/dr-anup-kumar-general-surgery-dhaka
Dr. Anup Kumar Das,followers,"Cardiology, Hypertension & Heart Disease Specialist","MBBS, D-CARD, FCPS, CCD",Junior Consultant,Enam Medical College & Hospital,N/A,https://doctor.bd/doctor/dr-anup-kumar-das-cardiology-dhaka
Dr. Anup Mostofa,followers,"Orthopedics, Trauma & Joint Surgery Specialist","MBBS, BCS, MS, MRCS",Surgeon,Dhaka Medical College Hospital,N/A,https://doctor.bd/doctor/dr-anup-mostofa-orthopedics-dhaka
Dr. Anup Roy Chowdhury,followers,Urology & Andrology Specialist,"MBBS, BCS, MS",Consultant,National Institute of Kidney Disease and Urology (NIKDU),N/A,https://doctor.bd/doctor/dr-anup-roy-chowdhury-urology-khulna
Dr. Anupam Dutta Roy,followers,Child Health & Pediatric Specialist,"MBBS, BCS, DCH, MRCPCH, PGPN, FCPS",Consultant,Mymensingh Medical College Hospital,N/A,https://doctor.bd/doctor/dr-anupam-dutta-roy-pediatrics-mymensingh
Dr. Anwar Hossain Bablu,followers,"Neurology, Brain & Nerve Disease Specialist","MBBS, FCPS, MD",Assistant Professor,Sher-e-bangla Medical College Hospital,N/A,https://doctor.bd/doctor/dr-anwar-hossain-bablu-neurology-barishal
Dr. Anwar Israil,followers,"Neurology, Brain & Nerve Disease Specialist","MBBS, BCS, MD",Assistant Professor,National Institute of Neurosciences & Hospital,N/A,https://doctor.bd/doctor/dr-anwar-israil-neurology-dhaka
Dr. Anwara Begum,followers,"Obstetrics, Gynaecology & Surgery Specialist","MBBS, FCPS",Professor,Dhaka Medical College Hospital,N/A,https://doctor.bd/doctor/dr-anwara-begum-gynaecology-obstetrics-dhaka
Dr. Anwarul Anam Kibria,followers,Cardiac & Heart Surgery Specialist,"MBBS, MS",Surgeon,National Institute of Diseases of the Chest & Hospital (NIDCH),N/A,https://doctor.bd/doctor/dr-anwarul-anam-kibria-cardiac-surgery-dhaka
Dr. Anzirun Nahar Asma,followers,"Skin, Allergy & Sexual Disease Specialist","MBBS, DDV, FCPS",Associate Professor,Popular Medical College & Hospital,N/A,https://doctor.bd/doctor/dr-anzirun-nahar-asma-dermatology-dhaka
Dr. Anzuman Ara Bulu,followers,"Obstetrics, Gynaecology & Surgery Specialist","MBBS, MCPS, DMSU",Consultant,Ibn Sina Medical College Hospital,N/A,https://doctor.bd/doctor/dr-anzuman-ara-bulu-gynaecology-obstetrics-dhaka
Dr. Aparajita Chowdhury,followers,Child Health & Pediatric Specialist,"MBBS, BCS, DCH",Consultant,Sylhet MAG Osmani Medical College Hospital,N/A,https://doctor.bd/doctor/dr-aparajita-chowdhury-pediatrics-sylhet
Dr. Aparna Das,followers,Medicine & Diabetes Specialist,"MBBS, FCPS, MD, DEM",Associate Professor,Dhaka Medical College Hospital,N/A,https://doctor.bd/doctor/dr-aparna-das-medicine-dhaka
Dr. Aparup Kanti Das,followers,Child Health & Pediatric Specialist,"MBBS, BCS, FCPS",Assistant Registrar,Chattogram Medical College Hospital,N/A,https://doctor.bd/doctor/dr-aparup-kanti-das-pediatrics-chattogram
Dr. Apel Mahmud,followers,Oral & Dental Surgery Specialist,BDS,Consultant,"Opy’s Dental Care, Uttara, Dhaka",22+ Years,https://doctor.bd/doctor/dr-apel-mahmud-dentistry-dhaka
Dr. Arafat Azim,followers,Psychiatry & Mental Health Specialist,"MBBS, BCS, MD",Consultant,Chattogram Medical College Hospital,22+ Years,https://doctor.bd/doctor/dr-arafat-azim-psychiatry-chattogram
Dr. Arafat Hasan,followers,Medicine & Diabetes Specialist,"MBBS, BCS, MCPS, MRCP, FCPS",Consultant,Pabna Medical College Hospital,15+ Years,https://doctor.bd/doctor/dr-arafat-hasan-medicine-pabna
Dr. Arefin Khan,followers,Chest & Respiratory Disease Specialist,"MBBS, DTCD, BCS, FCCP",Consultant,National Institute of Diseases of the Chest & Hospital (NIDCH),N/A,https://doctor.bd/doctor/dr-arefin-khan-respiratory-medicine-dhaka
Dr. Arfana Yesmin,followers,Medicine Specialist,"MBBS, FCPS",Assistant Professor,Chattogram International Medical College & Hospital (CIMCH),N/A,https://doctor.bd/doctor/dr-arfana-yesmin-medicine-chattogram
Dr. Arfin Akter,followers,Eye Disease & Surgery Specialist,"MBBS, DO",Department of Ophthalmology,Rangpur Medical College Hospital,15+ Years,https://doctor.bd/doctor/dr-arfin-akter-ophthalmology-rangpur
Dr. Arif Mahbub,followers,Medicine & Diabetes Specialist,"MBBS, BCS, MD, MACP, CCD, FCPS",Resident Physician,Mymensingh Medical College Hospital,15+ Years,https://doctor.bd/doctor/dr-arif-mahbub-medicine-mymensingh
Dr. Arif Mahmud Jewel,followers,"ENT, Head & Neck Disease Specialist","MBBS, MS",Consultant,Bangladesh Medical University,N/A,https://doctor.bd/doctor/dr-arif-mahmud-jewel-ent-dhaka
Dr. Arif Mohammad Sohan,followers,"Cardiology, Hypertension & Heart Disease Specialist","MBBS, MD",Consultant,Ship International Hospital,N/A,https://doctor.bd/doctor/dr-arif-mohammad-sohan-cardiology-dhaka
Dr. Arif Uddin Ahmed,followers,"Skin, Allergy & Sexual Disease Specialist","MBBS, DDV",Associate Professor,Sylhet Womens Medical College Hospital,N/A,https://doctor.bd/doctor/dr-arif-uddin-ahmed-dermatology-sylhet
Dr. Arifa Akter Zahan Shoma,followers,"Obstetrics, Gynaecology & Surgery Specialist","MBBS, FCPS",Professor & Head,Kumudini Women's Medical College & Hospital,N/A,https://doctor.bd/doctor/dr-arifa-akter-zahan-shoma-gynaecology-obstetrics-dhaka
Dr. Arifa Billah Shafiq,followers,"Skin, Allergy & Sexual Disease Specialist","MBBS, CCD, MD",Clinical & Aesthetic Dermatologist,Asgar Ali Hospital,N/A,https://doctor.bd/doctor/dr-arifa-billah-shafiq-dermatology-dhaka
Dr. Arifa Tasnim,followers,Liver & Hepatology Specialist,"MBBS, BCS, MD",Consultant,"National Gastroliver Institute and Hospital, Dhaka",N/A,https://doctor.bd/doctor/dr-arifa-tasnim-hepatology-dhaka
Dr. Ariful Basher,followers,Medicine Specialist,"MBBS, FCPS, MPH, MD",Bangladesh Specialized Hospital,Bangladesh Specialized Hospital,N/A,https://doctor.bd/doctor/dr-ariful-basher-medicine-dhaka
Dr. Ariful Haque,followers,Oncologist & Cancer Specialist,"MBBS, BCS, MD",Resident Surgeon,Dhaka Medical College Hospital,N/A,https://doctor.bd/doctor/dr-ariful-haque-oncology-dhaka
Dr. Ariful Islam,followers,Medicine & Diabetes Specialist,"MBBS, FCPS, MRCP, CCD",Doctor,BIRDEM General Hospital,N/A,https://doctor.bd/doctor/dr-ariful-islam-medicine-dhaka
Dr. Ariful Islam,followers,"ENT, Head & Neck Disease Specialist","MBBS, DLO",Assistant Registrar,Delta Medical College & Hospital,N/A,https://doctor.bd/doctor/dr-ariful-islam-ent-dhaka
Dr. Ariful Islam Arif,followers,"ENT, Head & Neck Disease Specialist","MBBS, FCPS",Doctor,Bangladesh Medical College Hospital,N/A,https://doctor.bd/doctor/dr-ariful-islam-arif-ent-dhaka
Dr. Ariful Islam Majumder,followers,Kidney & Nephrology Specialist,"MBBS, BCS, MD",Assistant Professor,National Institute of Kidney Disease and Urology (NIKDU),N/A,https://doctor.bd/doctor/dr-ariful-islam-majumder-nephrology-narayanganj
Dr. Ariful Rahman,followers,Oral & Dental Surgery Specialist,"BDS, BCS, PGT, DDS",Assistant Professor,Cumilla Medical College Hospital,N/A,https://doctor.bd/doctor/dr-ariful-rahman-dentistry-cumilla
Dr. Arin Akbar Mou,followers,Oral & Dental Surgery Specialist,"BDS, MPH, PGT",Chief Consultant,"Dental Doctor, Bangladesh Bank",N/A,https://doctor.bd/doctor/dr-arin-akbar-mou-dentistry-rajshahi
Dr. Arman Ibne Haq,followers,Psychiatry & Mental Health Specialist,"MBBS, FCPS",Assistant Professor,Bangladesh Medical College Hospital,N/A,https://doctor.bd/doctor/dr-arman-ibne-haq-psychiatry-dhaka
Dr. Arman Reza Chowdhury,followers,Oncologist & Cancer Specialist,"MBBS, FCPS",Consultant,Evercare Hospital Dhaka,N/A,https://doctor.bd/doctor/dr-arman-reza-chowdhury-oncology-dhaka
Dr. Arman Uddin Ahmad,followers,Eye Disease & Surgery Specialist,"MBBS, MS, FCPS",Assistant Professor,Kushtia Medical College Hospital,N/A,https://doctor.bd/doctor/dr-arman-uddin-ahmad-ophthalmology-kushtia
Dr. Armana Sharmin Khan,followers,Child Health & Pediatric Specialist,"MBBS, DCH, FCPS",Consultant,Chattogram International Medical College & Hospital (CIMCH),N/A,https://doctor.bd/doctor/dr-armana-sharmin-khan-pediatrics-chattogram
Dr. Arpan Das,followers,Medicine & Diabetes Specialist,"MBBS, BCS, MD, MACP, CCD",Assistant Professor,Rangamati Medical College Hospital,N/A,https://doctor.bd/doctor/dr-arpan-das-medicine-rangamati
Dr. Arpita Bhattacharjee,followers,"Obstetrics, Gynaecology & Surgery Specialist","MBBS, FCPS",Surgeon,Sylhet MAG Osmani Medical College Hospital,N/A,https://doctor.bd/doctor/dr-arpita-bhattacharjee-gynaecology-obstetrics-sylhet
Dr. Arpita Das,followers,"Obstetrics, Gynaecology & Surgery Specialist","MBBS, BCS, MCPS, FCPS",Gynecologist,Rajshahi Medical College Hospital,N/A,https://doctor.bd/doctor/dr-arpita-das-gynaecology-obstetrics-rajshahi
Dr. Arun Kumar Baishnab,followers,General & Laparoscopic Surgery Specialist,"MBBS, MS",Assistant Professor,Sylhet MAG Osmani Medical College Hospital,N/A,https://doctor.bd/doctor/dr-arun-kumar-baishnab-general-surgery-sylhet
Dr. Arun Kumar Pal,followers,"Colorectal, Piles & Rectal Surgery Specialist","MBBS, MS, FCPS, FACS",Assistant Professor,Dhaka Medical College Hospital,N/A,https://doctor.bd/doctor/dr-arun-kumar-pal-colorectal-surgery-dhaka
Dr. Arun Kumar Sarker,followers,"Orthopedics, Trauma & Joint Surgery Specialist","MBBS, BCS, MS, FACS",Assistant Professor,National Institute of Traumatology and Orthopaedic Rehabilitation (NITOR),N/A,https://doctor.bd/doctor/dr-arun-kumar-sarker-orthopedics-dhaka
Dr. Arun Kumar Sharma,followers,"Cardiology, Hypertension & Heart Disease Specialist","MBBS, MCPS, MEd, MD, FACC",Cardiologist,"Labaid Specialized Hospital, Dhanmondi",N/A,https://doctor.bd/doctor/dr-arun-kumar-sharma-cardiology-dhaka
Dr. Arunangshu Das,followers,Oncologist & Cancer Specialist,"MBBS, BCS, FCPS",Consultant,"Square Hospital, Dhaka",N/A,https://doctor.bd/doctor/dr-arunangshu-das-oncology-dhaka
Dr. Arup Kumar Roy,followers,Medicine Specialist,"MBBS, BCS, FCPS, MACP",Consultant,Cumilla Medical College Hospital,N/A,https://doctor.bd/doctor/dr-arup-kumar-roy-medicine-cumilla
Dr. As-Ad Din Mahmood (Asad),followers,"Plastic, Burn & Reconstructive Surgery Specialist","MBBS, BCS, MPH, MS",Assistant Professor,Sylhet MAG Osmani Medical College Hospital,N/A,https://doctor.bd/doctor/dr-as-ad-din-mahmood-asad-plastic-surgery-sylhet
Dr. Asadullahil Galib,followers,General Surgery Specialist,"MBBS, FCPS",Consultant,Doctors Point Specialized Hospital,N/A,https://doctor.bd/doctor/dr-asadullahil-galib-general-surgery-khulna
Dr. Asaduzzaman Biddut,followers,Oncologist & Cancer Specialist,"MBBS, MD",Assistant Professor,National Institute of Cancer Research and Hospital (NICR&H),N/A,https://doctor.bd/doctor/dr-asaduzzaman-biddut-oncology-dhaka
Dr. Asfaq Bin Rahman,followers,"Skin, Allergy & Sexual Disease Specialist","MBBS, BCS, MD",Assistant Professor,Shaheed Tajuddin Ahmad Medical College & Hospital,N/A,https://doctor.bd/doctor/dr-asfaq-bin-rahman-dermatology-dhaka
Dr. Ashfak Ahmed,followers,"Neurology, Brain & Nerve Disease Specialist","MBBS, BCS, FCPS, MD",Consultant,Rangpur Medical College Hospital,N/A,https://doctor.bd/doctor/dr-ashfak-ahmed-neurology-rangpur
Dr. Ashfaq Ahmad,followers,"ENT, Head & Neck Disease Specialist","MBBS, FCPS",Associate Professor,Chattogram Medical College Hospital,N/A,https://doctor.bd/doctor/dr-ashfaq-ahmad-ent-chattogram
Dr. Ashfaque Ahmed Siddique,followers,"Gastroenterology, Liver & Digestive Disease Specialist","MBBS, BCS, MCPS, MD",Associate Professor,"National Gastroliver Institute and Hospital, Dhaka",N/A,https://doctor.bd/doctor/dr-ashfaque-ahmed-siddique-gastroenterology-dhaka
Dr. Ashfaque Rahman Khan,followers,Eye Disease & Surgery Specialist,"MBBS, DO, DMU",Consultant,"Bangladesh Eye Hospital, Zigatola",N/A,https://doctor.bd/doctor/dr-ashfaque-rahman-khan-ophthalmology-dhaka
Dr. Ashfeka Gini,followers,"Obstetrics, Gynaecology & Surgery Specialist","MBBS, BCS, FCPS",Consultant,"Khidmah Hospital, Dhaka",N/A,https://doctor.bd/doctor/dr-ashfeka-gini-gynaecology-obstetrics-dhaka
Dr. Ashia Ali,followers,Anesthesia & Pain Management Specialist,"MBBS, FCPS, FIPM",Consultant,"United Hospital, Dhaka",N/A,https://doctor.bd/doctor/dr-ashia-ali-anesthesiology-dhaka
Dr. Ashik Abdullah,followers,Oral & Dental Surgery Specialist,"BDS, BCS, MS",Assistant Professor,Dhaka Dental College Hospital,10+ Years,https://doctor.bd/doctor/dr-ashik-abdullah-dentistry-dhaka
Dr. Ashik Iqbal,followers,"ENT, Head & Neck Disease Specialist","MBBS, BCS, FCPS",Assistant Professor,Rajshahi Medical College Hospital,10+ Years,https://doctor.bd/doctor/dr-ashik-iqbal-ent-rajshahi
Dr. Ashikul Arefin,followers,Oral & Dental Surgery Specialist,"BDS, FCPS",Medical Officer,Bangladesh Medical University,N/A,https://doctor.bd/doctor/dr-ashikul-arefin-dentistry-chattogram
Dr. Ashikur Rahman (Sagor),followers,"Cardiology, Hypertension & Heart Disease Specialist","MBBS, BCS, MD, FCPS",Cardiologist,National Institute of Cardiovascular Disease (NICVD),N/A,https://doctor.bd/doctor/dr-ashikur-rahman-sagor-cardiology-pabna
Dr. Ashikur Rahman Nipu,followers,"ENT, Head & Neck Disease Specialist","MBBS, BCS, MS",Consultant,Chattogram Medical College Hospital,N/A,https://doctor.bd/doctor/dr-ashikur-rahman-nipu-ent-chattogram
Dr. Ashim Kumar Biswas,followers,"ENT, Head & Neck Disease Specialist","MBBS, MS, FCPS",ENT Specialist,Bangladesh Medical University,N/A,https://doctor.bd/doctor/dr-ashim-kumar-biswas-ent-dhaka
Dr. Ashim Kumar Ghosh,followers,Oncologist & Cancer Specialist,"MBBS, MPhil",Assistant Professor,Rajshahi Medical College Hospital,N/A,https://doctor.bd/doctor/dr-ashim-kumar-ghosh-oncology-rajshahi
Dr. Ashim Kumar Sengupta,followers,Oncologist & Cancer Specialist,"MBBS, PGT, MPhil",Senior Consultant,"United Hospital, Dhaka",N/A,https://doctor.bd/doctor/dr-ashim-kumar-sengupta-oncology-dhaka
Dr. Ashiqur Rahman Akanda,followers,Eye Disease & Surgery Specialist,"MBBS, DO, FCPS",Associate Professor,National Institute of Ophthalmology & Hospital,N/A,https://doctor.bd/doctor/dr-ashiqur-rahman-akanda-ophthalmology-dhaka
Dr. Ashish Chowdhury,followers,"Neurology, Brain & Nerve Disease Specialist","MBBS, MD",Assistant Professor,Bangladesh Medical University,N/A,https://doctor.bd/doctor/dr-ashish-chowdhury-neurology-dhaka
Dr. Ashish Dey,followers,"Cardiology, Hypertension & Heart Disease Specialist","MBBS, FCPS, MD, FSCAI",Associate Professor,Chattogram Medical College Hospital,N/A,https://doctor.bd/doctor/dr-ashish-dey-cardiology-chattogram
Dr. Ashish Kumar Chowdhury,followers,General & Laparoscopic Surgery Specialist,"MBBS, PhD, CO",Associate Professor,University of Science and Technology Chattogram,N/A,https://doctor.bd/doctor/dr-ashish-kumar-chowdhury-general-surgery-chattogram
Dr. Ashish Kumar Halder,followers,Child Health & Pediatric Specialist,"MBBS, DCH, FCPS",Assistant Professor,Sher-e-bangla Medical College Hospital,N/A,https://doctor.bd/doctor/dr-ashish-kumar-halder-pediatrics-barishal
Dr. Ashish Kumer Roy,followers,"Cardiology, Hypertension & Heart Disease Specialist","MBBS, MD",Consultant,Mymensingh Medical College Hospital,N/A,https://doctor.bd/doctor/dr-ashish-kumer-roy-cardiology-mymensingh
Dr. Ashith Chandra Das,followers,Child Health & Pediatric Specialist,"MBBS, DCH, FCPS",Associate Professor,Jalalabad Ragib-Rabeya Medical College & Hospital,N/A,https://doctor.bd/doctor/dr-ashith-chandra-das-pediatrics-sylhet
Dr. Asho Tosh Nath,followers,"Orthopedics, Trauma & Joint Surgery Specialist","MBBS, BCS, MS",Assistant Registrar,Chattogram Medical College Hospital,N/A,https://doctor.bd/doctor/dr-asho-tosh-nath-orthopedics-chattogram
Dr. Ashoke Sorkar,followers,Medicine Specialist,"MBBS, BCS, MD",Associate Professor,Rajshahi Medical College Hospital,N/A,https://doctor.bd/doctor/dr-ashoke-sorkar-medicine-rajshahi
Dr. Ashraf Ur Rahman Tomal,followers,"Cardiology, Hypertension & Heart Disease Specialist","MBBS, BCS, FCPS, MCPS, MD",Assistant Registrar,National Institute of Cardiovascular Disease (NICVD),N/A,https://doctor.bd/doctor/dr-ashraf-ur-rahman-tomal-cardiology-dhaka
Dr. Ashraful Hoque,followers,Medicine & Diabetes Specialist,"MBBS, BCS, DBST, FCCS, FIPM",Assistant Professor,Cumilla Medical College Hospital,12+ Years,https://doctor.bd/doctor/dr-ashraful-hoque-transfusion-medicine-cumilla
Dr. Ashraful Islam Rana,followers,Urology & Andrology Specialist,"MBBS, BCS, MS",Consultant,Sylhet MAG Osmani Medical College Hospital,N/A,https://doctor.bd/doctor/dr-ashraful-islam-rana-urology-sylhet
Dr. Ashraful Islam Razib,followers,"ENT, Head & Neck Disease Specialist","MBBS, BCS, MCPS, FCPS",Surgeon,"National Institute of ENT, Tejgaon, Dhaka",N/A,https://doctor.bd/doctor/dr-ashraful-islam-razib-ent-dhaka
Dr. Ashraful Matin Sagor,followers,"Orthopedics, Trauma & Joint Surgery Specialist","MBBS, BCS, MS",Consultant,Cumilla General Hospital,N/A,https://doctor.bd/doctor/dr-ashraful-matin-sagor-orthopedics-cumilla
Dr. Ashrafun Nahar Sweety,followers,"Obstetrics, Gynaecology & Surgery Specialist","MBBS, MCPS, FCPS, MRCOG, DMU",Consultant,"Specialized Medical Center Hospital, Saudi Arabia",N/A,https://doctor.bd/doctor/dr-ashrafun-nahar-sweety-gynaecology-obstetrics-narayanganj
Dr. Asif Ahmed Bin Moin,followers,Cardiac & Heart Surgery Specialist,"MBBS, MS",Senior Consultant,Evercare Hospital Chattogram,N/A,https://doctor.bd/doctor/dr-asif-ahmed-bin-moin-cardiac-surgery-chattogram
Dr. Asif Hasan Khan,followers,Rheumatology & Arthritis Specialist,"MBBS, BCS, MD",Rheumatologist,National Institute of Neurosciences & Hospital,N/A,https://doctor.bd/doctor/dr-asif-hasan-khan-rheumatology-dhaka
Dr. Asif Imran Siddiqui,followers,"Skin, Allergy & Sexual Disease Specialist","MBBS, DDV",Chief Consultant,"Skinic Dermatology Centre, Mirpur",N/A,https://doctor.bd/doctor/dr-asif-imran-siddiqui-dermatology-dhaka
Dr. Asif Manwar,followers,"Cardiology, Hypertension & Heart Disease Specialist","MBBS, D-CARD, MSc",Consultant,"Square Hospital, Dhaka",N/A,https://doctor.bd/doctor/dr-asif-manwar-cardiology-dhaka
Dr. Asif Md. Sazzad-Uz Zumma,followers,Urology & Andrology Specialist,"MBBS, BCS, MS, MRCS, CCD, CMU, FICS",Consultant,National Institute of Cancer Research and Hospital (NICR&H),12+ Years,https://doctor.bd/doctor/dr-asif-md-sazzad-uz-zumma-urology-dhaka
Dr. Asif Moazzam Barkatullah,followers,"Brain, Nerve & Spine Surgery Specialist","MBBS, MS",Associate Professor,Sir Salimullah Medical College Mitford Hospital,12+ Years,https://doctor.bd/doctor/dr-asif-moazzam-barkatullah-neurosurgery-dhaka
Dr. Asif Mujtaba Mahmud,followers,Chest & Respiratory Disease Specialist,"MBBS, DTCD, PhD",Senior Consultant,Asgar Ali Hospital,N/A,https://doctor.bd/doctor/dr-asif-mujtaba-mahmud-respiratory-medicine-dhaka
Dr. Asif Rabbani,followers,Physical Medicine & Rehabilitation Specialist,"MBBS, BCS, MD",Assistant Registrar,"Shaheed Ziaur Rahman Medical College Hospital, Bogura",N/A,https://doctor.bd/doctor/dr-asif-rabbani-physical-medicine-rehabilitation-bogura
Dr. Asif Zaman Tushar,followers,"Cardiology, Hypertension & Heart Disease Specialist","MBBS, MD",Assistant Registrar,National Institute of Cardiovascular Disease (NICVD),N/A,https://doctor.bd/doctor/dr-asif-zaman-tushar-cardiology-dhaka
Dr. Asim Biswas,followers,"Cardiology, Hypertension & Heart Disease Specialist","MBBS, MD",Assistant Professor,Sher-e-bangla Medical College Hospital,N/A,https://doctor.bd/doctor/dr-asim-biswas-cardiology-barishal
Dr. Asim Chandra Ghosh,followers,"Orthopedics, Trauma & Joint Surgery Specialist","MBBS, BCS, D-ORTHO",Consultant,National Institute of Traumatology and Orthopaedic Rehabilitation (NITOR),N/A,https://doctor.bd/doctor/dr-asim-chandra-ghosh-orthopedics-dhaka
Dr. ASM Aminul Islam,followers,General & Laparoscopic Surgery Specialist,"MBBS, BCS, FCPS",Consultant,"Mohammad Ali Hospital, Bogura",N/A,https://doctor.bd/doctor/dr-asm-aminul-islam-general-surgery-bogura
Dr. ASM Didarul Ahsan,followers,"Skin, Allergy & Sexual Disease Specialist","MBBS, DDV",Consultant,Green Life Medical College & Hospital,N/A,https://doctor.bd/doctor/dr-asm-didarul-ahsan-dermatology-dhaka
Dr. ASM Farhad Khan,followers,Kidney & Nephrology Specialist,"MBBS, BCS, MD",Assistant Professor,Dhaka Medical College Hospital,N/A,https://doctor.bd/doctor/dr-asm-farhad-khan-nephrology-dhaka
Dr. ASM Iftekhar Hossen,followers,Cardiac & Heart Surgery Specialist,"MBBS, MS",Assistant Professor,Chattogram Medical College Hospital,N/A,https://doctor.bd/doctor/dr-asm-iftekhar-hossen-cardiac-surgery-chattogram
Dr. ASM Lutful Kabir Shimul,followers,Medicine & Rheumatology Specialist,"MBBS, BCS, FCPS, MACP, MCPS",Consultant,Chattogram Medical College Hospital,N/A,https://doctor.bd/doctor/dr-asm-lutful-kabir-shimul-rheumatology-chattogram
Dr. ASM Moin Uddin,followers,Eye Disease & Surgery Specialist,"MBBS, DO",Consultant,Ispahani Islamia Eye Institute & Hospital,N/A,https://doctor.bd/doctor/dr-asm-moin-uddin-ophthalmology-dhaka
Dr. ASM Morshed,followers,Kidney & Nephrology Specialist,"MBBS, BCS, MD, MCPS",Kidney Specialist,Shaheed Tajuddin Ahmad Medical College & Hospital,N/A,https://doctor.bd/doctor/dr-asm-morshed-nephrology-dhaka
Dr. ASM Rahenur Mondol Apple,followers,Medicine Specialist,"MBBS, FCPS",Assistant Professor,Rangpur Medical College Hospital,N/A,https://doctor.bd/doctor/dr-asm-rahenur-mondol-apple-medicine-rangpur
Dr. ASM Ridwan,followers,Psychiatry & Mental Health Specialist,"MBBS, MD",Professor & Head,Chattogram International Medical College & Hospital (CIMCH),N/A,https://doctor.bd/doctor/dr-asm-ridwan-psychiatry-chattogram
Dr. ASM Salimullah,followers,"Gastroenterology, Liver & Digestive Disease Specialist","MBBS, FCPS, MD",Gastroenterologist,Dhaka Medical College Hospital,N/A,https://doctor.bd/doctor/dr-asm-salimullah-gastroenterology-dhaka
Dr. ASM Sirajum Munir,followers,Medicine Specialist,"MBBS, BCS, MRCP, FCPS, FRCP",Associate Professor,"Mugda Medical College Hospital, Dhaka",N/A,https://doctor.bd/doctor/dr-asm-sirajum-munir-medicine-dhaka
Dr. ASM Towhidul Alam,followers,"Diabetes, Hormone & Thyroid Specialist","MBBS, MCPS, MD, MRCP, PhD",Consultant,Chattogram Medical College Hospital,N/A,https://doctor.bd/doctor/dr-asm-towhidul-alam-endocrinology-chattogram
Dr. Asma Ahmed Tonima,followers,Oral & Dental Surgery Specialist,"BDS, PGT",Dentist,"Dream Dental Care, Ishwardi, Pabna",N/A,https://doctor.bd/doctor/dr-asma-ahmed-tonima-dentistry-pabna
Dr. Asma Akter,followers,"Obstetrics, Gynaecology & Surgery Specialist","MBBS, BCS, DGO",Consultant,Cumilla Holy Family Hospital,N/A,https://doctor.bd/doctor/dr-asma-akter-gynaecology-obstetrics-cumilla
Dr. Asma Begum,followers,Oral & Dental Surgery Specialist,"BDS, BCS, DDS, FICD",Professor & Head,Shaheed Shaikh Abu-Naser Specialized Hospital,N/A,https://doctor.bd/doctor/dr-asma-begum-dentistry-khulna
Dr. Asma Ferdousi,followers,Child Health & Pediatric Specialist,"MBBS, DCH, FCPS, MD",Associate Professor,Chattogram Medical College Hospital,N/A,https://doctor.bd/doctor/dr-asma-ferdousi-pediatrics-chattogram
Dr. Asma Helen Khan,followers,Liver & Hepatology Specialist,"MBBS, FCPS",Consultant,Bangladesh Medical University,N/A,https://doctor.bd/doctor/dr-asma-helen-khan-hepatology-dhaka
Dr. Asma Khatun,followers,Child Health & Pediatric Specialist,"MBBS, MD",Consultant,Ibn Sina Medical College Hospital,N/A,https://doctor.bd/doctor/dr-asma-khatun-pediatrics-dhaka
Dr. Asma Khatun Aurora,followers,"Obstetrics, Gynaecology & Surgery Specialist","MBBS, BCS, DG, FCPS, MS",Gynecologist,Dhaka Medical College Hospital,N/A,https://doctor.bd/doctor/dr-asma-khatun-aurora-gynaecology-obstetrics-dhaka
Dr. Asma Mazumder Toma,followers,"Obstetrics, Gynaecology & Surgery Specialist","MBBS, DGO, MCPS, DMUD, FCPS",Consultant,"Labaid (Diagnostic), Cumilla",N/A,https://doctor.bd/doctor/dr-asma-mazumder-toma-gynaecology-obstetrics-cumilla
Dr. Asma Rumanaz Shahid,followers,"Obstetrics, Gynaecology & Surgery Specialist","MBBS, DGO, MCPS, MS, FACS",Professor & Head,"Kurmitola General Hospital, Dhaka",N/A,https://doctor.bd/doctor/dr-asma-rumanaz-shahid-gynaecology-obstetrics-dhaka
Dr. Asma Siddiqua,followers,Oncologist & Cancer Specialist,"MBBS, MPH, MCPS, FCPS",Associate Professor,National Institute of Cancer Research and Hospital (NICR&H),N/A,https://doctor.bd/doctor/dr-asma-siddiqua-oncology-dhaka
Dr. Asma-Ul-Hosna,followers,Oral & Dental Surgery Specialist,"BDS, BCS, MS",Professor & Head,Mymensingh Medical College Hospital,N/A,https://doctor.bd/doctor/dr-asma-ul-hosna-dentistry-mymensingh
Dr. Asraful Haque Chowdhury,followers,Blood Disease & Hematology Specialist,"MBBBS, BCS, FCPS",Doctor,Dhaka Medical College Hospital,N/A,https://doctor.bd/doctor/dr-asraful-haque-chowdhury-hematology-dhaka
Dr. Ata Md. Adnan,followers,"Diabetes, Hormone & Thyroid Specialist","MBBS, MSc",Consultant,"Surgiscope Hospital, Chattogram",N/A,https://doctor.bd/doctor/dr-ata-md-adnan-endocrinology-chattogram
Dr. Ataul Mujeeb Rashed,followers,Acupuncture & Pain Management Specialist,MBBS,Physician & Acupuncturist,"Yin Yang Healthcare, Dhaka, Bangladesh",N/A,https://doctor.bd/doctor/dr-ataul-mujeeb-rashed-alternative-medicine-dhaka
Dr. Atiqur Rahman,followers,Anesthesia & Pain Management Specialist,"MBBS, MCPS, FCPS",Consultant,"Apollo Imperial Hospital, Chattogram",N/A,https://doctor.bd/doctor/dr-atiqur-rahman-anesthesiology-chattogram
Dr. ATM Ataur Rahman (Hiron),followers,"Gastroenterology, Liver & Digestive Disease Specialist","MBBS, BCS, MD, FCPS",Associate Professor,"Bangabandhu Sheikh Mujib Medical College, Faridpur",N/A,https://doctor.bd/doctor/dr-atm-ataur-rahman-hiron-gastroenterology-faridpur
Dr. ATM Faruque Ahmed,followers,Child Health & Pediatric Specialist,"MBBS, DCH, MD",Professor & Head,"Star Line Specialized Hospital, Feni",37+ Years,https://doctor.bd/doctor/dr-atm-faruque-ahmed-pediatrics-cumilla
Dr. ATM Rezaul Karim,followers,"Orthopedics, Trauma & Joint Surgery Specialist","MBBS, D-ORTHO, MS",Consultant,"Parkview Hospital, Chattogram",37+ Years,https://doctor.bd/doctor/dr-atm-rezaul-karim-orthopedics-chattogram
Dr. Avijit Das Kanungo,followers,"Orthopedics, Trauma & Joint Surgery Specialist","MBBS, D-ORTHO",Consultant,Cumilla Medical College Hospital,N/A,https://doctor.bd/doctor/dr-avijit-das-kanungo-orthopedics-cumilla
Dr. Avijit Sen,followers,Oral & Dental Surgery Specialist,"BDS, PGT",Medical Officer,Bangladesh Navy Shaheed Moazzem Hospital,N/A,https://doctor.bd/doctor/dr-avijit-sen-dentistry-chattogram
Dr. Avishek Bhadra,followers,"Orthopedics, Trauma & Joint Surgery Specialist","MBBS, D-ORTHO",Assistant Professor,President Abdul Hamid Medical College & Hospital,8+ Years,https://doctor.bd/doctor/dr-avishek-bhadra-orthopedics-kishoreganj
Dr. Ayenun Akter Luna,followers,"Obstetrics, Gynaecology & Surgery Specialist","MBBS, BCS, FCPS",Lecturer,Govt. Homeopathic Medical College,8+ Years,https://doctor.bd/doctor/dr-ayenun-akter-luna-gynaecology-obstetrics-dhaka
Dr. Ayesha Akter,followers,"Skin, Allergy & Sexual Disease Specialist","MBBS, BCS, FCPS",Associate Professor,Cumilla Medical College Hospital,N/A,https://doctor.bd/doctor/dr-ayesha-akter-dermatology-cumilla
Dr. Ayesha Akther Nipa,followers,Oral & Dental Surgery Specialist,BDS,Consultant,Mostafizur's Dental,N/A,https://doctor.bd/doctor/dr-ayesha-akther-nipa-dentistry-cumilla
Dr. Ayesha Beg,followers,"Obstetrics, Gynaecology & Surgery Specialist","MBBS, BCS, FCPS",Consultant,Mymensingh Medical College Hospital,N/A,https://doctor.bd/doctor/dr-ayesha-beg-gynaecology-obstetrics-mymensingh
Dr. Ayesha Begum,followers,Child Health & Pediatric Specialist,"MBBS, BCS, MD",Assistant Professor,Chattogram Medical College Hospital,N/A,https://doctor.bd/doctor/dr-ayesha-begum-pediatrics-chattogram
Dr. Ayesha Begum,followers,"Diabetes, Hormone & Thyroid Specialist","MBBS, BCS, MD, MACP, FCPS",Consultant,Keraniganj Upazila Health Complex,N/A,https://doctor.bd/doctor/dr-ayesha-begum-endocrinology-dhaka
Dr. Ayesha Hasina,followers,Child Health & Pediatric Specialist,"MBBS, MCPS, MD, FCPS",Consultant,"BRB Hospital, Dhaka",N/A,https://doctor.bd/doctor/dr-ayesha-hasina-pediatrics-dhaka
Dr. Ayesha Khatun,followers,General & Laparoscopic Surgery Specialist,"MBBS, BCS, FCPS",Assistant Professor,Cumilla Medical College Hospital,10+ Years,https://doctor.bd/doctor/dr-ayesha-khatun-general-surgery-cumilla
Dr. Ayesha Nasrin Surovee,followers,General & Laparoscopic Surgery Specialist,"MBBS, MS",Associate Professor,Rangpur Community Medical College & Hospital,10+ Years,https://doctor.bd/doctor/dr-ayesha-nasrin-surovee-general-surgery-rangpur
Dr. Ayesha Nigar Nur,followers,"Obstetrics, Gynaecology & Surgery Specialist","MBBS, MCPS, MS",Assistant Professor,Holy Family Red Crescent Medical College Hospital,N/A,https://doctor.bd/doctor/dr-ayesha-nigar-nur-gynaecology-obstetrics-dhaka
Dr. Ayesha Rahman,followers,General Surgery Specialist,"MBBS, BCS, MCPS, FCPS",Consultant,Bangladesh Medical University,N/A,https://doctor.bd/doctor/dr-ayesha-rahman-general-surgery-dhaka
Dr. Ayesha Siddika,followers,"Obstetrics, Gynaecology & Surgery Specialist","MBBS, BCS, MS",Consultant,Cumilla Medical College Hospital,N/A,https://doctor.bd/doctor/dr-ayesha-siddika-gynaecology-obstetrics-cumilla
Dr. Ayesha Siddika Purabi,followers,"Obstetrics, Gynaecology & Surgery Specialist","MBBS, FCPS, MS",Gynecologist,Dhaka Medical College Hospital,N/A,https://doctor.bd/doctor/dr-ayesha-siddika-purabi-gynaecology-obstetrics-dhaka
Dr. Ayesha Siddiqua,followers,"Skin, Allergy & Sexual Disease Specialist","MBBS, DDV, FCPS",Professor & Head,Delta Medical College & Hospital,N/A,https://doctor.bd/doctor/dr-ayesha-siddiqua-dermatology-dhaka
Dr. Ayesha Siddiqua,followers,Medicine Specialist,"MBBS, MRCP, MACP, FCPS",Consultant,"Bangladesh Specialized Hospital, Dhaka",N/A,https://doctor.bd/doctor/dr-ayesha-siddiqua-medicine-dhaka
Dr. Ayinur Nahar Hamid,followers,"Obstetrics, Gynaecology & Surgery Specialist","MBBS, FCPS, MCPS",Assistant Professor,Chattogram Medical College Hospital,N/A,https://doctor.bd/doctor/dr-ayinur-nahar-hamid-gynaecology-obstetrics-chattogram
Dr. AYM Shahidullah,followers,Cardiac & Heart Surgery Specialist,"MBBS, MS",Associate Professor,Khulna City Medical College Hospital,N/A,https://doctor.bd/doctor/dr-aym-shahidullah-cardiac-surgery-khulna
Dr. Aynal Haque Shakil,followers,"Neurology, Brain & Nerve Disease Specialist","MBBS, BCS, MD",Consultant,Dhaka Medical College Hospital,N/A,https://doctor.bd/doctor/dr-aynal-haque-shakil-neurology-dhaka
Dr. Ayon Kumar,followers,"Cardiology, Hypertension & Heart Disease Specialist","MBBS, MD, DNB",Consultant,Chattogram Metropolitan Hospital,N/A,https://doctor.bd/doctor/dr-ayon-kumar-cardiology-chattogram
Dr. Aysha Siddika,followers,Oral & Dental Surgery Specialist,BDS,Dentist,Tech Dental,8+ Years,https://doctor.bd/doctor/dr-aysha-siddika-dentistry-dhaka
Dr. Azfar Bin Anis,followers,"Liver, Gallbladder & Pancreatic Surgery Specialist","MBBS, BCS, MRCS, MS",Surgeon,Bangladesh Medical University,8+ Years,https://doctor.bd/doctor/dr-azfar-bin-anis-hepatobiliary-surgery-dhaka
Dr. Azfar Hossain Bhuiyan,followers,"Cardiology, Hypertension & Heart Disease Specialist","MBBS, D-CARD, MD, FSCAI",Consultant,Baridhara General Hospital,N/A,https://doctor.bd/doctor/dr-azfar-hossain-bhuiyan-cardiology-dhaka
Dr. Azfar Uddin Shaikh,followers,Urology & Andrology Specialist,"MBBS, MS, MD",Senior Consultant,"Central Hospital, Dhanmondi",N/A,https://doctor.bd/doctor/dr-azfar-uddin-shaikh-urology-dhaka
Dr. Azharul Islam (PT),followers,Physiotherapy & Rehabilitation Specialist,BPT,Senior Consultant,"Mayfair Wellness Clinic, Gulshan",N/A,https://doctor.bd/doctor/dr-azharul-islam-pt-physiotherapy-dhaka
Dr. Azimun Nessa (Sheyuli),followers,Medicine & Diabetes Specialist,"MBBS, FCPS, MACP",Registrar,BIRDEM General Hospital,N/A,https://doctor.bd/doctor/dr-azimun-nessa-sheyuli-medicine-dhaka
Dr. Aziza Parveen,followers,Homeopathic Medicine Specialist,BHMS,Doctor,Government Homeopathic Medical College & Hospital,N/A,https://doctor.bd/doctor/dr-aziza-parveen-homeopathy-dhaka
Dr. Azizul Haque,followers,"Orthopedics, Trauma & Joint Surgery Specialist","MBBS, MS",Senior Consultant,National Institute of Traumatology and Orthopaedic Rehabilitation (NITOR),N/A,https://doctor.bd/doctor/dr-azizul-haque-orthopedics-dhaka
Dr. Azizul Kabir,followers,Eye Disease & Surgery Specialist,"MBBS, DO, FCS",Senior Consultant,Al Haramain Hospital Private,N/A,https://doctor.bd/doctor/dr-azizul-kabir-ophthalmology-sylhet
Dr. Azizur Rahman Majumder,followers,"Cardiology, Hypertension & Heart Disease Specialist","MBBS, MD",Consultant,Chattogram Medical College Hospital,N/A,https://doctor.bd/doctor/dr-azizur-rahman-majumder-cardiology-chattogram
Dr. AZM Selimullah,followers,"Orthopedics, Trauma & Joint Surgery Specialist","MBBS, MS",Doctor,Bangladesh Medical University,N/A,https://doctor.bd/doctor/dr-azm-selimullah-orthopedics-dhaka
Dr. Azmery Saima,followers,Child Health & Pediatric Specialist,"MBBS, BCS, MD",Resident Physician,Shaheed Suhrawardy Medical College Hospital,10+ Years,https://doctor.bd/doctor/dr-azmery-saima-pediatrics-dhaka
Dr. Azmiree Binte Aslam,followers,"Skin, Allergy & Sexual Disease Specialist","MBBS, DDV, MCPS, FCPS",Assistant Professor,Dr. Sirajul Islam Medical College & Hospital,10+ Years,https://doctor.bd/doctor/dr-azmiree-binte-aslam-dermatology-narayanganj
Dr. B. M. Nazrul Islam,followers,"Diabetes, Hormone & Thyroid Specialist","MBBS, FCPS, CCD",Diabetes Specialist,Bangladesh Medical University,N/A,https://doctor.bd/doctor/dr-b-m-nazrul-islam-endocrinology-dhaka
Dr. B.C. Biswas Bidhan,followers,Child Health & Pediatric Specialist,"MBBS, DCH, MD",Assistant Professor,Sher-e-bangla Medical College Hospital,N/A,https://doctor.bd/doctor/dr-bc-biswas-bidhan-pediatrics-barishal
Dr. B.U.M. Wahid Ahmed,followers,Medicine Specialist,"MBBS, BCS, FCPS",Assistant Professor,Dhaka Medical College Hospital,N/A,https://doctor.bd/doctor/dr-bum-wahid-ahmed-medicine-dhaka
Dr. Bablu Kumar Paul,followers,Kidney & Nephrology Specialist,"MBBS, BCS, MD",Professor & Head,Cumilla Medical College Hospital,N/A,https://doctor.bd/doctor/dr-bablu-kumar-paul-nephrology-cumilla
Dr. Bablu Kumar Saha,followers,Pediatric Surgery Specialist,"MBBS, MS, FACS",Associate Professor,Rangpur Medical College Hospital,N/A,https://doctor.bd/doctor/dr-bablu-kumar-saha-pediatric-surgery-rangpur
Dr. Bakhtiar Ahmed,followers,General & Laparoscopic Surgery Specialist,"MBBS, MPH, FCPS",Resident Surgeon,BIRDEM General Hospital,N/A,https://doctor.bd/doctor/dr-bakhtiar-ahmed-general-surgery-dhaka
Dr. Balaram Paul,followers,General & Laparoscopic Surgery Specialist,"MBBS, FCPS",Consultant,Chattogram Medical College Hospital,14+ Years,https://doctor.bd/doctor/dr-balaram-paul-general-surgery-chattogram
Dr. Banita Biswas,followers,"Obstetrics, Gynaecology & Surgery Specialist","MBBS, BCS, DGO, MS",Gynecologist,Chattogram Medical College Hospital,14+ Years,https://doctor.bd/doctor/dr-banita-biswas-gynaecology-obstetrics-chattogram
Dr. Bappa Raj Dutta,followers,"Orthopedics, Trauma & Joint Surgery Specialist","MBBS, BCS, D-ORTHO",Consultant,Khulna Medical College Hospital,N/A,https://doctor.bd/doctor/dr-bappa-raj-dutta-orthopedics-khulna
Dr. Barnali Barua,followers,"Skin, Allergy & Sexual Disease Specialist","MBBS, MD",Assistant Professor,Chattogram Medical College Hospital,N/A,https://doctor.bd/doctor/dr-barnali-barua-dermatology-chattogram
Dr. Bashudeb Kumar Saha,followers,"ENT, Head & Neck Disease Specialist","MBBS, MS",Consultant,Central Police Hospital,N/A,https://doctor.bd/doctor/dr-bashudeb-kumar-saha-ent-dhaka
Dr. Basil Anwar,followers,Eye Disease & Surgery Specialist,"MBBS, MPH, MCPS, FCPS",Consultant,"Bangladesh Eye Hospital, Zigatola",N/A,https://doctor.bd/doctor/dr-basil-anwar-ophthalmology-dhaka
Dr. Beauty Paul Nandy,followers,"Obstetrics, Gynaecology & Surgery Specialist","MBBS, DGO, MCPS",Senior Consultant,"Jemison Red Crescent Maternity Hospital, Chattogram",N/A,https://doctor.bd/doctor/dr-beauty-paul-nandy-gynaecology-obstetrics-chattogram
Dr. Beauty Saha,followers,Oncologist & Cancer Specialist,"MBBS, DMU, MD",Registrar,Mymensingh Medical College Hospital,N/A,https://doctor.bd/doctor/dr-beauty-saha-oncology-mymensingh
Dr. Beena Sarker,followers,Kidney & Nephrology Specialist,"MBBS, MD, FCPS",Consultant,"National Institute of Burn and Plastic Surgery, Dhaka",N/A,https://doctor.bd/doctor/dr-beena-sarker-nephrology-dhaka
Dr. Begum Mushaheda Annur Renu,followers,"Obstetrics, Gynaecology & Surgery Specialist","MBBS, BCS, FCPS",Assistant Professor,Mymensingh Medical College Hospital,N/A,https://doctor.bd/doctor/dr-begum-mushaheda-annur-renu-gynaecology-obstetrics-mymensingh
Dr. Begum Rahila Akhtar,followers,Child Health & Pediatric Specialist,"MBBS, DCH",Senior Consultant,Ad-Din Medical College & Hospital,N/A,https://doctor.bd/doctor/dr-begum-rahila-akhtar-pediatrics-dhaka
Dr. Begum Shamsun Nahar Kana,followers,"Obstetrics, Gynaecology & Surgery Specialist","MBBS, FCPS, DMU",Consultant,"Impulse Hospital, Dhaka",N/A,https://doctor.bd/doctor/dr-begum-shamsun-nahar-kana-gynaecology-obstetrics-dhaka
Dr. Belal Hossain,followers,"Neurology, Brain & Nerve Disease Specialist","MBBS, MD",Assistant Professor,Chattogram Medical College Hospital,N/A,https://doctor.bd/doctor/dr-belal-hossain-neurology-chattogram
Dr. Belayet Hossain,followers,"Orthopedics, Trauma & Joint Surgery Specialist","MBBS, MS",Assistant Professor,Mymensingh Medical College Hospital,N/A,https://doctor.bd/doctor/dr-belayet-hossain-orthopedics-mymensingh
Dr. Benozir Haque Panna,followers,"Obstetrics, Gynaecology & Surgery Specialist","MBBS, DGO, FCPS",Associate Professor,Popular Medical College & Hospital,N/A,https://doctor.bd/doctor/dr-benozir-haque-panna-gynaecology-obstetrics-dhaka
Dr. Benzir Ahmed,followers,"Diabetes, Hormone & Thyroid Specialist","MBBS, MBA, CCD, MRSH",Consultant,National HealthCare Network,N/A,https://doctor.bd/doctor/dr-benzir-ahmed-endocrinology-dhaka
Dr. Bhabesh Chandra Mondal,followers,Anesthesia & Pain Management Specialist,"MBBS, DA, FCPS",Consultant,"Square Hospital, Dhaka",N/A,https://doctor.bd/doctor/dr-bhabesh-chandra-mondal-anesthesiology-dhaka
Dr. Bhaskar Chakraborty,followers,Oncologist & Cancer Specialist,"MBBS, FCPS",Consultant,Ahsania Mission Cancer and General Hospital,N/A,https://doctor.bd/doctor/dr-bhaskar-chakraborty-oncology-chattogram
Dr. Bibhuti Bhusan Nath,followers,Child Health & Pediatric Specialist,"MBBS, FCPS, MRCP",Assistant Professor,"Bangabandhu Memorial Hospital, USTC, Chattogram",N/A,https://doctor.bd/doctor/dr-bibhuti-bhusan-nath-pediatrics-chattogram
Dr. Bibi Fatema Jedney,followers,Child Health & Pediatric Specialist,"MBBS, FCPS, MCPS",Assistant Professor,Chattogram Maa-O-Shishu Hospital Medical College,N/A,https://doctor.bd/doctor/dr-bibi-fatema-jedney-pediatrics-chattogram
Dr. Bicithra Kumar Dey,followers,"ENT, Head & Neck Disease Specialist","MBBS, FCPS",Consultant,Sylhet MAG Osmani Medical College Hospital,N/A,https://doctor.bd/doctor/dr-bicithra-kumar-dey-ent-sylhet
Dr. Bidhan Chandra Poddar,followers,Child Health & Pediatric Specialist,"MBBS, BCS, DCH, PGPN",Assistant Professor,Cumilla Medical College Hospital,N/A,https://doctor.bd/doctor/dr-bidhan-chandra-poddar-pediatrics-cumilla
Dr. Bidhan Kumar Pramanik,followers,Child Health & Pediatric Specialist,"MBBS, BCS, MD",Junior Consultant,Durgapur Upazila Health Complex,N/A,https://doctor.bd/doctor/dr-bidhan-kumar-pramanik-pediatrics-rajshahi
Dr. Bidyut Chandra Debnath,followers,General & Laparoscopic Surgery Specialist,"MBBS, FCPS",Associate Professor,Bangladesh Medical University,N/A,https://doctor.bd/doctor/dr-bidyut-chandra-debnath-general-surgery-dhaka
Dr. Bijan Kumar Nath,followers,General & Laparoscopic Surgery Specialist,"MBBS, FCPS",Senior Consultant,"General Hospital, Chattogram",N/A,https://doctor.bd/doctor/dr-bijan-kumar-nath-general-surgery-chattogram
Dr. Bijon Kumar Saha,followers,"Orthopedics, Trauma & Joint Surgery Specialist","MBBS, D-ORTHO",Assistant Professor,Uttara Adhunik Medical College Hospital,N/A,https://doctor.bd/doctor/dr-bijon-kumar-saha-orthopedics-dhaka
Dr. Bijoy Chandra Das,followers,Oral & Dental Surgery Specialist,"BDS, BCS, FICD, PGT",Consultant,Narayanganj 300 Bed Hospital,N/A,https://doctor.bd/doctor/dr-bijoy-chandra-das-dentistry-narayanganj
Dr. Bijoy Dutta,followers,"Cardiology, Hypertension & Heart Disease Specialist","MBBS, MD, FSCAI",Consultant,"Square Hospital, Dhaka",18+ Years,https://doctor.bd/doctor/dr-bijoy-dutta-cardiology-dhaka
Dr. Bijoy Pada Gope,followers,Chest & Respiratory Disease Specialist,"MBBS, BCS, MD",Assistant Professor,Sylhet MAG Osmani Medical College Hospital,D 18+ Years,https://doctor.bd/doctor/dr-bijoy-pada-gope-respiratory-medicine-sylhet
Dr. Bikash Shikder,followers,"Neurology, Brain & Nerve Disease Specialist","MBBS, BCS, MD",Consultant,Sylhet MAG Osmani Medical College Hospital,N/A,https://doctor.bd/doctor/dr-bikash-shikder-neurology-sylhet
Dr. Bilash Ranjan Das,followers,Medicine Specialist,"MBBS, BCS, FCPS, MD, MACP",Assistant Professor,Mymensingh Medical College Hospital,N/A,https://doctor.bd/doctor/dr-bilash-ranjan-das-medicine-mymensingh
Dr. Bilkis Akthar,followers,"Orthopedics, Trauma & Joint Surgery Specialist","MBBS, MS",Assistant Registrar,Chattogram Maa-Shishu O General Hospital,N/A,https://doctor.bd/doctor/dr-bilkis-akthar-orthopedics-chattogram
Dr. Bilkis Begum Chowdhury,followers,"Obstetrics, Gynaecology & Surgery Specialist","MBBS, FCPS, DGO",Gynecologist,Kumudini Women's Medical College & Hospital,N/A,https://doctor.bd/doctor/dr-bilkis-begum-chowdhury-gynaecology-obstetrics-dhaka
Dr. Bilkis Fatema,followers,"Obstetrics, Gynaecology & Surgery Specialist","MBBS, BCS, DGO, MCPS",Assistant Professor,Rangamati Medical College Hospital,N/A,https://doctor.bd/doctor/dr-bilkis-fatema-gynaecology-obstetrics-rangamati
Dr. Bilkis Fatema,followers,"Colorectal, Piles & Rectal Surgery Specialist","MBBS, BCS, MCPS, FCPS, MS",Assistant Professor,Dhaka Medical College Hospital,N/A,https://doctor.bd/doctor/dr-bilkis-fatema-colorectal-surgery-dhaka
Dr. Bilkis Ferdous,followers,"Obstetrics, Gynaecology & Surgery Specialist","MBBS, DGO, FCPS",Gynecologist,Bangladesh Medical University,N/A,https://doctor.bd/doctor/dr-bilkis-ferdous-gynaecology-obstetrics-dhaka
Dr. Bilkis Sultana,followers,Medicine Specialist,"MBBS, MD",Consultant,Al Haramain Hospital Private,N/A,https://doctor.bd/doctor/dr-bilkis-sultana-medicine-sylhet
Dr. Bimal Chandra Shil,followers,Liver & Hepatology Specialist,"MBBS, FCPS, MEd, MD",Doctor,Sir Salimullah Medical College Mitford Hospital,N/A,https://doctor.bd/doctor/dr-bimal-chandra-shil-hepatology-dhaka
Dr. Binimoy Baran Roy,followers,"Orthopedics, Trauma & Joint Surgery Specialist","MBBS, D-ORTHO, MPH",Consultant,Chattogram Medical College Hospital,22+ Years,https://doctor.bd/doctor/dr-binimoy-baran-roy-orthopedics-chattogram
Dr. Binita Sarker,followers,"Obstetrics, Gynaecology & Surgery Specialist","MBBS, MCPS, FCPS",Medical Officer,"250 Bed General Hospital, Kishoreganj",22+ Years,https://doctor.bd/doctor/dr-binita-sarker-gynaecology-obstetrics-kishoreganj
Dr. Binoy Kirshna Goldar,followers,"Obstetrics, Gynaecology & Surgery Specialist","MBBS, DMAS, FMAS, MRCOG",Assistant Professor,Patuakhali Medical College Hospital,N/A,https://doctor.bd/doctor/dr-binoy-kirshna-goldar-gynaecology-obstetrics-patuakhali
Dr. Binoy Krishna Tarafder,followers,Medicine Specialist,"MBBS, FCPS",Associate Professor,Dhaka Medical College Hospital,N/A,https://doctor.bd/doctor/dr-binoy-krishna-tarafder-medicine-dhaka
Dr. Biplab Bhattacharjee,followers,"Cardiology, Hypertension & Heart Disease Specialist","MBBS, D-CARD, MD",Cardiologist,Chattogram Medical College Hospital,N/A,https://doctor.bd/doctor/dr-biplab-bhattacharjee-cardiology-chattogram
Dr. Biplab Biswas,followers,General & Laparoscopic Surgery Specialist,"MBBS, BCS, FCPS, FMAS",Consultant,Khulna Medical College Hospital,N/A,https://doctor.bd/doctor/dr-biplab-biswas-general-surgery-khulna
Dr. Biplab Mozumder,followers,Pediatric Orthopedic Surgery Specialist,"MBBS, BCS, D-ORTHO, MS",Assistant Professor,National Institute of Traumatology and Orthopaedic Rehabilitation (NITOR),N/A,https://doctor.bd/doctor/dr-biplab-mozumder-pediatrics-dhaka
Dr. Biplob Chandra Sarker,followers,Medicine & Diabetes Specialist,"MBBS, BCS, MD, CCD, FRSPH",Consultant,Rangpur Medical College Hospital,5+ Years,https://doctor.bd/doctor/dr-biplob-chandra-sarker-medicine-rangpur
Dr. Biplob Kumar Barman,followers,General & Laparoscopic Surgery Specialist,"MBBS, BCS, FCPS",Consultant,Cumilla Medical College Hospital,5+ Years,https://doctor.bd/doctor/dr-biplob-kumar-barman-general-surgery-cumilla
Dr. Biplob Kumar Barua,followers,Kidney & Nephrology Specialist,"MBBS, MD",Registrar,Chattogram Medical College Hospital,N/A,https://doctor.bd/doctor/dr-biplob-kumar-barua-nephrology-chattogram
Dr. Biplob Kumar Das,followers,"Neurology, Brain & Nerve Disease Specialist","MBBS, BCS, MD",Associate Professor,Khulna Medical College Hospital,N/A,https://doctor.bd/doctor/dr-biplob-kumar-das-neurology-khulna
Dr. Biplob Kumar Das,followers,"Skin, Allergy & Sexual Disease Specialist","MBBS, DDV",Associate Professor,Sher-e-bangla Medical College Hospital,N/A,https://doctor.bd/doctor/dr-biplob-kumar-das-dermatology-barishal
Dr. Biplob Kumar Saha,followers,Liver & Hepatology Specialist,"MBBS, BCS, MD",Associate Professor,Pabna Medical College Hospital,N/A,https://doctor.bd/doctor/dr-biplob-kumar-saha-hepatology-pabna
Dr. Biplob Kumar Saha,followers,Child Health & Pediatric Specialist,"MBBS, BCS, FCPS, MD",Assistant Professor,Mymensingh Medical College Hospital,N/A,https://doctor.bd/doctor/dr-biplob-kumar-saha-pediatrics-mymensingh
Dr. Bipul Chandra Ghosh,followers,"Orthopedics, Trauma & Joint Surgery Specialist","MBBS, D-ORTHO",Resident Surgeon,Sylhet MAG Osmani Medical College Hospital,N/A,https://doctor.bd/doctor/dr-bipul-chandra-ghosh-orthopedics-sylhet
Dr. Bipul Kumar Saha,followers,General & Laparoscopic Surgery Specialist,"MBBS, BCS, MS, CMU",Consultant,Rangpur Medical College Hospital,N/A,https://doctor.bd/doctor/dr-bipul-kumar-saha-general-surgery-rangpur
Dr. Bipul Kumer Sarker,followers,Eye Disease & Surgery Specialist,"MBBS, MRCS, FRCS, FICO, FCPS",Associate Professor,Ispahani Islamia Eye Institute & Hospital,N/A,https://doctor.bd/doctor/dr-bipul-kumer-sarker-ophthalmology-dhaka
Dr. Birendra Nath Saha,followers,"Gastroenterology, Liver & Digestive Disease Specialist","MBBS, BCS, MD",Assistant Professor,Shaheed Tajuddin Ahmad Medical College & Hospital,N/A,https://doctor.bd/doctor/dr-birendra-nath-saha-gastroenterology-dhaka
Dr. Bishnu Pada Das,followers,"Podiatrist, Foot & Ankle Surgery Specialist","MBBS, D-ORTHO, MRCpod",Consultant,New Lab Aid Diagnostic Center & Hospital,N/A,https://doctor.bd/doctor/dr-bishnu-pada-das-podiatry-brahmanbaria
Dr. Bishnu Pada Saha,followers,"Cardiology, Hypertension & Heart Disease Specialist","MBBS, BCS, MD, CCD, FCPS",Chief Consultant,Shaheed Shaikh Abu-Naser Specialized Hospital,N/A,https://doctor.bd/doctor/dr-bishnu-pada-saha-cardiology-khulna
Dr. Bishojit Mondal,followers,"Cardiology, Hypertension & Heart Disease Specialist","MBBS, BCS, MD, FCPS",Registrar,Khulna Medical College Hospital,N/A,https://doctor.bd/doctor/dr-bishojit-mondal-cardiology-khulna
Dr. Biswajit Bhattacharjee,followers,Oncologist & Cancer Specialist,"MBBS, MPhil",Senior Consultant,Evercare Hospital Dhaka,N/A,https://doctor.bd/doctor/dr-biswajit-bhattacharjee-oncology-dhaka
Dr. Biswajit Chowdhury,followers,Child Health & Pediatric Specialist,"MBBS, BCS, MD",Assistant Professor,Mymensingh Medical College Hospital,N/A,https://doctor.bd/doctor/dr-biswajit-chowdhury-pediatrics-mymensingh
Dr. Biswajit Kumar Biswas,followers,Chest & Respiratory Disease Specialist,"MBBS, BCS, MD",Consultant,National Institute of Diseases of the Chest & Hospital (NIDCH),N/A,https://doctor.bd/doctor/dr-biswajit-kumar-biswas-respiratory-medicine-dhaka
Dr. Biswajit Mondal (Shovon),followers,"Neurology, Brain & Nerve Disease Specialist","MBBS, BCS, FCPS, MD",Consultant,Khulna Medical College Hospital,N/A,https://doctor.bd/doctor/dr-biswajit-mondal-shovon-neurology-khulna
Dr. Biswanath Mondal,followers,"Orthopedics, Trauma & Joint Surgery Specialist","MBBS, BCS, MS",Consultant,Khulna Medical College Hospital,N/A,https://doctor.bd/doctor/dr-biswanath-mondal-orthopedics-khulna
Dr. Bithi Debnath,followers,Pediatric Neurology Specialist,"MBBS, BCS, FCPS",Assistant Professor,National Institute of Neurosciences & Hospital,N/A,https://doctor.bd/doctor/dr-bithi-debnath-pediatrics-dhaka
Dr. Bodhrun Naher,followers,Child Health & Pediatric Specialist,"MBBS, MCPS, FCPS",Child Specialist,"Mugda Medical College Hospital, Dhaka",N/A,https://doctor.bd/doctor/dr-bodhrun-naher-pediatrics-dhaka
Dr. Borhan Uddin Ahmad,followers,Medicine Specialist,"MBBS, MRCP",Senior Consultant,Evercare Hospital Dhaka,N/A,https://doctor.bd/doctor/dr-borhan-uddin-ahmad-medicine-dhaka
Dr. Borhanuddin Ahmed,followers,"Cardiology, Hypertension & Heart Disease Specialist","MBBS, BCS, D-CARD, FCCP, FACC",Associate Professor,Cumilla Medical College Hospital,N/A,https://doctor.bd/doctor/dr-borhanuddin-ahmed-cardiology-cumilla
Dr. Borna,followers,Eye Disease & Surgery Specialist,"MBBS, BCS, DO, MCPS",Associate Professor,Sher-e-bangla Medical College Hospital,N/A,https://doctor.bd/doctor/dr-borna-ophthalmology-barishal
Dr. Brig. Gen. Md. Nazmul Ahsan,followers,Anesthesia & Pain Management Specialist,"MBBS, MD",Senior Consultant,"United Hospital, Dhaka",N/A,https://doctor.bd/doctor/dr-brig-gen-md-nazmul-ahsan-anesthesiology-dhaka
Dr. C M Mosabber Rahman,followers,Cardiac & Heart Surgery Specialist,"MBBS, BCS, MS",Junior Consultant,Dhaka Medical College Hospital,N/A,https://doctor.bd/doctor/dr-c-m-mosabber-rahman-cardiac-surgery-dhaka
Dr. C. M. Shamim Kabir,followers,Medicine & Diabetes Specialist,"MBBS, MD, MPH, CCVD, CCD",Consultant,"Labaid Diagnostic, Uttara",N/A,https://doctor.bd/doctor/dr-c-m-shamim-kabir-medicine-dhaka
Dr. C.M. Kudrat E Khuda,followers,"Cardiology, Hypertension & Heart Disease Specialist","MBBS, MD",Assistant Professor,National Institute of Cardiovascular Disease (NICVD),N/A,https://doctor.bd/doctor/dr-cm-kudrat-e-khuda-cardiology-dhaka
Dr. Capt. M. Asaduzzaman,followers,"ENT, Head & Neck Disease Specialist","MBBS, FCPS, MCPS, DLO",Professor & Head,Shaheed Monsur Ali Medical College Hospital,N/A,https://doctor.bd/doctor/dr-capt-m-asaduzzaman-ent-dhaka
Dr. Captain Sarwar Jahan Faiz,followers,Medicine Specialist,"MBBS, FCGP, FMD","Armed Forces Medical College, Dhaka","Armed Forces Medical College, Dhaka",N/A,https://doctor.bd/doctor/dr-captain-sarwar-jahan-faiz-medicine-pabna
Dr. Captain Zubair Mahmud,followers,Medicine & Diabetes Specialist,"MBBS, FCGP, MPH, CCD",Medical Officer,Sibl Foundation Hospital & Diagnostic Centre,N/A,https://doctor.bd/doctor/dr-captain-zubair-mahmud-medicine-dhaka
Dr. Captain. Md. Saiful Islam Saif,followers,"Orthopedics, Trauma & Joint Surgery Specialist","MBBS, MS, D-ORTHO",Assistant Professor,Holy Family Red Crescent Medical College Hospital,N/A,https://doctor.bd/doctor/dr-captain-md-saiful-islam-saif-orthopedics-dhaka
Dr. Chaiti Chameli Paul,followers,"Skin, Allergy & Sexual Disease Specialist","MBBS, BCS, DDV",Dermatologist & Venereologist,"250 Bedded General Hospital, Dinajpur",N/A,https://doctor.bd/doctor/dr-chaiti-chameli-paul-dermatology-dinajpur
Dr. Chaity Barua,followers,Pediatric Cardiology Specialist,"MBBS, BCS, MD, FCPS",Assistant Professor,Bangladesh Medical University,N/A,https://doctor.bd/doctor/dr-chaity-barua-pediatrics-dhaka
Dr. Chanchal Kumar Devnath,followers,Anesthesia & Pain Management Specialist,"MBBS, DA, FCPS",Consultant,"BRB Hospital, Dhaka",N/A,https://doctor.bd/doctor/dr-chanchal-kumar-devnath-anesthesiology-dhaka
Dr. Chandan Kumar Saha,followers,"Orthopedics, Trauma & Joint Surgery Specialist","MBBS, BCS, D-ORTHO",Consultant,Shaheed Shaikh Abu-Naser Specialized Hospital,N/A,https://doctor.bd/doctor/dr-chandan-kumar-saha-orthopedics-khulna
Dr. Chandan Pal,followers,Oral & Dental Surgery Specialist,"BDS, BCS, MS",Assistant Professor,Kushtia Medical College Hospital,N/A,https://doctor.bd/doctor/dr-chandan-pal-dentistry-kushtia
Dr. Chandana Rani Debnath,followers,"Obstetrics, Gynaecology & Surgery Specialist","MBBS, FCPS",Consultant,Dhaka Medical College Hospital,N/A,https://doctor.bd/doctor/dr-chandana-rani-debnath-gynaecology-obstetrics-dhaka
Dr. Chandana Sultana,followers,Eye Disease & Surgery Specialist,"MBBS, DO, MD, FCPS",Assistant Professor,Ispahani Islamia Eye Institute & Hospital,N/A,https://doctor.bd/doctor/dr-chandana-sultana-ophthalmology-dhaka
Dr. Chandra Shekhar Bala,followers,"Neurology, Brain & Nerve Disease Specialist","MBBS, FCPS, MD",Assistant Professor,Sir Salimullah Medical College Mitford Hospital,N/A,https://doctor.bd/doctor/dr-chandra-shekhar-bala-neurology-dhaka
Dr. Chaya Bhattacharjee,followers,Psychology & Mental Health Specialist,"MSc, MPhil, PhD",Consultant,"Labaid Specialized Hospital, Dhanmondi",N/A,https://doctor.bd/doctor/dr-chaya-bhattacharjee-psychology-dhaka
Dr. Chayan Singha,followers,"Cardiology, Hypertension & Heart Disease Specialist","MBBS, FCPS, MD, MACP",Cardiologist,Bangladesh Medical University,N/A,https://doctor.bd/doctor/dr-chayan-singha-cardiology-dhaka
Dr. Chhanda Majumder,followers,"Obstetrics, Gynaecology & Surgery Specialist","MBBS, FCPS, CCD",Consultant,Popular Medical College & Hospital,N/A,https://doctor.bd/doctor/dr-chhanda-majumder-gynaecology-obstetrics-dhaka
Dr. Chinmoy Kumar Saha,followers,Medicine Specialist,"MBBS, BCS, FCPS",Associate Professor,Cumilla Medical College Hospital,N/A,https://doctor.bd/doctor/dr-chinmoy-kumar-saha-medicine-cumilla
Dr. Chinmoy Saha,followers,"Gastroenterology, Liver & Digestive Disease Specialist","MBBS, BCS, MD, CCD",Medical Gastroenterologist,"National Gastroliver Institute and Hospital, Dhaka",14+ Years,https://doctor.bd/doctor/dr-chinmoy-saha-gastroenterology-dhaka
Dr. Chirangib Singha,followers,"ENT, Head & Neck Disease Specialist","MBBS, BCS, MS",Registrar,Sher-e-bangla Medical College Hospital,14+ Years,https://doctor.bd/doctor/dr-chirangib-singha-ent-barishal
Dr. Chiranjeeb Biswas,followers,Psychiatry & Mental Health Specialist,MBBS,Doctor,Medical College for Women & Hospital,N/A,https://doctor.bd/doctor/dr-chiranjeeb-biswas-psychiatry-dhaka
Dr. Chitta Ranjan Das,followers,General Surgery Specialist,"MBBS, MS",Surgeon,Bangladesh Medical University,N/A,https://doctor.bd/doctor/dr-chitta-ranjan-das-general-surgery-dhaka
Dr. Chitta Ranjan Paul,followers,Chest & Respiratory Disease Specialist,"MBBS, BCS, MD, MACP",Consultant,"Chest Disease Hospital, Rajshahi",N/A,https://doctor.bd/doctor/dr-chitta-ranjan-paul-respiratory-medicine-rajshahi
Dr. Choudhury Faisal Md. Manzurur Rahim,followers,"Diabetes, Hormone & Thyroid Specialist","MD, MACP, MBBS",Consultant,Bangladesh Medical University,N/A,https://doctor.bd/doctor/dr-choudhury-faisal-md-manzurur-rahim-endocrinology-dhaka
Dr. Choudhury Gulshan Ara Kamal (Lipa),followers,"Cardiology, Hypertension & Heart Disease Specialist","MBBS, BCS, MD",Consultant,Sylhet MAG Osmani Medical College Hospital,N/A,https://doctor.bd/doctor/dr-choudhury-gulshan-ara-kamal-lipa-cardiology-sylhet
Dr. Choudhury Md. Anwar Sadat,followers,General & Laparoscopic Surgery Specialist,"MBBS, MS",Associate Professor,Parkview Medical College Hospital,N/A,https://doctor.bd/doctor/dr-choudhury-md-anwar-sadat-general-surgery-sylhet
Dr. Choudhury Taslima Nasrin,followers,"Obstetrics, Gynaecology & Surgery Specialist","MBBS, BCS, FCPS",Senior Consultant,Dhaka Medical College Hospital,N/A,https://doctor.bd/doctor/dr-choudhury-taslima-nasrin-gynaecology-obstetrics-dhaka
Dr. Chowdhury Adnan Sami,followers,Medicine Specialist,"MBBS, MD, MRCP",Assistant Professor,Dhaka Community Medical College,11+ Years,https://doctor.bd/doctor/dr-chowdhury-adnan-sami-medicine-dhaka
Dr. Chowdhury Farhana Tinnee,followers,"Skin, Allergy & Sexual Disease Specialist","MBBS, MD",Consultant,Chattogram Medical College Hospital,11+ Years,https://doctor.bd/doctor/dr-chowdhury-farhana-tinnee-dermatology-chattogram
Dr. Chowdhury Foyzur Rob Zubayer,followers,"Orthopedics, Trauma & Joint Surgery Specialist","MBBS, MS",Senior Consultant,North East Medical College Hospital,N/A,https://doctor.bd/doctor/dr-chowdhury-foyzur-rob-zubayer-orthopedics-sylhet
Dr. Chowdhury Iqbal Mahmud,followers,"Orthopedics, Trauma & Joint Surgery Specialist","MBBS, FRCS, MCh, FACS, FICS, FRSM, CCD",Assistant Professor,Bangladesh Medical University,N/A,https://doctor.bd/doctor/dr-chowdhury-iqbal-mahmud-orthopedics-dhaka
Dr. Chowdhury Jabir Hossain,followers,Physical Medicine & Rehabilitation Specialist,"MBBS, CCD, MD",Consultant,Sylhet MAG Osmani Medical College Hospital,N/A,https://doctor.bd/doctor/dr-chowdhury-jabir-hossain-physical-medicine-rehabilitation-sylhet
Dr. Chowdhury Md. Omar Faruque,followers,"Cardiology, Hypertension & Heart Disease Specialist","MBBS, BCS, MD, FCPS",Assistant Professor,Sylhet MAG Osmani Medical College Hospital,N/A,https://doctor.bd/doctor/dr-chowdhury-md-omar-faruque-cardiology-sylhet
Dr. Chowdhury Sazzad Hyder,followers,"Colorectal, Piles & Rectal Surgery Specialist","MBBS, BCS, FCPS, MS",Assistant Professor,Shaheed Suhrawardy Medical College Hospital,N/A,https://doctor.bd/doctor/dr-chowdhury-sazzad-hyder-colorectal-surgery-dhaka
Dr. Chowdhury Shamima Sultana,followers,Gynaecology & Cancer Specialist,"MBBS, FCPS",Assistant Professor,National Institute of Cancer Research and Hospital (NICR&H),N/A,https://doctor.bd/doctor/dr-chowdhury-shamima-sultana-gynaecology-obstetrics-dhaka
Dr. Col. Mohammad Monirul Islam,followers,Psychiatry & Mental Health Specialist,"MBBS, MACP, MRSH, FCPS",Head of the Department,Combined Military Hospital Dhaka,N/A,https://doctor.bd/doctor/dr-col-mohammad-monirul-islam-psychiatry-dhaka
Dr. D. A. Rashid,followers,"Diabetes, Hormone & Thyroid Specialist","MBBS, MCPS, MD",Associate Professor,Rajshahi Medical College Hospital,N/A,https://doctor.bd/doctor/dr-d-a-rashid-endocrinology-rajshahi
Dr. D.M. Sazzad Hossain,followers,Medicine Specialist,"MBBS, BCS, FCPS",Consultant,Bangladesh Medical University,N/A,https://doctor.bd/doctor/dr-dm-sazzad-hossain-medicine-dhaka
Dr. D.M. Shahinuzzaman,followers,"Gastroenterology, Liver & Digestive Disease Specialist","MBBS, BCS, MD",Consultant,Rajshahi Medical College Hospital,N/A,https://doctor.bd/doctor/dr-dm-shahinuzzaman-gastroenterology-rajshahi
Dr. Dabashish Patowary,followers,Oncologist & Cancer Specialist,MBBS,Associate Professor,North East Medical College Hospital,N/A,https://doctor.bd/doctor/dr-dabashish-patowary-oncology-sylhet
Dr. Dalia Akhter,followers,"Obstetrics, Gynaecology & Surgery Specialist","MBBS, FCPS",Assistant Professor,Khulna Medical College Hospital,N/A,https://doctor.bd/doctor/dr-dalia-akhter-gynaecology-obstetrics-khulna
Dr. Dalia Rahman,followers,"Obstetrics, Gynaecology & Surgery Specialist","MBBS, DGO, FCPS, MCPS, MRCOG",Assistant Professor,Dhaka Medical College Hospital,N/A,https://doctor.bd/doctor/dr-dalia-rahman-gynaecology-obstetrics-dhaka
Dr. Dalia Sultana,followers,"Diabetes, Hormone & Thyroid Specialist","MBBS, MD, CCD",Assistant Professor,Sir Salimullah Medical College Mitford Hospital,N/A,https://doctor.bd/doctor/dr-dalia-sultana-endocrinology-dhaka
Dr. Daud Hossain,followers,Anesthesia & Pain Management Specialist,"MBBS, DA",Consultant,"Fortis Escorts Heart Institute, Khulna",N/A,https://doctor.bd/doctor/dr-daud-hossain-anesthesiology-khulna
Dr. Debabrata Das,followers,Medicine Specialist,"MBBS, BCS, MCPS, MD",Consultant,Gazaria Upazila Health Complex,N/A,https://doctor.bd/doctor/dr-debabrata-das-medicine-munshiganj
Dr. Debabrata Halder,followers,"Cardiology, Hypertension & Heart Disease Specialist","MBBS, BCS, MD, MACP, MPH, PGD-DM, CCD, FESC",Consultant,National Institute of Cardiovascular Disease (NICVD),N/A,https://doctor.bd/doctor/dr-debabrata-halder-cardiology-dhaka
Dr. Debashis Basu,followers,"ENT, Head & Neck Disease Specialist","MBBS, BCS, DLO, MS",Assistant Professor,Sylhet MAG Osmani Medical College Hospital,N/A,https://doctor.bd/doctor/dr-debashis-basu-ent-sylhet
Dr. Debashis Chakraborty,followers,Pediatric Surgery Specialist,"MBBS, MS",Assistant Professor,Eastern Medical College Hospital,N/A,https://doctor.bd/doctor/dr-debashis-chakraborty-pediatric-surgery-cumilla
Dr. Debashis Kumar Gupta,followers,Chest & Respiratory Disease Specialist,"MBBS, BCS, MCPS, MD",Professor & Head,"Shaheed Ziaur Rahman Medical College Hospital, Bogura",N/A,https://doctor.bd/doctor/dr-debashis-kumar-gupta-respiratory-medicine-bogura
Dr. Debashis Majumder,followers,Medicine Specialist,"MBBS, MD, FCPS",Assistant Professor,Durgapur Upazila Health Complex,N/A,https://doctor.bd/doctor/dr-debashis-majumder-medicine-rajshahi
Dr. Debashis Paul,followers,General & Laparoscopic Surgery Specialist,"MBBS, FCPS, FMAS",Assistant Professor,Kushtia Medical College Hospital,N/A,https://doctor.bd/doctor/dr-debashis-paul-general-surgery-kushtia
Dr. Debashis Roy,followers,Medicine Specialist,"MBBS, BCS, MRCP, MACP, FCPS",Consultant,"Mugda Medical College Hospital, Dhaka",N/A,https://doctor.bd/doctor/dr-debashis-roy-medicine-dhaka
Dr. Debashish Dey,followers,"Orthopedics, Trauma & Joint Surgery Specialist","MBBS, D-ORTHO, MS",Junior Consultant,National Institute of Traumatology and Orthopaedic Rehabilitation (NITOR),N/A,https://doctor.bd/doctor/dr-debashish-dey-orthopedics-dhaka
Dr. Debashish Kumar Ghosh,followers,"Diabetes, Hormone & Thyroid Specialist","MBBS, BCS, FCPS, MRCP, MD",Professor & Head,Khulna Medical College Hospital,N/A,https://doctor.bd/doctor/dr-debashish-kumar-ghosh-endocrinology-khulna
Dr. Debashish Paul,followers,"Cardiology, Hypertension & Heart Disease Specialist","MBBS, MD",Associate Professor,Sylhet Womens Medical College Hospital,N/A,https://doctor.bd/doctor/dr-debashish-paul-cardiology-sylhet
Dr. Debashish Roy,followers,"Orthopedics, Trauma & Joint Surgery Specialist","MBBS, D-ORTHO, MS",Assistant Professor,Rajshahi Medical College Hospital,N/A,https://doctor.bd/doctor/dr-debashish-roy-orthopedics-rajshahi
Dr. Debashish Sarkar,followers,"Cardiology, Hypertension & Heart Disease Specialist","MBBS, MRCP, MACP, MD, CCD",Deputy Medical Superintendent,"Fortis Escorts Heart Institute, Khulna",N/A,https://doctor.bd/doctor/dr-debashish-sarkar-cardiology-khulna
Dr. Debasish Debnath,followers,"Cardiology, Hypertension & Heart Disease Specialist","MBBS, D-CARD",Assistant Professor,Enam Medical College & Hospital,N/A,https://doctor.bd/doctor/dr-debasish-debnath-cardiology-dhaka
Dr. Debasish Kumar Saha,followers,Medicine Specialist,"MBBS, FCPS, MD",Assistant Professor,BIRDEM General Hospital,N/A,https://doctor.bd/doctor/dr-debasish-kumar-saha-medicine-dhaka
Dr. Debbroto Ganguly,followers,"ENT, Head & Neck Disease Specialist","MBBS, BCS, MS",Consultant,"250 Bedded General Hospital, Khulna",N/A,https://doctor.bd/doctor/dr-debbroto-ganguly-ent-khulna
Dr. Debdulal Debnath,followers,"Orthopedics, Trauma & Joint Surgery Specialist","MBBS, D-ORTHO",Surgeon,Northern International Medical College Hospital,N/A,https://doctor.bd/doctor/dr-debdulal-debnath-orthopedics-dhaka
Dr. Debika Dhar (PT),followers,Physiotherapy & Rehabilitation Specialist,BPT,Physiotherapist,"Mayfair Wellness Clinic, Gulshan",N/A,https://doctor.bd/doctor/dr-debika-dhar-pt-physiotherapy-dhaka
Dr. Debjyoti Das,followers,"Cardiology, Hypertension & Heart Disease Specialist","MBBS, BCS, D-CARD",Cardiologist,Chattogram Medical College Hospital,N/A,https://doctor.bd/doctor/dr-debjyoti-das-cardiology-chattogram
Dr. Debnath Talukder,followers,"ENT, Head & Neck Disease Specialist","MBBS, BCS, MS, FACS",Consultant,Khulna Medical College Hospital,N/A,https://doctor.bd/doctor/dr-debnath-talukder-ent-khulna
Dr. Debprosad Adhikary,followers,"Gastroenterology, Liver & Digestive Disease Specialist","MBBS, BCS, MD",Assistant Professor,Satkhira Medical College Hospital,N/A,https://doctor.bd/doctor/dr-debprosad-adhikary-gastroenterology-satkhira
Dr. Debraj Malakar,followers,Liver & Hepatology Specialist,"MBBS, BCS, MD",Consultant,Narayanganj General (Victoria) Hospital,N/A,https://doctor.bd/doctor/dr-debraj-malakar-hepatology-narayanganj
Dr. Deepa Das,followers,"Obstetrics, Gynaecology & Surgery Specialist","MBBS, BCS, FCPS",Consultant,"Gournadi Upozila Health Complex, Barishal",13+ Years,https://doctor.bd/doctor/dr-deepa-das-gynaecology-obstetrics-barishal
Dr. Deepankar Kumar Basak,followers,Medicine & Respiratory Disease Specialist,"MBBS, FCPS",Consultant,"Square Hospital, Dhaka",13+ Years,https://doctor.bd/doctor/dr-deepankar-kumar-basak-medicine-dhaka
Dr. Delowar Hossain,followers,Child Health & Pediatric Specialist,"MBBS, FCPS, MD",Associate Professor,Dhaka Medical College Hospital,N/A,https://doctor.bd/doctor/dr-delowar-hossain-pediatrics-dhaka
Dr. Delwar Hossain,followers,"ENT, Head & Neck Disease Specialist","MBBS, FCPS",ENT Specialist,Bangladesh Medical University,N/A,https://doctor.bd/doctor/dr-delwar-hossain-ent-dhaka
Dr. Deva Pratim Barua,followers,"Skin, Allergy & Sexual Disease Specialist","MBBS, BCS, MD",Registrar,Chattogram Medical College Hospital,N/A,https://doctor.bd/doctor/dr-deva-pratim-barua-dermatology-chattogram
Dr. Dewan Azmal Hussain,followers,Chest & Respiratory Disease Specialist,"MBBS, MCPS, MD",Assistant Professor,National Institute of Diseases of the Chest & Hospital (NIDCH),N/A,https://doctor.bd/doctor/dr-dewan-azmal-hussain-respiratory-medicine-dhaka
Dr. Dewan Khairul Alam,followers,Medicine & Rheumatology Specialist,"MBBS, PGT, MD",Assistant Professor,Shaheed Suhrawardy Medical College Hospital,N/A,https://doctor.bd/doctor/dr-dewan-khairul-alam-rheumatology-dhaka
Dr. Dewan Md. Elias,followers,"Neurology, Brain & Nerve Disease Specialist","MBBS, BCS, MD",Assistant Professor,National Institute of Neurosciences & Hospital,N/A,https://doctor.bd/doctor/dr-dewan-md-elias-neurology-narayanganj
Dr. Dewan Nurul Islam,followers,"Orthopedics, Trauma & Joint Surgery Specialist","MBBS, BCS, MS",Consultant,Government of the People's Republic of Bangladesh,N/A,https://doctor.bd/doctor/dr-dewan-nurul-islam-orthopedics-dhaka
Dr. Dewan Shamsul Asif,followers,"Brain, Nerve & Spine Surgery Specialist","MBBS, FCPS",Assistant Professor,Anwer Khan Modern Medical College Hospital,N/A,https://doctor.bd/doctor/dr-dewan-shamsul-asif-neurosurgery-dhaka
Dr. Dhananjay Majumder,followers,"ENT, Head & Neck Disease Specialist","MBBS, DLO",Professor & Head,Southern Medical College & Hospital,N/A,https://doctor.bd/doctor/dr-dhananjay-majumder-ent-chattogram
Dr. Dhananjoy Dey Biplab,followers,Urology & Andrology Specialist,"MBBS, BCS, FCPS, MS",Junior Consultant,Government of the People's Republic of Bangladesh,N/A,https://doctor.bd/doctor/dr-dhananjoy-dey-biplab-urology-barishal
Dr. Dhiman Kumar Ray,followers,General & Laparoscopic Surgery Specialist,"MBBS, BCS, FCPS",Consultant,Rangpur Medical College Hospital,N/A,https://doctor.bd/doctor/dr-dhiman-kumar-ray-general-surgery-rangpur
Dr. Dhruba Das,followers,Kidney & Nephrology Specialist,"MBBS, MD",Assistant Professor,Sylhet MAG Osmani Medical College Hospital,N/A,https://doctor.bd/doctor/dr-dhruba-das-nephrology-sylhet
Dr. Dhrubajyoti Roy Chowdhury,followers,"Skin, Allergy & Sexual Disease Specialist","MBBS, DDV, FCPS",Assistant Professor,Sylhet MAG Osmani Medical College Hospital,N/A,https://doctor.bd/doctor/dr-dhrubajyoti-roy-chowdhury-dermatology-sylhet
Dr. Dibakar Sarkar,followers,"Orthopedics, Trauma & Joint Surgery Specialist","MBBS, BCS, MS",Consultant,National Institute of Traumatology and Orthopaedic Rehabilitation (NITOR),N/A,https://doctor.bd/doctor/dr-dibakar-sarkar-orthopedics-narayanganj
Dr. Dibbendu Kumar Dash,followers,Pediatric Surgery Specialist,"MBBS, BCS, MS",Assistant Registrar,Khulna Medical College Hospital,N/A,https://doctor.bd/doctor/dr-dibbendu-kumar-dash-pediatric-surgery-khulna
Dr. Didar Md. Ibrahim Bhuiyan,followers,"ENT, Head & Neck Disease Specialist","MBBS, DLO",Associate Professor,Kumudini Women's Medical College & Hospital,N/A,https://doctor.bd/doctor/dr-didar-md-ibrahim-bhuiyan-ent-dhaka
Dr. Didaruzzaman,followers,"Skin, Allergy & Sexual Disease Specialist","MBBS, DD, DOC",Senior Consultant,National Hospital Chattogram,N/A,https://doctor.bd/doctor/dr-didaruzzaman-dermatology-chattogram
Dr. Dil Anziz Begum,followers,"Obstetrics, Gynaecology & Surgery Specialist","MBBS, PGT, MCPS, MS",Consultant,"Apollo Imperial Hospital, Chattogram",N/A,https://doctor.bd/doctor/dr-dil-anziz-begum-gynaecology-obstetrics-chattogram
Dr. Dil Md. Sazzadul Kabir (Sabuz),followers,Psychiatry & Mental Health Specialist,"MBBS, BCS, MD",Registrar,Mymensingh Medical College Hospital,N/A,https://doctor.bd/doctor/dr-dil-md-sazzadul-kabir-sabuz-psychiatry-mymensingh
Dr. Dilara Afroz,followers,"Cardiology, Hypertension & Heart Disease Specialist","MBBS, BCS, D-CARD, CCD",Consultant,National Heart Foundation Hospital and Research Institute,N/A,https://doctor.bd/doctor/dr-dilara-afroz-cardiology-dhaka
Dr. Dilara Begum,followers,"Obstetrics, Gynaecology & Surgery Specialist","MBBS, PGT",Medical Officer,"250 Bedded General Hospital, Pabna",N/A,https://doctor.bd/doctor/dr-dilara-begum-gynaecology-obstetrics-pabna
Dr. Dildar Sultana Sopna,followers,"Obstetrics, Gynaecology & Surgery Specialist","MBBS, BCS, DGO",Consultant,Laksham Upazila Health Complex,N/A,https://doctor.bd/doctor/dr-dildar-sultana-sopna-gynaecology-obstetrics-cumilla
Dr. Dilip Kumar Ghosh,followers,"Gastroenterology, Liver & Digestive Disease Specialist","MBBS, BCS, FCPS, MD",Associate Professor,Shaheed Suhrawardy Medical College Hospital,N/A,https://doctor.bd/doctor/dr-dilip-kumar-ghosh-gastroenterology-dhaka
Dr. Dilir Jamal,followers,Physical Medicine & Rehabilitation Specialist,"MBBS, BCS, FCPS",Assistant Professor,National Institute of ENT & Hospital,N/A,https://doctor.bd/doctor/dr-dilir-jamal-physical-medicine-rehabilitation-dhaka
Dr. Dilruba Aktar,followers,"Skin, Allergy & Sexual Disease Specialist","MBBS, MCPS, FCPS",Professor & Head,Mainamoti Medical College & Hospital,N/A,https://doctor.bd/doctor/dr-dilruba-aktar-dermatology-cumilla
Dr. Dilruba Alam,followers,Medicine & Diabetes Specialist,"MBBS, FCPS, CCD",Assistant Professor,BIRDEM General Hospital,N/A,https://doctor.bd/doctor/dr-dilruba-alam-medicine-narayanganj
Dr. Dilruba Siddique,followers,Child Health & Pediatric Specialist,"MBBS, DCH",Consultant,"250 Bedded General Hospital, Pabna",N/A,https://doctor.bd/doctor/dr-dilruba-siddique-pediatrics-pabna
Dr. Dilruba Yeasmin Dina,followers,"Obstetrics, Gynaecology & Surgery Specialist","MBBS, BCS, FCPS",Gynecologist,National Institute of Cancer Research and Hospital (NICR&H),N/A,https://doctor.bd/doctor/dr-dilruba-yeasmin-dina-gynaecology-obstetrics-dhaka
Dr. Dilrukhsana Afroz Sumi,followers,Oral & Dental Surgery Specialist,"BDS, BCS, MS, PGT",Assistant Registrar,"Shaheed Ziaur Rahman Medical College Hospital, Bogura",N/A,https://doctor.bd/doctor/dr-dilrukhsana-afroz-sumi-dentistry-bogura
Dr. Dilshad Jahan,followers,Blood Disease & Hematology Specialist,"MBBS, FCPS",Hematologist,Asgar Ali Hospital,N/A,https://doctor.bd/doctor/dr-dilshad-jahan-hematology-dhaka
Dr. Dilshan Ara Habib,followers,"Obstetrics, Gynaecology & Surgery Specialist","MBBS, MCPS, DGO",Senior Consultant,Chattogram Medical College Hospital,N/A,https://doctor.bd/doctor/dr-dilshan-ara-habib-gynaecology-obstetrics-chattogram
Dr. Din Mohammad Sohel,followers,"Orthopedics, Trauma & Joint Surgery Specialist","MBBS, D-ORTHO, PhD",Surgeon,Rajshahi Medical College Hospital,N/A,https://doctor.bd/doctor/dr-din-mohammad-sohel-orthopedics-rajshahi
Dr. Dina Layla Hossain,followers,"Obstetrics, Gynaecology & Surgery Specialist","MBBS, FCPS",Consultant,Dhaka Medical College Hospital,N/A,https://doctor.bd/doctor/dr-dina-layla-hossain-gynaecology-obstetrics-dhaka
Dr. Dip Jyoti Sarker,followers,Medicine & Respiratory Disease Specialist,"MBBS, BCS, MD, FCPS",Consultant,Rangpur Medical College Hospital,N/A,https://doctor.bd/doctor/dr-dip-jyoti-sarker-medicine-rangpur
Dr. Dip Kumar Dash,followers,Medicine Specialist,"MBBS, BCS, MD",Assistant Registrar,Khulna Medical College Hospital,N/A,https://doctor.bd/doctor/dr-dip-kumar-dash-medicine-khulna
Dr. Dipak Chandra Kirttania,followers,General & Laparoscopic Surgery Specialist,"MBBS, FCPS",Assistant Professor,Patuakhali Medical College Hospital,N/A,https://doctor.bd/doctor/dr-dipak-chandra-kirttania-general-surgery-patuakhali
Dr. Dipan Chowdhury,followers,Kidney & Nephrology Specialist,"MBBS, MD",Consultant,Labaid Specialized hospital chattogram,N/A,https://doctor.bd/doctor/dr-dipan-chowdhury-nephrology-chattogram
Dr. Dipankar Ghosh (Palash),followers,"Brain, Nerve & Spine Surgery Specialist","MBBS, BCS, MS",Assistant Professor,Khulna Medical College Hospital,N/A,https://doctor.bd/doctor/dr-dipankar-ghosh-palash-neurosurgery-khulna
Dr. Dipankar Nag,followers,"Gastroenterology, Liver & Digestive Disease Specialist","MBBS, FPGCS",Consultant,"Gastro-Liver Care & Endoscopy Centre, Khulna",N/A,https://doctor.bd/doctor/dr-dipankar-nag-gastroenterology-khulna
Dr. Dipannita Dhar,followers,"Obstetrics, Gynaecology & Surgery Specialist","MBBS, BCS, MCPS, FCPS",Consultant,Narayanganj 300 Bed Hospital,N/A,https://doctor.bd/doctor/dr-dipannita-dhar-gynaecology-obstetrics-narayanganj
Dr. Dipanwita Biswas,followers,General Surgery Specialist,"MBBS, BCS, PGT, FCPS",Surgeon,Dhaka Medical College Hospital,N/A,https://doctor.bd/doctor/dr-dipanwita-biswas-general-surgery-pabna
Dr. Dipika Dey,followers,Child Health & Pediatric Specialist,"MBBS, DCH, FCPS",Senior Consultant,Evercare Hospital Chattogram,N/A,https://doctor.bd/doctor/dr-dipika-dey-pediatrics-chattogram
Dr. Dipika Rani Banik,followers,Ultrasound & Imaging Specialist,"MBBS, DMU",Sonologist,Cumilla HUMAN DIAGNOSTIC & HOSPITAL,N/A,https://doctor.bd/doctor/dr-dipika-rani-banik-radiology-imaging-cumilla
Dr. DM Arman,followers,"Brain, Nerve & Spine Surgery Specialist","MBBS, MS",Assistant Professor,National Institute of Neurosciences & Hospital,N/A,https://doctor.bd/doctor/dr-dm-arman-neurosurgery-dhaka
Dr. DM Mohiduzzaman Tony,followers,General & Laparoscopic Surgery Specialist,"MBBS, FCPS, MS, CCD",Associate Professor,Uttara Adhunik Medical College Hospital,N/A,https://doctor.bd/doctor/dr-dm-mohiduzzaman-tony-general-surgery-dhaka
Dr. DMM Faruque Osmani,followers,"Cardiology, Hypertension & Heart Disease Specialist","MBBS, MD",Professor,Bangladesh Medical University,N/A,https://doctor.bd/doctor/dr-dmm-faruque-osmani-cardiology-dhaka
Dr. Durba Halder,followers,Medicine & Cardiology Specialist,"MBBS, D-CARD, MCPS, MACP, MD",Associate Professor,Sir Salimullah Medical College Mitford Hospital,N/A,https://doctor.bd/doctor/dr-durba-halder-cardiology-dhaka
Dr. Durlav Kanti Paul,followers,Pediatric Surgery Specialist,"MBBS, BCS, MS",Surgeon,Cumilla Medical College Hospital,N/A,https://doctor.bd/doctor/dr-durlav-kanti-paul-pediatric-surgery-cumilla
Dr. Ebadur Rahman,followers,Kidney & Nephrology Specialist,"MBBS, FRCP, FASN, MRCP, DIM, DNeph",Senior Consultant,Evercare Hospital Dhaka,N/A,https://doctor.bd/doctor/dr-ebadur-rahman-nephrology-dhaka
Dr. Ebana Begum,followers,"Obstetrics, Gynaecology & Surgery Specialist","MBBS, FCPS",Consultant,Sylhet MAG Osmani Medical College Hospital,N/A,https://doctor.bd/doctor/dr-ebana-begum-gynaecology-obstetrics-sylhet
Dr. Effat Zahan Abdullah (Eva),followers,"Obstetrics, Gynaecology & Surgery Specialist","MBBS, BCS, MS, FICS",Assistant Professor,Rangpur Medical College Hospital,N/A,https://doctor.bd/doctor/dr-effat-zahan-abdullah-eva-gynaecology-obstetrics-rangpur
Dr. Ehsanul Haque Khan,followers,Physical Medicine & Rehabilitation Specialist,"MBBS, FCPS",Associate Professor,Shaheed Suhrawardy Medical College Hospital,N/A,https://doctor.bd/doctor/dr-ehsanul-haque-khan-physical-medicine-rehabilitation-dhaka
Dr. Ehsanul Kabir,followers,Child Health & Pediatric Specialist,"MBBS, DCH",Assistant Professor,Khulna City Medical College Hospital,N/A,https://doctor.bd/doctor/dr-ehsanul-kabir-pediatrics-khulna
Dr. Eidris Ali,followers,Homeopathic Medicine Specialist,"DHMS, CAPT",Doctor,Dhaka Homeopathy,N/A,https://doctor.bd/doctor/dr-eidris-ali-homeopathy-dhaka
Dr. Ejajul Islam,followers,Medicine Specialist,"MBBS, DNM",Former Head of the Department,Dhaka Medical College Hospital,N/A,https://doctor.bd/doctor/dr-ejajul-islam-nuclear-medicine-dhaka
Dr. Ekramul Haque,followers,Child Health & Pediatric Specialist,"MBBS, DCH",Senior Consultant,Chattogram General Hospital,N/A,https://doctor.bd/doctor/dr-ekramul-haque-pediatrics-chattogram
Dr. Eliza Khanom,followers,"Obstetrics, Gynaecology & Surgery Specialist","MBBS, BCS, FCPS",Gynecologist,Rajshahi Royal Hospital,N/A,https://doctor.bd/doctor/dr-eliza-khanom-gynaecology-obstetrics-rajshahi
Dr. Elora Parveen,followers,Medicine Specialist,"MBBS, BCS, MD, CCD, FCPS",Registrar,Rajshahi Medical College Hospital,N/A,https://doctor.bd/doctor/dr-elora-parveen-medicine-rajshahi
Dr. Elora Yasmin,followers,"Obstetrics, Gynaecology & Surgery Specialist","MBBS, FCPS",Assistant Professor,Green Life Medical College & Hospital,N/A,https://doctor.bd/doctor/dr-elora-yasmin-gynaecology-obstetrics-dhaka
Dr. Emdadul Haque,followers,"Cardiology, Hypertension & Heart Disease Specialist","MBBS, FCGP, CCD, PhD",Associate Professor,Community Based Medical College & Hospital,N/A,https://doctor.bd/doctor/dr-emdadul-haque-cardiology-mymensingh
Dr. Emily Akter,followers,"Skin, Allergy & Sexual Disease Specialist","MBBS, MD",Assistant Professor,Enam Medical College & Hospital,N/A,https://doctor.bd/doctor/dr-emily-akter-dermatology-dhaka
Dr. Emon Kanti Moharer,followers,Pediatric Surgery Specialist,"MBBS, BCS, MS",Assistant Registrar,Sylhet MAG Osmani Medical College Hospital,N/A,https://doctor.bd/doctor/dr-emon-kanti-moharer-pediatric-surgery-sylhet
Dr. Emrul Hassan,followers,"Skin, Allergy & Sexual Disease Specialist","MBBS, BCS, DDV",Consultant,Rangamati General Hospital,N/A,https://doctor.bd/doctor/dr-emrul-hassan-dermatology-rangamati
Dr. Emrul Kaiser,followers,Medicine & Rheumatology Specialist,"MBBS, BCS, FCPS",Consultant,Chattogram Medical College Hospital,N/A,https://doctor.bd/doctor/dr-emrul-kaiser-rheumatology-chattogram
Dr. Enamul Ahsan Sohel,followers,Homeopathic Medicine Specialist,BHMS,Chief Consultant,Dr Paul's Bangladesh Health Care,N/A,https://doctor.bd/doctor/dr-enamul-ahsan-sohel-homeopathy-dhaka
Dr. Enora Nilomi,followers,"Plastic, Burn & Reconstructive Surgery Specialist","MBBS, MS, MRCS",Assistant Professor,Enam Medical College & Hospital,N/A,https://doctor.bd/doctor/dr-enora-nilomi-plastic-surgery-dhaka
Dr. Erfanul Haque Siddiqui,followers,"Orthopedics, Trauma & Joint Surgery Specialist","MBBS, MS, FRSH",Surgeon,"Labaid Specialized Hospital, Dhanmondi",N/A,https://doctor.bd/doctor/dr-erfanul-haque-siddiqui-orthopedics-dhaka
Dr. Ershad Mondal,followers,"Diabetes, Hormone & Thyroid Specialist","MBBS, BCS, MACP, MD",Assistant Professor,Mymensingh Medical College Hospital,N/A,https://doctor.bd/doctor/dr-ershad-mondal-endocrinology-mymensingh
Dr. Ershad Uddin Ahmed,followers,"Gastroenterology, Liver & Digestive Disease Specialist","MBBS, FCPS, MD",Professor & Head,Chattogram Medical College Hospital,N/A,https://doctor.bd/doctor/dr-ershad-uddin-ahmed-gastroenterology-chattogram
Dr. Eshita Biswas,followers,Medicine Specialist,"MBBS, FCPS, MACP",Dhaka National Medical College & Hospital,Dhaka National Medical College & Hospital,N/A,https://doctor.bd/doctor/dr-eshita-biswas-medicine-dhaka
Dr. Eshita Reza Khan,followers,Pediatric Blood Disease Specialist,"MBBS, BCS, MD, FCPS",Assistant Professor,National Institute of Cancer Research and Hospital (NICR&H),N/A,https://doctor.bd/doctor/dr-eshita-reza-khan-pediatrics-dhaka
Dr. Eti Saha,followers,"Obstetrics, Gynaecology & Surgery Specialist","MBBS, DGO, FCPS",Associate Professor,Khulna Medical College Hospital,N/A,https://doctor.bd/doctor/dr-eti-saha-gynaecology-obstetrics-khulna
Dr. Eusha A. F. Ansary,followers,Kidney & Nephrology Specialist,"MBBS, MD",Professor & Head,Uttara Adhunik Medical College Hospital,N/A,https://doctor.bd/doctor/dr-eusha-a-f-ansary-nephrology-dhaka
Dr. Eva Rani Nandi,followers,"Obstetrics, Gynaecology & Surgery Specialist","MBBS, FCPS",Consultant,Sir Salimullah Medical College Mitford Hospital,N/A,https://doctor.bd/doctor/dr-eva-rani-nandi-gynaecology-obstetrics-dhaka
Dr. Evana Nasrin,followers,Child Health & Pediatric Specialist,"MBBS, BCS, FCPS",Consultant,Khulna Medical College Hospital,N/A,https://doctor.bd/doctor/dr-evana-nasrin-pediatrics-khulna
Dr. Ezaj Ahmed,followers,Eye Disease & Surgery Specialist,"MBBS, BCS, DO",Assistant Professor,"Shaheed Ziaur Rahman Medical College Hospital, Bogura",N/A,https://doctor.bd/doctor/dr-ezaj-ahmed-ophthalmology-bogura
Dr. F K Chowdhury Chanchal,followers,"Gastroenterology, Liver & Digestive Disease Specialist","MBBS, MCPS, MD, FCPS",Assistant Professor,Bangladesh Medical University,N/A,https://doctor.bd/doctor/dr-f-k-chowdhury-chanchal-gastroenterology-dhaka
Dr. F. A. M. Monjuman Ara Begum,followers,"Obstetrics, Gynaecology & Surgery Specialist","MBBS, DGO, MPH",Gynecologist,Rajshahi Medical College Hospital,N/A,https://doctor.bd/doctor/dr-f-a-m-monjuman-ara-begum-gynaecology-obstetrics-rajshahi
Dr. F. M. Atiqur Rahman,followers,Medicine Specialist,"MBBS, FCPS",Professor & Head,Patuakhali Medical College Hospital,N/A,https://doctor.bd/doctor/dr-f-m-atiqur-rahman-medicine-patuakhali
Dr. F. R. Khan,followers,Medicine Specialist,"MBBS, BCS, MD",Associate Professor,Sher-e-bangla Medical College Hospital,N/A,https://doctor.bd/doctor/dr-f-r-khan-medicine-barishal
Dr. F.R. Al-Mahmud,followers,Physical Medicine & Rehabilitation Specialist,"MBBS, FCPS",Associate Professor,TMSS Medical College & Hospital,N/A,https://doctor.bd/doctor/dr-fr-al-mahmud-physical-medicine-rehabilitation-dhaka
Dr. Fahim Ara Khanom Jenny,followers,"Obstetrics, Gynaecology & Surgery Specialist","MBBS, DGO",Assistant Professor,Sylhet Womens Medical College Hospital,N/A,https://doctor.bd/doctor/dr-fahim-ara-khanom-jenny-gynaecology-obstetrics-sylhet
Dr. Fahim Feroz,followers,"Skin, Allergy & Sexual Disease Specialist","MBBS, DCD, MSc",Senior Aesthetic Dermatologist,Asgar Ali Hospital,N/A,https://doctor.bd/doctor/dr-fahim-feroz-dermatology-dhaka
Dr. Fahima Afroz,followers,"Obstetrics, Gynaecology & Surgery Specialist","MBBS, MRCOG",Consultant,Ahsania Mission Cancer and General Hospital,N/A,https://doctor.bd/doctor/dr-fahima-afroz-gynaecology-obstetrics-dhaka
Dr. Fahima Akhter,followers,"Obstetrics, Gynaecology & Surgery Specialist","MBBS, BCS, MCPS, FCPS",Gynecologist,"Kurmitola General Hospital, Dhaka",N/A,https://doctor.bd/doctor/dr-fahima-akhter-gynaecology-obstetrics-dhaka
Dr. Fahmida Akhter Chowdhury,followers,Medicine Specialist,"MBBS, FCPS",Assistant Professor,Jalalabad Ragib-Rabeya Medical College & Hospital,N/A,https://doctor.bd/doctor/dr-fahmida-akhter-chowdhury-medicine-sylhet
Dr. Fahmida Alam,followers,Oncologist & Cancer Specialist,"MBBS, BCS, FCPS",Assistant Professor,Chattogram Medical College Hospital,N/A,https://doctor.bd/doctor/dr-fahmida-alam-oncology-chattogram
Dr. Fahmida Bayes Kakan,followers,"Obstetrics, Gynaecology & Surgery Specialist","MBBS, MS",Consultant,Bangladesh Medical University,N/A,https://doctor.bd/doctor/dr-fahmida-bayes-kakan-gynaecology-obstetrics-dhaka
Dr. Fahmida Begum,followers,Kidney & Nephrology Specialist,"MBBS, MD",Senior Consultant,Evercare Hospital Dhaka,N/A,https://doctor.bd/doctor/dr-fahmida-begum-nephrology-dhaka
Dr. Fahmida Chowdhury,followers,Child Health & Pediatric Specialist,"MBBS, BCS, MD",Consultant,Sylhet MAG Osmani Medical College Hospital,N/A,https://doctor.bd/doctor/dr-fahmida-chowdhury-pediatrics-sylhet
Dr. Fahmida Chowdhury Suma,followers,"Obstetrics, Gynaecology & Surgery Specialist","MBBS, BCS, FCPS",Consultant,Bangladesh Medical University,N/A,https://doctor.bd/doctor/dr-fahmida-chowdhury-suma-gynaecology-obstetrics-dhaka
Dr. Fahmida Ferdousi,followers,Oral & Dental Surgery Specialist,"BDS, MS",Consultant,Evercare Hospital Dhaka,N/A,https://doctor.bd/doctor/dr-fahmida-ferdousi-dentistry-dhaka
Dr. Fahmida Hoque,followers,"Skin, Allergy & Sexual Disease Specialist","MBBS, MD",Associate Professor,East- West Medical College & Hospital,N/A,https://doctor.bd/doctor/dr-fahmida-hoque-dermatology-dhaka
Dr. Fahmida Islam,followers,"Obstetrics, Gynaecology & Surgery Specialist","MBBS, DGO, MS",Consultant,Cumilla Medical College Hospital,N/A,https://doctor.bd/doctor/dr-fahmida-islam-gynaecology-obstetrics-cumilla
Dr. Fahmida Islam Chowdhury,followers,"Obstetrics, Gynaecology & Surgery Specialist","MBBS, FCPS",Assistant Professor,Chattogram Medical College Hospital,N/A,https://doctor.bd/doctor/dr-fahmida-islam-chowdhury-gynaecology-obstetrics-chattogram
Dr. Fahmida Khanam Shammi,followers,"Obstetrics, Gynaecology & Surgery Specialist","MBBS, PGT, DMU",Medical Officer,"250 Bedded General Hospital, Pabna",N/A,https://doctor.bd/doctor/dr-fahmida-khanam-shammi-gynaecology-obstetrics-pabna
Dr. Fahmida Naz,followers,"Obstetrics, Gynaecology & Surgery Specialist","MBBS, FCPS, MS",Gynecologist,"Mugda Medical College Hospital, Dhaka",N/A,https://doctor.bd/doctor/dr-fahmida-naz-gynaecology-obstetrics-dhaka
Dr. Fahmida Rashid (Swati),followers,"Obstetrics, Gynaecology & Surgery Specialist","MBBS, FCPS, MS, MSc, FRM",Assistant Professor,Chattogram Medical College Hospital,N/A,https://doctor.bd/doctor/dr-fahmida-rashid-swati-gynaecology-obstetrics-chattogram
Dr. Fahmida Shireen Neela,followers,"Obstetrics, Gynaecology & Surgery Specialist","MBBS, FCPS",Consultant,"Mohammad Ali Hospital, Bogura",N/A,https://doctor.bd/doctor/dr-fahmida-shireen-neela-gynaecology-obstetrics-bogura
Dr. Fahmida Sultana,followers,Pediatric Gastroenterology Specialist,"MBBS, DCH, MD",Assistant Professor,"National Gastroliver Institute and Hospital, Dhaka",N/A,https://doctor.bd/doctor/dr-fahmida-sultana-pediatrics-dhaka
Dr. Fahmida Zabeen,followers,Child Health & Pediatric Specialist,"MBBS, MD",Senior Consultant,Evercare Hospital Dhaka,N/A,https://doctor.bd/doctor/dr-fahmida-zabeen-pediatrics-dhaka
Dr. Fahmida Zebin,followers,"Skin, Allergy & Sexual Disease Specialist","MBBS, BCS, DDV",Consultant,Dhaka Medical College Hospital,N/A,https://doctor.bd/doctor/dr-fahmida-zebin-dermatology-dhaka
Dr. Fahmidul Haque,followers,Urology & Andrology Specialist,"MBBS, BCS, MS",Consultant,Moon Hospital Ltd.,N/A,https://doctor.bd/doctor/dr-fahmidul-haque-urology-cumilla
Dr. Fahmidur Rahman,followers,Psychiatry & Mental Health Specialist,"MBBS, MPhil, FCPS",Associate Professor,"Mugda Medical College Hospital, Dhaka",N/A,https://doctor.bd/doctor/dr-fahmidur-rahman-psychiatry-dhaka
Dr. Fahmina Akter Fahmi,followers,"Cardiology, Hypertension & Heart Disease Specialist","MBBS, BCS, MS",Assistant Professor,Sylhet MAG Osmani Medical College Hospital,N/A,https://doctor.bd/doctor/dr-fahmina-akter-fahmi-cardiology-sylhet
Dr. Faijun Nahar Khanam (Toma),followers,"Obstetrics, Gynaecology & Surgery Specialist","MBBS, MCPS, DMU, FCPS",Gynecologist,Bangladesh Medical University,N/A,https://doctor.bd/doctor/dr-faijun-nahar-khanam-toma-gynaecology-obstetrics-narsingdi
Dr. Fairuj Pervin Tania,followers,"Obstetrics, Gynaecology & Surgery Specialist","MBBS, BCS, FCPS",Consultant,Rajshahi Medical College Hospital,N/A,https://doctor.bd/doctor/dr-fairuj-pervin-tania-gynaecology-obstetrics-rajshahi
Dr. Faisal Ahmed,followers,Child Health & Pediatric Specialist,"MBBS, MD, MRCPH",Senior Consultant,Labaid Specialized hospital chattogram,N/A,https://doctor.bd/doctor/dr-faisal-ahmed-pediatrics-chattogram
Dr. Faisal Ahmed,followers,Oral & Dental Surgery Specialist,"BDS, MS",Assistant Professor,Chattogram International Dental College,N/A,https://doctor.bd/doctor/dr-faisal-ahmed-dentistry-chattogram
Dr. Faisal Ahmed Sajib,followers,Chest & Respiratory Disease Specialist,"MBBS, MD, MACP, ACCP",Department of Respiratory Medicine,Mymensingh Medical College Hospital,10+ Years,https://doctor.bd/doctor/dr-faisal-ahmed-sajib-respiratory-medicine-mymensingh
Dr. Faisal Bin Yousuf,followers,Medicine & Diabetes Specialist,"MBBS, BCS, MACP, CCD, FCPS",Consultant,Dhaka Medical College Hospital,10+ Years,https://doctor.bd/doctor/dr-faisal-bin-yousuf-medicine-dhaka
Dr. Faiz Ahmad Khondaker,followers,Liver & Hepatology Specialist,"MBBS, FCPS, MD",Associate Professor,Shaheed Suhrawardy Medical College Hospital,N/A,https://doctor.bd/doctor/dr-faiz-ahmad-khondaker-hepatology-dhaka
Dr. Faizur Rahman,followers,"Skin, Allergy & Sexual Disease Specialist","MBBS, BCS, DDV",Consultant,Sher-e-bangla Medical College Hospital,N/A,https://doctor.bd/doctor/dr-faizur-rahman-dermatology-barishal
Dr. Fajlul Haque (Sohail),followers,Physical Medicine & Rehabilitation Specialist,"MBBS, BCS, MD, CCD",Consultant,"250 Bed General Hospital, Moulvibazar",N/A,https://doctor.bd/doctor/dr-fajlul-haque-sohail-physical-medicine-rehabilitation-moulvibazar
Dr. Fakhrul Imam,followers,Oral & Dental Surgery Specialist,"BDS, MCPS, FCPS",Consultant,Divine Mercy Hospital,14+ Years,https://doctor.bd/doctor/dr-fakhrul-imam-dentistry-gazipur
Dr. Fakhrul Islam Juwel,followers,Medicine Specialist,"MBBS, BCS, MCPS, FCPS, MRCP",Consultant,"Shaheed Ziaur Rahman Medical College Hospital, Bogura",N/A,https://doctor.bd/doctor/dr-fakhrul-islam-juwel-medicine-bogura
Dr. Fakrul Hassan Rony,followers,Oral & Dental Surgery Specialist,"BDS, FCPS",Consultant,Dhaka Dental College Hospital,N/A,https://doctor.bd/doctor/dr-fakrul-hassan-rony-dentistry-dhaka
Dr. Faora Tasnim,followers,"Plastic, Burn & Reconstructive Surgery Specialist","MBBS, MS",Surgeon,Shaheed Suhrawardy Medical College Hospital,N/A,https://doctor.bd/doctor/dr-faora-tasnim-plastic-surgery-dhaka
Dr. Farah Chowdhury,followers,Child Health & Pediatric Specialist,"MBBS, FCPS",Assistant Professor,Chattogram Maa-O-Shishu Hospital Medical College,N/A,https://doctor.bd/doctor/dr-farah-chowdhury-pediatrics-chattogram
Dr. Farah Safa Huq,followers,"Skin, Allergy & Sexual Disease Specialist","MBBS, BCS, MD",Consultant,"Mohammad Ali Hospital, Bogura",N/A,https://doctor.bd/doctor/dr-farah-safa-huq-dermatology-bogura
Dr. Farahnaz Mabud Silvi,followers,"Obstetrics, Gynaecology & Surgery Specialist","MBBS, MCPS, MS, FRM",Associate Professor,Chattogram Maa-O-Shishu Hospital Medical College,N/A,https://doctor.bd/doctor/dr-farahnaz-mabud-silvi-gynaecology-obstetrics-chattogram
Dr. Farhadul Alam,followers,Eye Disease & Surgery Specialist,"MBBS, DCO, FPOS",Consultant,Chevron Eye Hospital & Research Center,N/A,https://doctor.bd/doctor/dr-farhadul-alam-ophthalmology-chattogram
Dr. Farhadul Islam,followers,Oral & Dental Surgery Specialist,"BDS, PGT",BMDC Reg No: 12492,"Dental Palace, Sonaimuri, Noakhali",6+ Years,https://doctor.bd/doctor/dr-farhadul-islam-dentistry-noakhali
Dr. Farhan Imtiaz Chowdhury,followers,General & Laparoscopic Surgery Specialist,"MBBS, BCS, FCPS, FIAGES, FACS",Assistant Professor,Rajshahi Medical College Hospital,6+ Years,https://doctor.bd/doctor/dr-farhan-imtiaz-chowdhury-general-surgery-rajshahi
Dr. Farhana Afroz,followers,Medicine & Diabetes Specialist,"MBBS, FCPS",Consultant,BIRDEM General Hospital,N/A,https://doctor.bd/doctor/dr-farhana-afroz-medicine-dhaka
Dr. Farhana Afroz (Tania),followers,Medicine Specialist,"MBBS, FCPS",Registrar,Delta Hospital,N/A,https://doctor.bd/doctor/dr-farhana-afroz-tania-medicine-dhaka
Dr. Farhana Afroz Chomon,followers,"Obstetrics, Gynaecology & Surgery Specialist","MBBS, FCPS",Assistant Professor,Kushtia Medical College Hospital,N/A,https://doctor.bd/doctor/dr-farhana-afroz-chomon-gynaecology-obstetrics-kushtia
Dr. Farhana Ahmed,followers,"Cardiology, Hypertension & Heart Disease Specialist","MBBS, FCPS, FSCAI",Associate Professor,National Institute of Cardiovascular Disease (NICVD),N/A,https://doctor.bd/doctor/dr-farhana-ahmed-cardiology-dhaka
Dr. Farhana Ahmed Nancy,followers,"Obstetrics, Gynaecology & Surgery Specialist","MBBS, BCS, FCPS, MCPS, MPH",Consultant,Dhaka Medical College Hospital,N/A,https://doctor.bd/doctor/dr-farhana-ahmed-nancy-gynaecology-obstetrics-dhaka
Dr. Farhana Akhter,followers,"Plastic, Burn & Reconstructive Surgery Specialist","MBBS, BCS, FCPS",Consultant,Chattogram Medical College Hospital,N/A,https://doctor.bd/doctor/dr-farhana-akhter-plastic-surgery-chattogram
Dr. Farhana Anam,followers,Infertility & Reproductive Medicine Specialist,"MBBS, CCU",Director,"Harvest Infertility Care, Dhaka",N/A,https://doctor.bd/doctor/dr-farhana-anam-reproductive-medicine-dhaka
Dr. Farhana Binte Rashid,followers,"Obstetrics, Gynaecology & Surgery Specialist","MBBS, FCPS",Consultant,"Kurmitola General Hospital, Dhaka",N/A,https://doctor.bd/doctor/dr-farhana-binte-rashid-gynaecology-obstetrics-dhaka
Dr. Farhana Haque,followers,"Obstetrics, Gynaecology & Surgery Specialist","MBBS, BCS, FCPS",Assistant Professor,National Institute of Cancer Research and Hospital (NICR&H),N/A,https://doctor.bd/doctor/dr-farhana-haque-gynaecology-obstetrics-dhaka
Dr. Farhana Haque,followers,"Skin, Allergy & Sexual Disease Specialist","MBBS, BCS, DDV, CCD",Consultant,Sylhet Leprosy Hospital,N/A,https://doctor.bd/doctor/dr-farhana-haque-dermatology-sylhet
Dr. Farhana Haque,followers,"Obstetrics, Gynaecology & Surgery Specialist","MBBS, BCS, DGO",Consultant,"General Hospital, Khulna",N/A,https://doctor.bd/doctor/dr-farhana-haque-gynaecology-obstetrics-khulna
Dr. Farhana Hossain,followers,Eye Disease & Surgery Specialist,"MBBS, FCPS, DCO, FICO",Consultant,Popular Medical College & Hospital,N/A,https://doctor.bd/doctor/dr-farhana-hossain-ophthalmology-dhaka
Dr. Farhana Kalam Ovi,followers,"Obstetrics, Gynaecology & Surgery Specialist","MBBS, BCS, FCPS",Assistant Professor,National Institute of Cancer Research and Hospital (NICR&H),N/A,https://doctor.bd/doctor/dr-farhana-kalam-ovi-gynaecology-obstetrics-dhaka
Dr. Farhana Khan,followers,Oncologist & Cancer Specialist,"MBBS, BCS, MD",Consultant,Sher-e-bangla Medical College Hospital,N/A,https://doctor.bd/doctor/dr-farhana-khan-oncology-barishal
Dr. Farhana Khatoon,followers,Gynaecology & Cancer Specialist,"MBBS, MS, FCPS",Associate Professor,Bangladesh Medical University,20+ Years,https://doctor.bd/doctor/dr-farhana-khatoon-gynaecology-obstetrics-dhaka
Dr. Farhana Monsur (Jhumur),followers,"Obstetrics, Gynaecology & Surgery Specialist","MBBS, BCS, FCPS",Consultant,Kushtia Medical College Hospital,20+ Years,https://doctor.bd/doctor/dr-farhana-monsur-jhumur-gynaecology-obstetrics-kushtia
Dr. Farhana Naznin,followers,Psychiatry & Mental Health Specialist,"MBBS, BCS, MD",Consultant,Chattogram Medical College Hospital,N/A,https://doctor.bd/doctor/dr-farhana-naznin-psychiatry-chattogram
Dr. Farhana Naznin Ratna,followers,Oral & Dental Surgery Specialist,BDS,Consultant,Islami Bank Hospital Barishal,N/A,https://doctor.bd/doctor/dr-farhana-naznin-ratna-dentistry-barishal
Dr. Farhana Parvin,followers,"Obstetrics, Gynaecology & Surgery Specialist","MBBS, BCS, FCPS",Consultant,Sher-e-bangla Medical College Hospital,N/A,https://doctor.bd/doctor/dr-farhana-parvin-gynaecology-obstetrics-barishal
Dr. Farhana Qayum,followers,"Skin, Allergy & Sexual Disease Specialist","MBBS, MCPS, FCPS",Consultant,"BRB Hospital, Dhaka",N/A,https://doctor.bd/doctor/dr-farhana-qayum-dermatology-dhaka
Dr. Farhana Quyum,followers,"Skin, Allergy & Sexual Disease Specialist","MBBS, MCPS, FCPS",Doctor,"BRB Hospital, Dhaka",N/A,https://doctor.bd/doctor/dr-farhana-quyum-dermatology-dhaka
Dr. Farhana Rahman,followers,"Obstetrics, Gynaecology & Surgery Specialist","MBBS, FCPS",Consultant,Dhaka Dental College Hospital,N/A,https://doctor.bd/doctor/dr-farhana-rahman-gynaecology-obstetrics-dhaka
Dr. Farhana Rahman,followers,Child Health & Pediatric Specialist,"MBBS, BCS, MD",Assistant Professor,Kushtia Medical College Hospital,N/A,https://doctor.bd/doctor/dr-farhana-rahman-pediatrics-kushtia
Dr. Farhana Rahman,followers,"Skin, Allergy & Sexual Disease Specialist","MBBS, MD",Specialist,"Mugda Medical College Hospital, Dhaka",N/A,https://doctor.bd/doctor/dr-farhana-rahman-dermatology-cumilla
Dr. Farhana Rima,followers,Oral & Dental Surgery Specialist,"BDS, PGT",Chief Consultant,Mymensingh Union Specialized Hospital,N/A,https://doctor.bd/doctor/dr-farhana-rima-dentistry-mymensingh
Dr. Farhana Sayeed,followers,Medicine & Diabetes Specialist,"MBBS, BCS, FCPS, MCPS, CCD",Consultant,Bangladesh Medical University,N/A,https://doctor.bd/doctor/dr-farhana-sayeed-medicine-dhaka
Dr. Farhana Sharmin,followers,Oral & Dental Surgery Specialist,"BDS, PGT",Consultant,Oral & Dental Care,N/A,https://doctor.bd/doctor/dr-farhana-sharmin-dentistry-khulna
Dr. Farhana Tarannum Khan,followers,"Obstetrics, Gynaecology & Surgery Specialist","MBBS, FCPS, MS",Assistant Professor,National Institute of Cancer Research and Hospital (NICR&H),N/A,https://doctor.bd/doctor/dr-farhana-tarannum-khan-gynaecology-obstetrics-dhaka
Dr. Farhana Tasnim Chowdhury,followers,Eye Disease & Surgery Specialist,MBBS,Registrar,North East Medical College Hospital,N/A,https://doctor.bd/doctor/dr-farhana-tasnim-chowdhury-ophthalmology-sylhet
Dr. Farhana Yasmin,followers,Medicine Specialist,"MBBS, MPH, MPhil, PhD",Professor & Head,Rajshahi Medical College Hospital,N/A,https://doctor.bd/doctor/dr-farhana-yasmin-medicine-rajshahi
Dr. Farhana Yasmin,followers,Child Health & Pediatric Specialist,"MBBS, FCPS",Assistant Professor,Bangladesh Shishu Hospital and Institute,10+ Years,https://doctor.bd/doctor/dr-farhana-yasmin-pediatrics-dhaka
Dr. Farhana Yesmin,followers,General & Laparoscopic Surgery Specialist,"MBBS, BCS, FCPS",Assistant Professor,Dhaka Dental College Hospital,N/A,https://doctor.bd/doctor/dr-farhana-yesmin-general-surgery-dhaka
Dr. Faria Afsana,followers,"Diabetes, Hormone & Thyroid Specialist","MBBS, DEM, MD, MACP, FACE",Professor & Unit Head,BIRDEM General Hospital,N/A,https://doctor.bd/doctor/dr-faria-afsana-endocrinology-dhaka
Dr. Faria Faruque,followers,"Obstetrics, Gynaecology & Surgery Specialist","MBBS, BCS, FCPS",Gynecologist,Khulna Medical College Hospital,N/A,https://doctor.bd/doctor/dr-faria-faruque-gynaecology-obstetrics-khulna
Dr. Faria Hossen Shanta,followers,Oral & Dental Surgery Specialist,"BDS, PGT",Consultant,"Ibn Sina Diagnostic & Consultation Center, Bogura",N/A,https://doctor.bd/doctor/dr-faria-hossen-shanta-dentistry-bogura
Dr. Faria Rashid,followers,"Obstetrics, Gynaecology & Surgery Specialist","MBBS, FCPS, CCD",Gynecologist,MH Samorita Hospital & Medical College,N/A,https://doctor.bd/doctor/dr-faria-rashid-gynaecology-obstetrics-dhaka
Dr. Faria Tabassum Tanni,followers,Orthodontics & Dental Braces Specialist,"BDS, MS",Consultant,"Faria Dental Paradise & Orthodontics, Dhaka",17+ Years,https://doctor.bd/doctor/dr-faria-tabassum-tanni-dentistry-dhaka
Dr. Fariah Sharmeen,followers,Oncologist & Cancer Specialist,"MBBS, FCPS",Consultant,"Square Hospital, Dhaka",17+ Years,https://doctor.bd/doctor/dr-fariah-sharmeen-oncology-dhaka
Dr. Farid Ahmed Khan,followers,Medicine Specialist,"MBBS, BCS, MD, MACP, FCPS",Assistant Professor,"250 Bedded General Hospital, Pabna",N/A,https://doctor.bd/doctor/dr-farid-ahmed-khan-medicine-pabna
Dr. Farid Uddin Ahmed,followers,Child Health & Pediatric Specialist,"MBBS, MSc, MCh, DCH",Consultant,Al-Manar Hospital,N/A,https://doctor.bd/doctor/dr-farid-uddin-ahmed-pediatrics-dhaka
Dr. Farida Yeasmin,followers,"Obstetrics, Gynaecology & Surgery Specialist","MBBS, FCPS, MCPS, CCD, CMU, DMU",Gynecologist,Bangladesh Medical University,N/A,https://doctor.bd/doctor/dr-farida-yeasmin-gynaecology-obstetrics-dhaka
Dr. Farida Yesmin,followers,"Obstetrics, Gynaecology & Surgery Specialist","MBBS, BCS, MCPS, MS",Assistant Professor,"Mugda Medical College Hospital, Dhaka",6+ Years,https://doctor.bd/doctor/dr-farida-yesmin-gynaecology-obstetrics-dhaka
Dr. Fariel Bilkis,followers,Physical Medicine & Rehabilitation Specialist,"MBBS, BCS, MD",Consultant,Sylhet Shahid Shamsuddin Ahmed District Hospital,6+ Years,https://doctor.bd/doctor/dr-fariel-bilkis-physical-medicine-rehabilitation-sylhet
Dr. Fariha Binte Quayum,followers,Orthodontics & Dental Braces Specialist,"BDS, PGT, FCPS",Consultant,"Labaid Dental Clinic, Kalabagan",N/A,https://doctor.bd/doctor/dr-fariha-binte-quayum-dentistry-dhaka
Dr. Farjana Ahmed Surovi,followers,"Obstetrics, Gynaecology & Surgery Specialist","MBBS, FCPS",Assistant Professor,Chattogram Maa-O-Shishu Hospital Medical College,N/A,https://doctor.bd/doctor/dr-farjana-ahmed-surovi-gynaecology-obstetrics-chattogram
Dr. Farjana Akhter,followers,"Skin, Allergy & Sexual Disease Specialist","MBBS, DDV",Skin Specialist,Bangladesh Specialized Hospital,N/A,https://doctor.bd/doctor/dr-farjana-akhter-dermatology-dhaka
Dr. Farjana Begum,followers,"Obstetrics, Gynaecology & Surgery Specialist","MBBS, FCPS",Associate Professor,Dhaka Community Medical College & Hospital,N/A,https://doctor.bd/doctor/dr-farjana-begum-gynaecology-obstetrics-dhaka
Dr. Farjana Haque Shumi,followers,General & Laparoscopic Surgery Specialist,"MBBS, FCPS",Resident Surgeon,Uttara Adhunik Medical College Hospital,N/A,https://doctor.bd/doctor/dr-farjana-haque-shumi-general-surgery-dhaka
Dr. Farjana Kabir,followers,Medicine Specialist,"MBBS, BCS, FCPS",Consultant,Khulna Medical College Hospital,N/A,https://doctor.bd/doctor/dr-farjana-kabir-medicine-khulna
Dr. Farjana Mahjabin (Ovi),followers,"Obstetrics, Gynaecology & Surgery Specialist","MBBS, BCS, MS",Assistant Registrar,"250 Bedded General Hospital, Pabna",N/A,https://doctor.bd/doctor/dr-farjana-mahjabin-ovi-gynaecology-obstetrics-pabna
Dr. Farjana Nasreen,followers,Oral & Dental Surgery Specialist,BDS,Consultant,"Ocean Diagnostic Centre, Chattogram",N/A,https://doctor.bd/doctor/dr-farjana-nasreen-dentistry-chattogram
Dr. Farrukh Ahmad,followers,Child Health & Pediatric Specialist,"MBBS, MCPS, MD",Consultant,Khulna Medical College Hospital,N/A,https://doctor.bd/doctor/dr-farrukh-ahmad-pediatrics-khulna
Dr. Farrukh Shaheen Rosy,followers,"Diabetes, Hormone & Thyroid Specialist","MBBS, CCD",Diabetes Specialist,BIRDEM General Hospital,N/A,https://doctor.bd/doctor/dr-farrukh-shaheen-rosy-endocrinology-dhaka
Dr. Faruk Hossain,followers,"Plastic, Burn & Reconstructive Surgery Specialist","MBBS, MS",Assistant Professor,Dhaka Community Medical College,7+ Years,https://doctor.bd/doctor/dr-faruk-hossain-plastic-surgery-dhaka
Dr. Faruq Amin Talukder,followers,Kidney & Nephrology Specialist,"MBBS, MD",Doctor,"Kurmitola General Hospital, Dhaka",7+ Years,https://doctor.bd/doctor/dr-faruq-amin-talukder-nephrology-dhaka
Dr. Faruque Ahmed,followers,Kidney & Nephrology Specialist,"MBBS, BCS, MD",Assistant Professor,Shaheed Suhrawardy Medical College Hospital,N/A,https://doctor.bd/doctor/dr-faruque-ahmed-nephrology-dhaka
Dr. Farzana Afroze,followers,"Skin, Allergy & Sexual Disease Specialist","MBBS, MCPS, FCPS",Consultant,Ahsania Mission Cancer and General Hospital,N/A,https://doctor.bd/doctor/dr-farzana-afroze-dermatology-dhaka
Dr. Farzana Ahmed,followers,Child Health & Pediatric Specialist,"MBBS, FCPS, FRCP",Associate Professor,Marks Medical College & Hospital,N/A,https://doctor.bd/doctor/dr-farzana-ahmed-pediatrics-dhaka
Dr. Farzana Akhter Bithi,followers,"Obstetrics, Gynaecology & Surgery Specialist","MBBS, BCS, FCPS",Surgeon,Chattogram Medical College Hospital,N/A,https://doctor.bd/doctor/dr-farzana-akhter-bithi-gynaecology-obstetrics-chattogram
Dr. Farzana Akter Chowdhury,followers,Eye Disease & Surgery Specialist,"MBBS, DCO",Consultant,Chattogram Eye Infirmary and Training Complex,N/A,https://doctor.bd/doctor/dr-farzana-akter-chowdhury-ophthalmology-chattogram
Dr. Farzana Aman Sharmin,followers,Oral & Dental Surgery Specialist,"BDS, PGT",Consultant,Freshdent Orthodontics & Implant Center,N/A,https://doctor.bd/doctor/dr-farzana-aman-sharmin-dentistry-chattogram
Dr. Farzana Anam,followers,"Obstetrics, Gynaecology & Surgery Specialist","MBBS, BCS, FCPS",Consultant,Narayanganj General (Victoria) Hospital,N/A,https://doctor.bd/doctor/dr-farzana-anam-gynaecology-obstetrics-narayanganj
Dr. Farzana Anar,followers,Oral & Dental Surgery Specialist,"BDS, FCPS",Assistant Professor,Community Based Medical College Hospital Bangladesh,N/A,https://doctor.bd/doctor/dr-farzana-anar-dentistry-dhaka
Dr. Farzana Begum,followers,"Obstetrics, Gynaecology & Surgery Specialist","MBBS, BCS, MS",Gynecologist,Rajshahi Medical College Hospital,N/A,https://doctor.bd/doctor/dr-farzana-begum-gynaecology-obstetrics-rajshahi
Dr. Farzana Chowdhury,followers,"Obstetrics, Gynaecology & Surgery Specialist","MBBS, MCPS, FCPS",Assistant Professor,Chattogram International Medical College & Hospital (CIMCH),N/A,https://doctor.bd/doctor/dr-farzana-chowdhury-gynaecology-obstetrics-chattogram
Dr. Farzana Ferdous Munmun,followers,"Obstetrics, Gynaecology & Surgery Specialist","MBBS, BCS, DGO, FCPS",Assistant Professor,Sher-e-bangla Medical College Hospital,N/A,https://doctor.bd/doctor/dr-farzana-ferdous-munmun-gynaecology-obstetrics-barishal
Dr. Farzana Hamid,followers,Child Health & Pediatric Specialist,"MBBS, FCPS, MRCP",Associate Professor,North East Medical College Hospital,N/A,https://doctor.bd/doctor/dr-farzana-hamid-pediatrics-sylhet
Dr. Farzana Hamid (Eti),followers,"Obstetrics, Gynaecology & Surgery Specialist","MBBS, BCS, MS",Consultant,Bangladesh Medical University,N/A,https://doctor.bd/doctor/dr-farzana-hamid-eti-gynaecology-obstetrics-dhaka
Dr. Farzana Haque,followers,Medicine Specialist,"MBBS, BCS, MACP, FCPS",Registrar,Dhaka Medical College Hospital,N/A,https://doctor.bd/doctor/dr-farzana-haque-medicine-dhaka
Dr. Farzana Haseen Mukti,followers,"Obstetrics, Gynaecology & Surgery Specialist","MBBS, DGO, FCPS, MCPS",Senior Consultant,Evercare Hospital Chattogram,N/A,https://doctor.bd/doctor/dr-farzana-haseen-mukti-gynaecology-obstetrics-chattogram
Dr. Farzana Islam,followers,Child Health & Pediatric Specialist,"MBBS, DCH, MCPS",Specialist and Head,Evercare Hospital Dhaka,N/A,https://doctor.bd/doctor/dr-farzana-islam-pediatrics-dhaka
Dr. Farzana Khondaker Eshan,followers,"Obstetrics, Gynaecology & Surgery Specialist","MBBS, BCS, FCPS",Consultant,Cumilla Medical College Hospital,N/A,https://doctor.bd/doctor/dr-farzana-khondaker-eshan-gynaecology-obstetrics-cumilla
Dr. Farzana Naznin Ripa,followers,"Obstetrics, Gynaecology & Surgery Specialist","MBBS, FCPS",Consultant,Rajshahi Medical College Hospital,N/A,https://doctor.bd/doctor/dr-farzana-naznin-ripa-gynaecology-obstetrics-rajshahi
Dr. Farzana Rabin (Shormi),followers,Psychiatry & Mental Health Specialist,"MBBS, MPhil, MD",Professor & Head,Holy Family Red Crescent Medical College Hospital,N/A,https://doctor.bd/doctor/dr-farzana-rabin-shormi-psychiatry-dhaka
Dr. Farzana Rahman,followers,Blood Disease & Hematology Specialist,"MBBS, FCPS",Associate Professor,Bangladesh Medical University,N/A,https://doctor.bd/doctor/dr-farzana-rahman-hematology-dhaka
Dr. Farzana Rahman Chowdhury,followers,Child Health & Pediatric Specialist,"MBBS, DCH, FCPS",Consultant,Popular Medical College & Hospital,N/A,https://doctor.bd/doctor/dr-farzana-rahman-chowdhury-pediatrics-dhaka
Dr. Farzana Rahman Shathi,followers,"Skin, Allergy & Sexual Disease Specialist","MBBS, BCS, MCPS, DDV, FCPS",Assistant Professor,Shaheed Suhrawardy Medical College Hospital,N/A,https://doctor.bd/doctor/dr-farzana-rahman-shathi-dermatology-dhaka
Dr. Farzana Rashid,followers,"Obstetrics, Gynaecology & Surgery Specialist","MBBS, BCS, FCPS",Consultant,Khulna Medical College Hospital,N/A,https://doctor.bd/doctor/dr-farzana-rashid-gynaecology-obstetrics-khulna
Dr. Farzana Rashid,followers,"Obstetrics, Gynaecology & Surgery Specialist","MBBS, FCPS",Consultant,"Square Hospital, Dhaka",N/A,https://doctor.bd/doctor/dr-farzana-rashid-gynaecology-obstetrics-dhaka
Dr. Farzana Sharmin Bithi,followers,"Obstetrics, Gynaecology & Surgery Specialist","MBBS, DGO, FCPS",Consultant,National Institute of Cancer Research and Hospital (NICR&H),N/A,https://doctor.bd/doctor/dr-farzana-sharmin-bithi-gynaecology-obstetrics-dhaka
Dr. Farzana Sharmin Shuvra,followers,"Obstetrics, Gynaecology & Surgery Specialist","MBBS, FCPS",Assistant Professor,Bangladesh Medical University,N/A,https://doctor.bd/doctor/dr-farzana-sharmin-shuvra-gynaecology-obstetrics-dhaka
Dr. Farzana Shumy,followers,Rheumatology & Arthritis Specialist,"MBBS, FCPS, MRCP, MD",Consultant,"Square Hospital, Dhaka",N/A,https://doctor.bd/doctor/dr-farzana-shumy-rheumatology-dhaka
Dr. Farzana Tazin,followers,"Cardiology, Hypertension & Heart Disease Specialist","MBBS, FCPS",Senior Consultant,National Heart Foundation Hospital Sylhet,N/A,https://doctor.bd/doctor/dr-farzana-tazin-cardiology-sylhet
Dr. Farzana Yeasmin Luna,followers,"Obstetrics, Gynaecology & Surgery Specialist","MBBS, BCS, FCPS, MRCOG, MSc",Senior Consultant,"United Hospital, Dhaka",N/A,https://doctor.bd/doctor/dr-farzana-yeasmin-luna-gynaecology-obstetrics-dhaka
Dr. Farzana Zulfia Khan,followers,"Cardiology, Hypertension & Heart Disease Specialist","MBBS, D-CARD",Consultant,"BRB Hospital, Dhaka",N/A,https://doctor.bd/doctor/dr-farzana-zulfia-khan-cardiology-dhaka
Dr. Fatama Tul Tanzina Chowdhury,followers,"Obstetrics, Gynaecology & Surgery Specialist","MBBS, MS",Assistant Professor,Sylhet Womens Medical College Hospital,15+ Years,https://doctor.bd/doctor/dr-fatama-tul-tanzina-chowdhury-gynaecology-obstetrics-sylhet
Dr. Fatamatuz Zohura Antora,followers,"Skin, Allergy & Sexual Disease Specialist","MBBS, FCPS",Dermatologist,Medix,15+ Years,https://doctor.bd/doctor/dr-fatamatuz-zohura-antora-dermatology-dhaka
Dr. Fateha Ferdous,followers,"Obstetrics, Gynaecology & Surgery Specialist","MBBS, MCPS, FCPS",Gynecologist,BIRDEM General Hospital,N/A,https://doctor.bd/doctor/dr-fateha-ferdous-gynaecology-obstetrics-dhaka
Dr. Fatema Akter,followers,General & Laparoscopic Surgery Specialist,"MBBS, FCPS, FMAS",Consultant,Islami Bank Hospital Khulna,N/A,https://doctor.bd/doctor/dr-fatema-akter-general-surgery-khulna
Dr. Fatema Akter Doly,followers,Embryologist Specialist,"MBBS, MCPS",Manager at Model Family Planning Center,Dhaka Medical College Hospital,N/A,https://doctor.bd/doctor/dr-fatema-akter-doly-reproductive-medicine-dhaka
Dr. Fatema Akther (Juthi),followers,"Obstetrics, Gynaecology & Surgery Specialist","MBBS, DGO, FCPS",RMO,Bauphal Upazila Health Complex,N/A,https://doctor.bd/doctor/dr-fatema-akther-juthi-gynaecology-obstetrics-patuakhali
Dr. Fatema Begum,followers,"Obstetrics, Gynaecology & Surgery Specialist","MBBS, DGO, FCPS",Gynecologist,Khwaja Yunus Ali Medical College & Hospital,N/A,https://doctor.bd/doctor/dr-fatema-begum-gynaecology-obstetrics-dhaka
Dr. Fatema Begum,followers,"Cardiology, Hypertension & Heart Disease Specialist","MBBS, FCPS, MD",Senior Consultant,"United Hospital, Dhaka",N/A,https://doctor.bd/doctor/dr-fatema-begum-cardiology-dhaka
Dr. Fatema Begum (Sweety),followers,Child Health & Pediatric Specialist,"MBBS, FCPS",Assistant Professor,Rangamati Medical College Hospital,N/A,https://doctor.bd/doctor/dr-fatema-begum-sweety-pediatrics-rangamati
Dr. Fatema Farzana,followers,Child Health & Pediatric Specialist,"MBBS, BCS, FCPS",Child Specialist,Dhaka Medical College Hospital,N/A,https://doctor.bd/doctor/dr-fatema-farzana-pediatrics-dhaka
Dr. Fatema Khanam,followers,Kidney & Nephrology Specialist,"MBBS, FCPS",Head,Kidney Foundation Hospital Sylhet,N/A,https://doctor.bd/doctor/dr-fatema-khanam-nephrology-sylhet
Dr. Fatema Masur,followers,"Obstetrics, Gynaecology & Surgery Specialist","MBBS, FCPS",Consultant,Pabna Medical College Hospital,N/A,https://doctor.bd/doctor/dr-fatema-masur-gynaecology-obstetrics-pabna
Dr. Fatema Rahman Pinky,followers,"Obstetrics, Gynaecology & Surgery Specialist","MBBS, DGO, MCPS, FCPS",Gynecologist,Dhaka Medical College Hospital,N/A,https://doctor.bd/doctor/dr-fatema-rahman-pinky-gynaecology-obstetrics-dhaka
Dr. Fatema Siddiqua,followers,"Obstetrics, Gynaecology & Surgery Specialist","MBBS, DGO, FCPS",Professor & Head,"Islami Bank Medical College Hospital, Rajshahi",N/A,https://doctor.bd/doctor/dr-fatema-siddiqua-gynaecology-obstetrics-rajshahi
Dr. Fatema Yasmin,followers,Child Health & Pediatric Specialist,"MBBS, BCS, MD",Resident Physician,Sylhet MAG Osmani Medical College Hospital,N/A,https://doctor.bd/doctor/dr-fatema-yasmin-pediatrics-sylhet
Dr. Fatema Yeasmin (Popy),followers,"Obstetrics, Gynaecology & Surgery Specialist","MBBS, MS",Registrar,Sylhet MAG Osmani Medical College Hospital,N/A,https://doctor.bd/doctor/dr-fatema-yeasmin-popy-gynaecology-obstetrics-sylhet
Dr. Fatema Zohra,followers,"Obstetrics, Gynaecology & Surgery Specialist","MBBS, BCS, FCPS",Consultant,"General Hospital, Khulna",N/A,https://doctor.bd/doctor/dr-fatema-zohra-gynaecology-obstetrics-khulna
Dr. Fatema-Tu-Zohora,followers,"Skin, Allergy & Sexual Disease Specialist","MBBS, MD",Assistant Professor,Enam Medical College & Hospital,N/A,https://doctor.bd/doctor/dr-fatema-tu-zohora-dermatology-dhaka
Dr. Fatematul Jannat Taniya,followers,"Obstetrics, Gynaecology & Surgery Specialist","MBBS, MS",Assistant Professor,Central Medical College Hospital,N/A,https://doctor.bd/doctor/dr-fatematul-jannat-taniya-gynaecology-obstetrics-cumilla
Dr. Fatematuz Zuhora,followers,"Obstetrics, Gynaecology & Surgery Specialist","MBBS, BCS, FCPS",Consultant,Sylhet MAG Osmani Medical College Hospital,N/A,https://doctor.bd/doctor/dr-fatematuz-zuhora-gynaecology-obstetrics-sylhet
Dr. Fatima Zohra,followers,Psychiatry & Mental Health Specialist,"MBBS, MD",Assistant Professor,Bangladesh Medical University,N/A,https://doctor.bd/doctor/dr-fatima-zohra-psychiatry-dhaka
Dr. Fauzia Sobhan,followers,Physical Medicine & Rehabilitation Specialist,"MBBS, FCPS",Associate Professor,Jalalabad Ragib-Rabeya Medical College & Hospital,N/A,https://doctor.bd/doctor/dr-fauzia-sobhan-physical-medicine-rehabilitation-sylhet
Dr. Fayem Chowdhury (Sony),followers,"Colorectal, Piles & Rectal Surgery Specialist","MS, MBBS, BCS, FCPS, FACS",Senior Consultant,Shaheed Suhrawardy Medical College Hospital,N/A,https://doctor.bd/doctor/dr-fayem-chowdhury-sony-colorectal-surgery-dhaka
Dr. Faysal Ahmed,followers,"Diabetes, Hormone & Thyroid Specialist","MBBS, MPH, CCD",Director,"Ibrahim Genaral Hospital, Savar",N/A,https://doctor.bd/doctor/dr-faysal-ahmed-endocrinology-dhaka
Dr. Faysal Ahmed,followers,Liver & Hepatology Specialist,"MBBS, MD",Consultant,Bangladesh Medical University,N/A,https://doctor.bd/doctor/dr-faysal-ahmed-hepatology-dhaka
Dr. Fazana Iffat Majumder,followers,Oral & Dental Surgery Specialist,"BDS, PGT",Consultant,Islami Bank Hospital Mirpur,N/A,https://doctor.bd/doctor/dr-fazana-iffat-majumder-dentistry-dhaka
Dr. Fazilatun Nesa Bristy,followers,Eye Disease & Surgery Specialist,"MBBS, BCS, MCPS, FCPS",Eye Specialist,Khulna Medical College Hospital,N/A,https://doctor.bd/doctor/dr-fazilatun-nesa-bristy-ophthalmology-khulna
Dr. Fazilatun Nesa Kusum,followers,"Obstetrics, Gynaecology & Surgery Specialist","MBBS, MS, CMU, DMU",Consultant,"Institute of Child and Mother Health, Matuail",N/A,https://doctor.bd/doctor/dr-fazilatun-nesa-kusum-gynaecology-obstetrics-dhaka
Dr. Fazilatunnesa Naznin,followers,"Obstetrics, Gynaecology & Surgery Specialist","MBBS, FCPS",Assistant Professor,Northern International Medical College Hospital,N/A,https://doctor.bd/doctor/dr-fazilatunnesa-naznin-gynaecology-obstetrics-dhaka
Dr. Fazle Noor-E-Tawhida,followers,"Obstetrics, Gynaecology & Surgery Specialist","MBBS, FCPS",Senior Consultant,Dhaka Medical College Hospital,N/A,https://doctor.bd/doctor/dr-fazle-noor-e-tawhida-gynaecology-obstetrics-dhaka
Dr. Fazley Rabby,followers,Eye Disease & Surgery Specialist,"MBBS, BCS, FCPS, MCPS, ICO",Resident Surgeon,"250 Bedded General Hospital, Pabna",N/A,https://doctor.bd/doctor/dr-fazley-rabby-ophthalmology-pabna
Dr. Fazlur Rahman Chowdhury,followers,Child Health & Pediatric Specialist,"MBBS, DCH, PGT, PGPN",Consultant,Dhaka Shishu Hospital,N/A,https://doctor.bd/doctor/dr-fazlur-rahman-chowdhury-pediatrics-dhaka
Dr. Ferdous Akhter Jolly,followers,Eye Disease & Surgery Specialist,"MBBS, DO, FCPS",Associate Professor,BIRDEM General Hospital,N/A,https://doctor.bd/doctor/dr-ferdous-akhter-jolly-ophthalmology-dhaka
Dr. Ferdous Alam,followers,General & Laparoscopic Surgery Specialist,"MBBS, FCPS, MRCS",Surgeon,Bangladesh Medical University,N/A,https://doctor.bd/doctor/dr-ferdous-alam-general-surgery-dhaka
Dr. Ferdous Ara Banu Kakoli,followers,"Obstetrics, Gynaecology & Surgery Specialist","MBBS, FCPS",Consultant,Islami Bank Central Hospital,N/A,https://doctor.bd/doctor/dr-ferdous-ara-banu-kakoli-gynaecology-obstetrics-dhaka
Dr. Ferdous Ara Begum,followers,Oncologist & Cancer Specialist,"MBBS, DCH, MD",Consultant,National Institute of Cancer Research and Hospital (NICR&H),N/A,https://doctor.bd/doctor/dr-ferdous-ara-begum-oncology-dhaka
Dr. Ferdous Ara Sarwar,followers,"Obstetrics, Gynaecology & Surgery Specialist","MBBS, MCPS",Senior Medical Officer,Chattogram Port Authority Hospital,N/A,https://doctor.bd/doctor/dr-ferdous-ara-sarwar-gynaecology-obstetrics-chattogram
Dr. Ferdous Kamal Bhuiyan,followers,Kidney & Nephrology Specialist,"MBBS, MD",Kidney Specialist,Asgar Ali Hospital,N/A,https://doctor.bd/doctor/dr-ferdous-kamal-bhuiyan-nephrology-dhaka
Dr. Ferdous Mahmud Faisal,followers,Urology & Andrology Specialist,"MBBS, BCS, MS",Consultant,National Institute of Kidney Disease and Urology (NIKDU),N/A,https://doctor.bd/doctor/dr-ferdous-mahmud-faisal-urology-dhaka
Dr. Ferdous Shahriar Sayed,followers,Oncologist & Cancer Specialist,"MBBS, MD",Senior Consultant,Evercare Hospital Dhaka,N/A,https://doctor.bd/doctor/dr-ferdous-shahriar-sayed-oncology-dhaka
Dr. Ferdousi Begum,followers,Child Health & Pediatric Specialist,"MBBS, BCS, MCPS, FCPS, MD",Consultant,Rajshahi Medical College Hospital,N/A,https://doctor.bd/doctor/dr-ferdousi-begum-pediatrics-rajshahi
Dr. Ferdousi Begum,followers,"Obstetrics, Gynaecology & Surgery Specialist","MBBS, DGO, FCPS",Associate Professor,Holy Family Red Crescent Medical College Hospital,N/A,https://doctor.bd/doctor/dr-ferdousi-begum-gynaecology-obstetrics-dhaka
Dr. Ferdousi Begum,followers,Oral & Dental Surgery Specialist,"BDS, MS, BCS",Professor & Head,Rangpur Medical College Hospital,N/A,https://doctor.bd/doctor/dr-ferdousi-begum-dentistry-rangpur
Dr. Ferdousi Begum Nely,followers,"Obstetrics, Gynaecology & Surgery Specialist","MBBS, DGO",Resident Surgeon,Southern Medical College & Hospital,N/A,https://doctor.bd/doctor/dr-ferdousi-begum-nely-gynaecology-obstetrics-chattogram
Dr. Ferdousi Chowdhury,followers,"Obstetrics, Gynaecology & Surgery Specialist","MBBS, DGO, FCPS",Gynecologist,Asgar Ali Hospital,N/A,https://doctor.bd/doctor/dr-ferdousi-chowdhury-gynaecology-obstetrics-dhaka
Dr. Feroza Aktar,followers,Child Health & Pediatric Specialist,"MBBS, DCH, FCPS",Consultant,Chattogram International Medical College & Hospital (CIMCH),N/A,https://doctor.bd/doctor/dr-feroza-aktar-pediatrics-chattogram
Dr. Feroza Meher,followers,"Skin, Allergy & Sexual Disease Specialist",MBBS,Consultant,"Surecell Medical, Chattogram",N/A,https://doctor.bd/doctor/dr-feroza-meher-dermatology-chattogram
Dr. Firoj Ahmed Al-Amin,followers,"Brain, Nerve & Spine Surgery Specialist","MBBS, MS, MRCS, FACS",Consultant,Sir Salimullah Medical College Mitford Hospital,N/A,https://doctor.bd/doctor/dr-firoj-ahmed-al-amin-neurosurgery-dhaka
Dr. Firoz Ahmed,followers,Child Health & Pediatric Specialist,"MBBS, BCS, MD",Associate Professor,Cumilla Medical College Hospital,10+ Years,https://doctor.bd/doctor/dr-firoz-ahmed-pediatrics-cumilla
Dr. Firoz Ahmed,followers,"Orthopedics, Trauma & Joint Surgery Specialist","MBBS, BCS, D-ORTHO",Consultant,Khulna Medical College Hospital,10+ Years,https://doctor.bd/doctor/dr-firoz-ahmed-orthopedics-khulna
Dr. Firoza Banu Shirin,followers,"Obstetrics, Gynaecology & Surgery Specialist","MBBS, BCS, FCPS",Consultant,"Shaheed Ziaur Rahman Medical College Hospital, Bogura",N/A,https://doctor.bd/doctor/dr-firoza-banu-shirin-gynaecology-obstetrics-bogura
Dr. Florida Rahman,followers,Infertility & Reproductive Medicine Specialist,"MBBS, FCPS",Associate Professor,Lumina IVF & Fertility Center,N/A,https://doctor.bd/doctor/dr-florida-rahman-reproductive-medicine-dhaka
Dr. Forhad Hossain Badol,followers,General Surgery Specialist,"MBBS, BCS, FCPS",Registrar,Rangpur Medical College Hospital,N/A,https://doctor.bd/doctor/dr-forhad-hossain-badol-general-surgery-rangpur
Dr. Forhad Hossain Chowdhury,followers,"Brain, Nerve & Spine Surgery Specialist","MBBS, FCPS, MS",Assistant Professor,National Institute of Neurosciences & Hospital,N/A,https://doctor.bd/doctor/dr-forhad-hossain-chowdhury-neurosurgery-dhaka
Dr. Forhad Hossain Md. Shahed,followers,Liver & Hepatology Specialist,"MBBS, BCS, MD",Assistant Professor,Dhaka Medical College Hospital,N/A,https://doctor.bd/doctor/dr-forhad-hossain-md-shahed-hepatology-dhaka
Dr. Forhad Karim Majumder,followers,"Cardiology, Hypertension & Heart Disease Specialist","MBBS, BCS, MACP, MD",Consultant,National Institute of Cardiovascular Disease (NICVD),N/A,https://doctor.bd/doctor/dr-forhad-karim-majumder-cardiology-cumilla
Dr. Forhad Uddin Hasan Chowdhury,followers,Medicine Specialist,"MBBS, FCPS, MSc",Registrar,Dhaka Medical College Hospital,N/A,https://doctor.bd/doctor/dr-forhad-uddin-hasan-chowdhury-medicine-dhaka
Dr. Forhadul Islam Tuhin,followers,Medicine Specialist,"MBBS, BCS, FCPS, MACP, MD",Consultant,Khulna Medical College Hospital,N/A,https://doctor.bd/doctor/dr-forhadul-islam-tuhin-medicine-khulna
Dr. Forida Begum,followers,"Obstetrics, Gynaecology & Surgery Specialist","MBBS, BCS, DGO",Senior Consultant,Sher-e-bangla Medical College Hospital,N/A,https://doctor.bd/doctor/dr-forida-begum-gynaecology-obstetrics-barishal
Dr. Forrukh Uddin Rasel,followers,Oral & Dental Surgery Specialist,"BDS, PGT",Chief Consultant,"Dental Avenue, Khulna",N/A,https://doctor.bd/doctor/dr-forrukh-uddin-rasel-dentistry-khulna
Dr. Fouad Al Hasanat,followers,Oral & Dental Surgery Specialist,"BDS, DDC, MSc",Associate Professor,Mandy Dental College & Hospital,N/A,https://doctor.bd/doctor/dr-fouad-al-hasanat-dentistry-dhaka
Dr. Foujia Sharmin,followers,Gynaecology & Cancer Specialist,"MBBS, FCPS",Consultant,National Institute of Cancer Research and Hospital (NICR&H),N/A,https://doctor.bd/doctor/dr-foujia-sharmin-gynaecology-obstetrics-dhaka
Dr. Fouzia Akter,followers,"Obstetrics, Gynaecology & Surgery Specialist","MBBS, BCS, MCPS, FCPS",Assistant Professor,Rangpur Medical College Hospital,14+ Years,https://doctor.bd/doctor/dr-fouzia-akter-gynaecology-obstetrics-rangpur
Dr. Fouzia Anar,followers,Medicine Specialist,"MBBS, CCD, FCPS",Doctor,BIRDEM General Hospital,14+ Years,https://doctor.bd/doctor/dr-fouzia-anar-medicine-dhaka
Dr. Fouzia Begum,followers,"Obstetrics, Gynaecology & Surgery Specialist","MBBS, FCPS",Associate Professor,Khulna City Medical College Hospital,N/A,https://doctor.bd/doctor/dr-fouzia-begum-gynaecology-obstetrics-khulna
Dr. Fouzia Sultana,followers,General & Laparoscopic Surgery Specialist,"MBBS, FCPS",Assistant Professor,Delta Medical College & Hospital,N/A,https://doctor.bd/doctor/dr-fouzia-sultana-general-surgery-dhaka
Dr. Fowaz Hussain Shuvo,followers,Liver & Hepatology Specialist,"MBBS, MD",Consultant,"Square Hospital, Dhaka",N/A,https://doctor.bd/doctor/dr-fowaz-hussain-shuvo-hepatology-dhaka
Dr. Foysal Ahmed,followers,Medicine Specialist,"MBBS, BCS, FCPS",Associate Professor,Mymensingh Medical College Hospital,N/A,https://doctor.bd/doctor/dr-foysal-ahmed-medicine-mymensingh
Dr. Foysal Islam,followers,Oral & Dental Surgery Specialist,"BDS, PGT",Dental Surgeon,"Foysal Dental Care, Ramganj, Lakshmipur",N/A,https://doctor.bd/doctor/dr-foysal-islam-dentistry-lakshmipur
Dr. Foysal Kader Shah Chowdhury Imon,followers,Eye Disease & Surgery Specialist,"MBBS, BCS, DO, MCPS",Assistant Professor,Mymensingh Medical College Hospital,N/A,https://doctor.bd/doctor/dr-foysal-kader-shah-chowdhury-imon-ophthalmology-mymensingh
Dr. Fuad Mohammad Shaheed Hossain,followers,"ENT, Head & Neck Disease Specialist","MBBS, DLO, MS",Doctor,Holy Family Red Crescent Medical College Hospital,N/A,https://doctor.bd/doctor/dr-fuad-mohammad-shaheed-hossain-ent-dhaka
Dr. Furkan Ahmed,followers,Urology & Andrology Specialist,"MBBS, MS",Assistant Professor,Sir Salimullah Medical College Mitford Hospital,N/A,https://doctor.bd/doctor/dr-furkan-ahmed-urology-dhaka
Dr. G. M. Abu Jafor,followers,Eye Disease & Surgery Specialist,"MBBS, FCPS",Senior Consultant,Islami Bank Hospital Khulna,N/A,https://doctor.bd/doctor/dr-g-m-abu-jafor-ophthalmology-khulna
Dr. G. M. Mohiuddin,followers,"Cardiology, Hypertension & Heart Disease Specialist","MBBS, MD",Assistant Professor,Sylhet MAG Osmani Medical College Hospital,N/A,https://doctor.bd/doctor/dr-g-m-mohiuddin-cardiology-sylhet
Dr. G. R. M. Zihadul Islam Riaz,followers,"Skin, Allergy & Sexual Disease Specialist","MBBS, BCS, DDV",Consultant,Cumilla Medical College Hospital,10+ Years,https://doctor.bd/doctor/dr-g-r-m-zihadul-islam-riaz-dermatology-cumilla
Dr. G.M. Reza,followers,"Orthopedics, Trauma & Joint Surgery Specialist","MBBS, MCPS, D-ORTHO, MS",Associate Professor,National Institute of Traumatology and Orthopaedic Rehabilitation (NITOR),10+ Years,https://doctor.bd/doctor/dr-gm-reza-orthopedics-dhaka
Dr. G.M. Ruhul Quddus,followers,"Orthopedics, Trauma & Joint Surgery Specialist","MBBS, D-ORTHO",Assistant Professor,National Institute of Traumatology and Orthopaedic Rehabilitation (NITOR),N/A,https://doctor.bd/doctor/dr-gm-ruhul-quddus-orthopedics-dhaka
Dr. Galiba Tasnim (Bony),followers,Child Health & Pediatric Specialist,"MBBS, BCS, MD",Consultant,"250 Bedded General Hospital, Pabna",N/A,https://doctor.bd/doctor/dr-galiba-tasnim-bony-pediatrics-pabna
Dr. Ganesh Chandra Saurav,followers,Medicine & Rheumatology Specialist,"MBBS, D-CARD, MACP, MESC, FCCP, FCPS",Professor & Head,Eastern Medical College Hospital,N/A,https://doctor.bd/doctor/dr-ganesh-chandra-saurav-rheumatology-cumilla
Dr. Ganesh Kumar Agarwala,followers,General & Laparoscopic Surgery Specialist,"MBBS, BCS, MCPS, MS",Associate Professor,"Shaheed Ziaur Rahman Medical College Hospital, Bogura",N/A,https://doctor.bd/doctor/dr-ganesh-kumar-agarwala-general-surgery-bogura
Dr. Gaousul Azam,followers,"Brain, Nerve & Spine Surgery Specialist","MBBS, BCS, MS",Assistant Professor,Dhaka Medical College Hospital,N/A,https://doctor.bd/doctor/dr-gaousul-azam-neurosurgery-dhaka
Dr. Gautam Kumar Mondal,followers,Medicine Specialist,"MBBS, BCS, FCPS",Assistant Professor,Khulna Medical College Hospital,15+ Years,https://doctor.bd/doctor/dr-gautam-kumar-mondal-medicine-khulna
Dr. Gazi Mahmud Ul Hasan Rusho,followers,Pediatric Surgery Specialist,"MBBS, MS",Assistant Registrar,Dhaka Medical College Hospital,15+ Years,https://doctor.bd/doctor/dr-gazi-mahmud-ul-hasan-rusho-pediatric-surgery-dhaka
Dr. Gazi Md. Ariful Islam Velia,followers,"Orthopedics, Trauma & Joint Surgery Specialist","MBBS, BCS, MS",Assistant Registrar,Cumilla Medical College Hospital,N/A,https://doctor.bd/doctor/dr-gazi-md-ariful-islam-velia-orthopedics-cumilla
Dr. Gazi Md. Matiur Rahman,followers,"Skin, Allergy & Sexual Disease Specialist","MBBS, BCS, MD",Assistant Professor,Cumilla Medical College Hospital,N/A,https://doctor.bd/doctor/dr-gazi-md-matiur-rahman-dermatology-cumilla
Dr. Gazi Md. Zakir Hossain,followers,General Surgery Specialist,"MBBS, MS",Associate Professor,Bashundhara Ad-din Medical College Hospital,N/A,https://doctor.bd/doctor/dr-gazi-md-zakir-hossain-general-surgery-dhaka
Dr. Gazi Mohammad Imranul Haque,followers,Child Health & Pediatric Specialist,"MBBS, MD, FCPS",Consultant,Dhaka Shishu Hospital,N/A,https://doctor.bd/doctor/dr-gazi-mohammad-imranul-haque-pediatrics-dhaka
Dr. Gazi Muhammad Salahuddin,followers,"Colorectal, Piles & Rectal Surgery Specialist","MBBS, BCS, FCPS, MCPS, FMAS, FACS",Consultant,Narayanganj General (Victoria) Hospital,N/A,https://doctor.bd/doctor/dr-gazi-muhammad-salahuddin-colorectal-surgery-narayanganj
Dr. GC Pal,followers,General Surgery Specialist,"MBBS, BCS, FCPS",Consultant,Dhaka Medical College Hospital,N/A,https://doctor.bd/doctor/dr-gc-pal-general-surgery-dhaka
Dr. GK Chakravarty,followers,"Obstetrics, Gynaecology & Surgery Specialist","MBBS, FCPS",Chief Consultant,"BellView Medical Services, Barishal",N/A,https://doctor.bd/doctor/dr-gk-chakravarty-gynaecology-obstetrics-barishal
Dr. Gobinda Chandra Barman,followers,Kidney & Nephrology Specialist,"MBBS, BCS, MD",Assistant Professor,Mymensingh Medical College Hospital,N/A,https://doctor.bd/doctor/dr-gobinda-chandra-barman-nephrology-mymensingh
Dr. Gobinda Chandra Roy,followers,"Cardiology, Hypertension & Heart Disease Specialist","MBBS, FCPS, MD, MRCP",Associate Professor,Shaheed Suhrawardy Medical College Hospital,N/A,https://doctor.bd/doctor/dr-gobinda-chandra-roy-cardiology-dhaka
Dr. Gobinda Gain,followers,"Gastroenterology, Liver & Digestive Disease Specialist","MBBS, MCPS, MD, FCPS",Consultant,Labaid Cancer Hospital and Super Speciality Centre,N/A,https://doctor.bd/doctor/dr-gobinda-gain-gastroenterology-dhaka
Dr. Gobinda Kanti Pal,followers,"Cardiology, Hypertension & Heart Disease Specialist","MBBS, BCS, FCPS, MD",Assistant Professor,Mymensingh Medical College Hospital,N/A,https://doctor.bd/doctor/dr-gobinda-kanti-pal-cardiology-mymensingh
Dr. Golam Faisal,followers,Kidney & Nephrology Specialist,"MBBS, MD",Consultant,"Central Police Hospital, Rajarbag, Dhaka",N/A,https://doctor.bd/doctor/dr-golam-faisal-nephrology-dhaka
Dr. Golam Mahabub Sikder,followers,Kidney & Nephrology Specialist,"MBBS, BCS, MD, CCD, MACP",Consultant,Cumilla Medical College Hospital,N/A,https://doctor.bd/doctor/dr-golam-mahabub-sikder-nephrology-cumilla
Dr. Golam Mahbub Chowdhury,followers,"Orthopedics, Trauma & Joint Surgery Specialist","MBBS, BCS, MS",Assistant Registrar,National Institute of Traumatology and Orthopaedic Rehabilitation (NITOR),N/A,https://doctor.bd/doctor/dr-golam-mahbub-chowdhury-orthopedics-dhaka
Dr. Golam Mahfuz Rabbani,followers,"Cardiology, Hypertension & Heart Disease Specialist","MBBS, BCS, MD",Consultant,Sir Salimullah Medical College Mitford Hospital,N/A,https://doctor.bd/doctor/dr-golam-mahfuz-rabbani-cardiology-dhaka
Dr. Golam Mahmud Rayhan,followers,"Liver, Gallbladder & Pancreatic Surgery Specialist","MBBS, MRCS, MS, FCPS",Assistant Professor,"National Gastroliver Institute and Hospital, Dhaka",N/A,https://doctor.bd/doctor/dr-golam-mahmud-rayhan-hepatobiliary-surgery-dhaka
Dr. Golam Mohammad,followers,General & Laparoscopic Surgery Specialist,"MBBS, FCPS",Surgeon,Rajshahi Medical College Hospital,N/A,https://doctor.bd/doctor/dr-golam-mohammad-general-surgery-rajshahi
Dr. Golam Morshed,followers,"Cardiology, Hypertension & Heart Disease Specialist","MBBS, FCPS, MRCP, MACP",Assistant Professor,National Institute of Cardiovascular Disease (NICVD),N/A,https://doctor.bd/doctor/dr-golam-morshed-cardiology-dhaka
Dr. Golam Mostafa Chowdhury Shamim,followers,Eye Disease & Surgery Specialist,"MBBS, DCO",Consultant,"Chevron Eye Hospital, Chattogram",N/A,https://doctor.bd/doctor/dr-golam-mostafa-chowdhury-shamim-ophthalmology-chattogram
Dr. Golam Mostofa,followers,Child Health & Pediatric Specialist,"MBBS, BCS, FCPS",Registrar,Cumilla Medical College Hospital,N/A,https://doctor.bd/doctor/dr-golam-mostofa-pediatrics-cumilla
Dr. Golam Musfiqur,followers,Eye Disease & Surgery Specialist,"MBBS, BCS, MCPS",Assistant Professor,National Institute of Ophthalmology & Hospital,N/A,https://doctor.bd/doctor/dr-golam-musfiqur-ophthalmology-dhaka
Dr. Golam Mustafa,followers,"Colorectal, Piles & Rectal Surgery Specialist","MBBS, BCS, MRCS, FCPS, MS",Assistant Professor,Dhaka Medical College Hospital,N/A,https://doctor.bd/doctor/dr-golam-mustafa-colorectal-surgery-dhaka
Dr. Golam Mustofa,followers,Child Health & Pediatric Specialist,"MBBS, DTM, HDCH",Child Specialist,Dhaka Medical College Hospital,N/A,https://doctor.bd/doctor/dr-golam-mustofa-pediatrics-dhaka
Dr. Golam Rabbani,followers,Rheumatology & Arthritis Specialist,"MBBS, BCS, FCPS, MRCP",Assistant Professor,Rangpur Medical College Hospital,N/A,https://doctor.bd/doctor/dr-golam-rabbani-rheumatology-rangpur
Dr. Golam Rahman Bhuiyan,followers,"Cardiology, Hypertension & Heart Disease Specialist","MBBS, BCS, FCPS, MRCP, MD",Assistant Professor,Mymensingh Medical College Hospital,N/A,https://doctor.bd/doctor/dr-golam-rahman-bhuiyan-cardiology-mymensingh
Dr. Golam Sarwar,followers,Medicine Specialist,"MBBS, BCS, FMD, FCGP",Assistant Professor,Sher-e-bangla Medical College Hospital,N/A,https://doctor.bd/doctor/dr-golam-sarwar-medicine-barishal
Dr. Golam Sarwar Bidyut,followers,Chest & Respiratory Disease Specialist,"MBBS, MD",Assistant Professor,National Institute of Diseases of the Chest & Hospital (NIDCH),N/A,https://doctor.bd/doctor/dr-golam-sarwar-bidyut-respiratory-medicine-dhaka
Dr. Gopal Verma,followers,"Orthopedics, Trauma & Joint Surgery Specialist","MBBS, MS",Assistant Professor,Aichi Medical College & Hospital,N/A,https://doctor.bd/doctor/dr-gopal-verma-orthopedics-dhaka
Dr. Goutam Kumar Ghosh,followers,General & Laparoscopic Surgery Specialist,"MBBS, MS",Senior Consultant,"250 Bedded General Hospital, Pabna",N/A,https://doctor.bd/doctor/dr-goutam-kumar-ghosh-general-surgery-pabna
Dr. Goutam Kumar Mukharjee,followers,"Orthopedics, Trauma & Joint Surgery Specialist","MBBS, BCS, D-ORTHO, FCPS",Consultant,Khulna Medical College Hospital,N/A,https://doctor.bd/doctor/dr-goutam-kumar-mukharjee-orthopedics-khulna
Dr. Goutam Talukder,followers,Medicine Specialist,"MBBS, BCS, FCPS",Registrar,Sylhet MAG Osmani Medical College Hospital,N/A,https://doctor.bd/doctor/dr-goutam-talukder-medicine-sylhet
Dr. Govinda Karmakar,followers,Medicine Specialist,"MBBS, BCS, FCPS, MACP",Consultant,Sylhet MAG Osmani Medical College Hospital,N/A,https://doctor.bd/doctor/dr-govinda-karmakar-medicine-sylhet
Dr. Gule Tajkia,followers,Child Health & Pediatric Specialist,"MBBS, FCPS",Junior Consultant,Anwer Khan Modern Medical College Hospital,N/A,https://doctor.bd/doctor/dr-gule-tajkia-pediatrics-dhaka
Dr. Gulshan Ara,followers,"Obstetrics, Gynaecology & Surgery Specialist","MBBS, MCPS, MS, FCPS",Senior Consultant,Evercare Hospital Dhaka,N/A,https://doctor.bd/doctor/dr-gulshan-ara-gynaecology-obstetrics-dhaka
Dr. Gulzar Hossain Ujjal,followers,Blood Disease & Hematology Specialist,"MBBS, MD",Consultant,National Institute of Cancer Research and Hospital (NICR&H),N/A,https://doctor.bd/doctor/dr-gulzar-hossain-ujjal-hematology-dhaka
Dr. Gurudas Mondal,followers,"Neurology, Brain & Nerve Disease Specialist","MBBS, MD",Associate Professor,Pabna Medical College Hospital,N/A,https://doctor.bd/doctor/dr-gurudas-mondal-neurology-pabna
Dr. H M Zafor Sharif,followers,Pediatric Surgery Specialist,"MBBS, BCS, MS",Assistant Professor,Khulna Medical College Hospital,N/A,https://doctor.bd/doctor/dr-h-m-zafor-sharif-pediatric-surgery-khulna
Dr. H. A. Mahmudunnesa,followers,"Obstetrics, Gynaecology & Surgery Specialist","MBBS, PGT, DMU, TVS",Consultant,"TMC Diagnostic & Hospital, Mymensingh",N/A,https://doctor.bd/doctor/dr-h-a-mahmudunnesa-gynaecology-obstetrics-mymensingh
Dr. H. A. Rashid,followers,"Orthopedics, Trauma & Joint Surgery Specialist","MBBS, BCS, MS, FCPS",Assistant Professor,"Mugda Medical College Hospital, Dhaka",N/A,https://doctor.bd/doctor/dr-h-a-rashid-orthopedics-narayanganj
Dr. H. M. Kaiser,followers,Medicine Specialist,"MBBS, BCS, FCPS, MACP",Consultant,Cox's Bazar 250 Bed District Sadar Hospital,N/A,https://doctor.bd/doctor/dr-h-m-kaiser-medicine-coxs-bazar
Dr. H. S. M. Al-Salih Sabbir,followers,Medicine Specialist,"MBBS, BCS, FCPS",Assistant Registrar,Rangpur Medical College Hospital,7+ Years,https://doctor.bd/doctor/dr-h-s-m-al-salih-sabbir-medicine-rangpur
Dr. H. S. Mobarak Hossen,followers,"ENT, Head & Neck Disease Specialist","MBBS, BCS, FCPS",Associate Professor,Chattogram Medical College Hospital,7+ Years,https://doctor.bd/doctor/dr-h-s-mobarak-hossen-ent-chattogram
Dr. H.M. Aminur Rashid,followers,Chest & Respiratory Disease Specialist,"MBBS, BCS, MD",Registrar,National Institute of Diseases of the Chest & Hospital (NIDCH),N/A,https://doctor.bd/doctor/dr-hm-aminur-rashid-respiratory-medicine-dhaka
Dr. H.M. Masum Billah,followers,Medicine Specialist,"MBBS, BCS, FCPS",Registrar,Sher-e-bangla Medical College Hospital,N/A,https://doctor.bd/doctor/dr-hm-masum-billah-medicine-barishal
Dr. H.M. Nazmul Ahsan,followers,Medicine Specialist,"MBBS, BCS, FCPS",Associate Professor,Shaheed Suhrawardy Medical College Hospital,N/A,https://doctor.bd/doctor/dr-hm-nazmul-ahsan-medicine-dhaka
Dr. H.N Masuk Rahman,followers,Physical Medicine & Rehabilitation Specialist,"MBBS, MACP, CCD, FCPS",Professor & Head,Bangladesh Institute of Health Science (BIHS),N/A,https://doctor.bd/doctor/dr-hn-masuk-rahman-physical-medicine-rehabilitation-dhaka
Dr. H.N.M Shafiquzzaman,followers,General & Laparoscopic Surgery Specialist,"MBBS, BCS, FCPS, FACS",Assistant Professor,Rajshahi Medical College Hospital,N/A,https://doctor.bd/doctor/dr-hnm-shafiquzzaman-general-surgery-rajshahi
Dr. H.S. Kollol,followers,Child Health & Pediatric Specialist,"MBBS, DCH, FCPS",Junior Consultant,"250 Bedded General Hospital, Kushtia",N/A,https://doctor.bd/doctor/dr-hs-kollol-pediatrics-kushtia
Dr. Habib Ahmed,followers,"Gastroenterology, Liver & Digestive Disease Specialist","MBBS, BCS, MD",Assistant Professor,Shaheed Suhrawardy Medical College Hospital,N/A,https://doctor.bd/doctor/dr-habib-ahmed-gastroenterology-dhaka
Dr. Habibul Islam Chowdhury,followers,"Cardiology, Hypertension & Heart Disease Specialist","MBBS, BCS, MD",Assistant Professor,Chattogram Medical College Hospital,N/A,https://doctor.bd/doctor/dr-habibul-islam-chowdhury-cardiology-chattogram
Dr. Habibur Rahman,followers,"Diabetes, Hormone & Thyroid Specialist","MBBS, BCS, MD",Assistant Professor,Sylhet MAG Osmani Medical College Hospital,N/A,https://doctor.bd/doctor/dr-habibur-rahman-endocrinology-sylhet
Dr. Habibur Rahman Bhuiyan,followers,Child Health & Pediatric Specialist,"MBBS, BCS, MD",Assistant Registrar,Cumilla Medical College Hospital,N/A,https://doctor.bd/doctor/dr-habibur-rahman-bhuiyan-pediatrics-cumilla
Dr. Habibur Rahman Palash,followers,"ENT, Head & Neck Disease Specialist","MBBS, DLO, MS",Assistant Professor,Bangladesh Medical University,N/A,https://doctor.bd/doctor/dr-habibur-rahman-palash-ent-cumilla
Dr. Hafiz Ahmed Nazmul Hakim,followers,"Liver, Gallbladder & Pancreatic Surgery Specialist","MBBS, FCPS, FACS",Associate Professor,Dhaka Medical College Hospital,N/A,https://doctor.bd/doctor/dr-hafiz-ahmed-nazmul-hakim-hepatobiliary-surgery-dhaka
Dr. Hafiz Al Asad,followers,Urology & Andrology Specialist,"MBBS, MS",Assistant Professor,Cox's Bazar Medical College Hospital,N/A,https://doctor.bd/doctor/dr-hafiz-al-asad-urology-coxs-bazar
Dr. Hafiza Farzana,followers,"Obstetrics, Gynaecology & Surgery Specialist","MBBS, BCS, MCPS, FCPS",Consultant,Dhaka Medical College Hospital,N/A,https://doctor.bd/doctor/dr-hafiza-farzana-gynaecology-obstetrics-dhaka
Dr. Hafiza Marjan,followers,"Obstetrics, Gynaecology & Surgery Specialist","MBBS, BCS, FCPS",Consultant,Chattogram Medical College Hospital,N/A,https://doctor.bd/doctor/dr-hafiza-marjan-gynaecology-obstetrics-chattogram
Dr. Hafsa Marium,followers,Medicine Specialist,"MBBS, MPH, CCD, PGT",Medical Officer,Delta Medical College & Hospital,N/A,https://doctor.bd/doctor/dr-hafsa-marium-medicine-dhaka
Dr. Halida Yeasmin,followers,"Obstetrics, Gynaecology & Surgery Specialist","MBBS, FCPS",Consultant,Jahurul Islam Medical College & Hospital,N/A,https://doctor.bd/doctor/dr-halida-yeasmin-gynaecology-obstetrics-dhaka
Dr. Halima Khatun,followers,"Obstetrics, Gynaecology & Surgery Specialist","MBBS, FCPS",Gynecologist,Sir Salimullah Medical College Mitford Hospital,N/A,https://doctor.bd/doctor/dr-halima-khatun-gynaecology-obstetrics-pabna
Dr. Hamid Hasan,followers,Medicine Specialist,"MBBS, BCS, MD",Consultant,Chattogram Medical College Hospital,N/A,https://doctor.bd/doctor/dr-hamid-hasan-medicine-chattogram
Dr. Hamida Parvin,followers,"Obstetrics, Gynaecology & Surgery Specialist","MBBS, BCS, MCPS, MS",Gynecologist,Rajshahi Medical College Hospital,N/A,https://doctor.bd/doctor/dr-hamida-parvin-gynaecology-obstetrics-rajshahi
Dr. Hamudur Rahman,followers,Urology & Andrology Specialist,"MBBS, FCPS, MS",Assistant Professor,National Institute of Diseases of the Chest & Hospital (NIDCH),N/A,https://doctor.bd/doctor/dr-hamudur-rahman-urology-dhaka
Dr. Hanif Ahmed Towhid,followers,Medicine Specialist,"MBBS, BCS, MCPS, FCPS",Registrar,Sylhet MAG Osmani Medical College Hospital,10+ Years,https://doctor.bd/doctor/dr-hanif-ahmed-towhid-medicine-sylhet
Dr. Haowa Begum Siddiqa,followers,"Obstetrics, Gynaecology & Surgery Specialist","MBBS, DGO",Consultant,"Islami Bank Medical College Hospital, Rajshahi",10+ Years,https://doctor.bd/doctor/dr-haowa-begum-siddiqa-gynaecology-obstetrics-rajshahi
Dr. Happy Haque,followers,Oncologist & Cancer Specialist,"MBBS, MPhil",Professor & Head,Holy Family Red Crescent Medical College Hospital,N/A,https://doctor.bd/doctor/dr-happy-haque-oncology-dhaka
Dr. Happy Saha,followers,Oncologist & Cancer Specialist,"MBBS, BCS, MPhil",Assistant Professor,Khulna Medical College Hospital,13+ Years,https://doctor.bd/doctor/dr-happy-saha-oncology-khulna
Dr. Haradhan Dev Nath,followers,"Brain, Nerve & Spine Surgery Specialist","MBBS, MS",Neurosurgeon,Bangladesh Medical University,13+ Years,https://doctor.bd/doctor/dr-haradhan-dev-nath-neurosurgery-dhaka
Dr. Harasit Kumar Paul,followers,"Skin, Allergy & Sexual Disease Specialist","MBBS, MD",Doctor,Bangladesh Medical University,N/A,https://doctor.bd/doctor/dr-harasit-kumar-paul-dermatology-dhaka
Dr. Harimohan Pandit Newton,followers,"Cardiology, Hypertension & Heart Disease Specialist","MBBS, FCPS, MCPS, MD",Associate Professor,Mymensingh Medical College Hospital,N/A,https://doctor.bd/doctor/dr-harimohan-pandit-newton-cardiology-mymensingh
Dr. Haripada Sarker,followers,"Cardiology, Hypertension & Heart Disease Specialist","MBBS, MD",Associate Professor,Rangpur Medical College Hospital,N/A,https://doctor.bd/doctor/dr-haripada-sarker-cardiology-rangpur
Dr. Harun Or Rashid,followers,"ENT, Head & Neck Disease Specialist","MBBS, BCS, MS",Assistant Professor,Pabna Medical College Hospital,N/A,https://doctor.bd/doctor/dr-harun-or-rashid-ent-dhaka
Dr. Harun Or Rashid Khan,followers,"Orthopedics, Trauma & Joint Surgery Specialist","MBBS, D-ORTHO, MS",Assistant Professor,National Institute of Traumatology and Orthopaedic Rehabilitation (NITOR),N/A,https://doctor.bd/doctor/dr-harun-or-rashid-khan-orthopedics-narayanganj
Dr. Harun Ur Rashid,followers,Eye Disease & Surgery Specialist,"MBBS, MS, DO, FGO",Associate Professor,Shaheed Suhrawardy Medical College Hospital,N/A,https://doctor.bd/doctor/dr-harun-ur-rashid-ophthalmology-dhaka
Dr. Harun-ur-Rashid Bhuiyan,followers,"Cardiology, Hypertension & Heart Disease Specialist","MBBS, DIP-CARD, FACC",Senior Consultant,"AMZ Hospital, Badda",N/A,https://doctor.bd/doctor/dr-harun-ur-rashid-bhuiyan-cardiology-dhaka
Dr. Hasan Al Habib Sagor,followers,"Orthopedics, Trauma & Joint Surgery Specialist","MBBS, MS",Consultant,Pabna Medical College Hospital,N/A,https://doctor.bd/doctor/dr-hasan-al-habib-sagor-orthopedics-pabna
Dr. Hasan Habibur Rahman,followers,Physical Medicine & Rehabilitation Specialist,"MBBS, BCS, MD",Assistant Professor,"National Institute of Burn and Plastic Surgery, Dhaka",N/A,https://doctor.bd/doctor/dr-hasan-habibur-rahman-physical-medicine-rehabilitation-pabna
Dr. Hasan Hafizur Rahman,followers,Medicine & Diabetes Specialist,"MBBS, BCS, FCPS, FACP, DFID",Assistant Professor,Dhaka Medical College Hospital,N/A,https://doctor.bd/doctor/dr-hasan-hafizur-rahman-medicine-dhaka
Dr. Hasan Imam,followers,Medicine & Diabetes Specialist,"MBBS, MD, CCD",Associate Professor,Bangladesh Medical University,N/A,https://doctor.bd/doctor/dr-hasan-imam-medicine-dhaka
Dr. Hasan Mahbub,followers,"Brain, Nerve & Spine Surgery Specialist","MBBS, MS, FACS, BCS",Assistant Professor,National Institute of Neurosciences & Hospital,10+ Years,https://doctor.bd/doctor/dr-hasan-mahbub-neurosurgery-dhaka
Dr. Hasan Mahfuz Reza (Likhon),followers,"Diabetes, Hormone & Thyroid Specialist","MBBS, DEM, MPhil, MACP, MSc, MPH, CCD",Consultant,"Sono Consultation Centre, Kushtia",D 10+ Years,https://doctor.bd/doctor/dr-hasan-mahfuz-reza-likhon-endocrinology-kushtia
Dr. Hasan Mahmud,followers,Kidney & Nephrology Specialist,"MBBS, BCS, MD, CCD",Assistant Professor,National Institute of Kidney Disease and Urology (NIKDU),N/A,https://doctor.bd/doctor/dr-hasan-mahmud-nephrology-dhaka
Dr. Hasan Mahmud Iqbal,followers,"Cardiology, Hypertension & Heart Disease Specialist","MBBS, BCS, MD",Consultant,National Heart Foundation Hospital and Research Institute,N/A,https://doctor.bd/doctor/dr-hasan-mahmud-iqbal-cardiology-cumilla
Dr. Hasan Shahriar Kallol,followers,Cancer & Surgical Oncology Specialist,"MBBS, FCPS, MS",Assistant Professor,National Institute of Cancer Research and Hospital (NICR&H),N/A,https://doctor.bd/doctor/dr-hasan-shahriar-kallol-oncology-dhaka
Dr. Hasan Zahid,followers,Child Health & Pediatric Specialist,"MBBS, DCH",Consultant,"Apollo Imperial Hospital, Chattogram",N/A,https://doctor.bd/doctor/dr-hasan-zahid-pediatrics-chattogram
Dr. Hasanul Hasib,followers,Oral & Dental Surgery Specialist,"BDS, MCPS, FCPS",Chief Consultant,Dr. Hasib’s Dental Surgery and Implant Centre,N/A,https://doctor.bd/doctor/dr-hasanul-hasib-dentistry-chattogram
Dr. Hasanuzzaman,followers,Homeopathic Medicine Specialist,"BHMS, CSW, DHM",Consultant,"Natural Health, Uttara",N/A,https://doctor.bd/doctor/dr-hasanuzzaman-homeopathy-dhaka
Dr. Hashim Rabbi,followers,"Liver, Gallbladder & Pancreatic Surgery Specialist","MBBS, FCPS, MRCS, MRCPS",Assistant Professor,BIRDEM General Hospital,N/A,https://doctor.bd/doctor/dr-hashim-rabbi-hepatobiliary-surgery-dhaka
Dr. Hashmi Sina,followers,"Neurology, Brain & Nerve Disease Specialist","MBBS, MRCP, MD",Neurologist,Dhaka Medical College Hospital,N/A,https://doctor.bd/doctor/dr-hashmi-sina-neurology-dhaka
Dr. Hashmot Ali Mia,followers,Urology & Andrology Specialist,"MBBS, BCS, MS, FCPS",Registrar,Chattogram Medical College Hospital,N/A,https://doctor.bd/doctor/dr-hashmot-ali-mia-urology-chattogram
Dr. Hasib Hasanur Udoy,followers,Oral & Dental Surgery Specialist,"BDS, PGT",Dental Surgeon,Mymensingh Medical College Hospital,N/A,https://doctor.bd/doctor/dr-hasib-hasanur-udoy-dentistry-mymensingh
Dr. Hasib Rahman,followers,"Plastic, Burn & Reconstructive Surgery Specialist","MBBS, FCPS, MS",Surgeon,Dhaka Medical College Hospital,N/A,https://doctor.bd/doctor/dr-hasib-rahman-plastic-surgery-dhaka
Dr. Hasib Uddin Khan,followers,Medicine Specialist,"MBBS, BCS, FCPS, MD, MACP",Consultant,Dhaka Medical College Hospital,N/A,https://doctor.bd/doctor/dr-hasib-uddin-khan-medicine-dhaka
Dr. Hasibul Hasan Emon,followers,Oral & Dental Surgery Specialist,"BDS, PGT, MS",Assistant Professor,"Udayan Dental College, Rajshahi",N/A,https://doctor.bd/doctor/dr-hasibul-hasan-emon-dentistry-rajshahi
Dr. Hasibul Khaleque,followers,Oral & Dental Surgery Specialist,"BDS, PGD, PhD",Assistant Professor,Dhaka Community Medical College & Hospital,15+ Years,https://doctor.bd/doctor/dr-hasibul-khaleque-dentistry-dhaka
Dr. Hasibush Shahid Hasib,followers,Prosthodontics & Dental Implant Specialist,"BDS, D-Prostho",Assistant Professor,Dhaka Dental College Hospital,15+ Years,https://doctor.bd/doctor/dr-hasibush-shahid-hasib-dentistry-dhaka
Dr. Hasina Afroz,followers,"Obstetrics, Gynaecology & Surgery Specialist","MBBS, MCPS, MS, FCPS",Consultant,"United Hospital, Dhaka",N/A,https://doctor.bd/doctor/dr-hasina-afroz-gynaecology-obstetrics-dhaka
Dr. Hasina Akhter,followers,Anesthesia & Pain Management Specialist,"MBBS, FCPS",Senior Consultant,Evercare Hospital Dhaka,N/A,https://doctor.bd/doctor/dr-hasina-akhter-anesthesiology-dhaka
Dr. Hasina Akhter Rekha,followers,"Obstetrics, Gynaecology & Surgery Specialist","MBBS, BCS, MS, FCPS",Assistant Professor,"Shaheed Ziaur Rahman Medical College Hospital, Bogura",N/A,https://doctor.bd/doctor/dr-hasina-akhter-rekha-gynaecology-obstetrics-bogura
Dr. Hasina Akter,followers,"Obstetrics, Gynaecology & Surgery Specialist","MBBS, DGO, MRCOG",Consultant,Asgar Ali Hospital,N/A,https://doctor.bd/doctor/dr-hasina-akter-gynaecology-obstetrics-dhaka
Dr. Hasina Alam,followers,General & Laparoscopic Surgery Specialist,"MBBS, FCPS",Registrar,BIRDEM General Hospital,N/A,https://doctor.bd/doctor/dr-hasina-alam-general-surgery-dhaka
Dr. Hasina Bilkis Banu,followers,Physical Medicine & Rehabilitation Specialist,"MBBS, FCPS",Physical Medicine Specialist,Shaheed Suhrawardy Medical College Hospital,N/A,https://doctor.bd/doctor/dr-hasina-bilkis-banu-physical-medicine-rehabilitation-dhaka
Dr. Hasina Ferdousy,followers,"Obstetrics, Gynaecology & Surgery Specialist","MBBS, FCPS",Assistant Professor,Rangpur Medical College Hospital,N/A,https://doctor.bd/doctor/dr-hasina-ferdousy-gynaecology-obstetrics-rangpur
Dr. Hasina Nasreen,followers,Medicine Specialist,"MBBS, MD",Registrar,Chattogram Medical University,N/A,https://doctor.bd/doctor/dr-hasina-nasreen-medicine-chattogram
Dr. Hasina Parveen,followers,"Obstetrics, Gynaecology & Surgery Specialist","MBBS, DGO, FCPS",Consultant,Monno Medical College Hospital,N/A,https://doctor.bd/doctor/dr-hasina-parveen-gynaecology-obstetrics-dhaka
Dr. Hasina Sadia Khan,followers,Urology & Andrology Specialist,"MBBS, MRCS, FCPS",Assistant Professor,Popular Medical College & Hospital,N/A,https://doctor.bd/doctor/dr-hasina-sadia-khan-urology-dhaka
Dr. Hasina Wahab,followers,"Obstetrics, Gynaecology & Surgery Specialist","MBBS, EOC",Medical Officer,"Mother & Child Welfare Centre (MCWC), Pabna Sadar",N/A,https://doctor.bd/doctor/dr-hasina-wahab-gynaecology-obstetrics-pabna
Dr. Hasinatul Zannat,followers,Kidney & Nephrology Specialist,"MBBS, MD, FCPS",Registrar,National Institute of Kidney Disease and Urology (NIKDU),N/A,https://doctor.bd/doctor/dr-hasinatul-zannat-nephrology-dhaka
Dr. Hasna Fahmima Haque,followers,Medicine Specialist,"MBBS, FCPS",Assistant Professor,BIRDEM General Hospital,N/A,https://doctor.bd/doctor/dr-hasna-fahmima-haque-medicine-dhaka
Dr. Hasna Hena Bhuiyan Nishi,followers,Oral & Dental Surgery Specialist,BDS,Dentist,"Dental Surgeon, Tech Dental, Jatrabari Branch",3+ Years,https://doctor.bd/doctor/dr-hasna-hena-bhuiyan-nishi-dentistry-dhaka
Dr. Hasna Hena Pervin,followers,"Obstetrics, Gynaecology & Surgery Specialist","MBBS, FCPS",Assistant Professor,Bangladesh Medical University,3+ Years,https://doctor.bd/doctor/dr-hasna-hena-pervin-gynaecology-obstetrics-dhaka
Dr. Hasna Hossain Akhee,followers,"Obstetrics, Gynaecology & Surgery Specialist","MBBS, BCS, MS",Consultant,Dhaka Medical College Hospital,N/A,https://doctor.bd/doctor/dr-hasna-hossain-akhee-gynaecology-obstetrics-dhaka
Dr. Hasnatu Rabbi,followers,"Cardiology, Hypertension & Heart Disease Specialist","MBBS, BCS, D-CARD, MD",Consultant,Rajshahi Medical College Hospital,N/A,https://doctor.bd/doctor/dr-hasnatu-rabbi-cardiology-rajshahi
Dr. Hasnina Akter,followers,Oncologist & Cancer Specialist,"MBBS, MPhil",Consultant,Evercare Hospital Chattogram,N/A,https://doctor.bd/doctor/dr-hasnina-akter-oncology-chattogram
Dr. Hazera Akter,followers,Pediatric Gastroenterology Specialist,"MBBS, BCS, MD",Consultant,Shaheed Suhrawardy Medical College Hospital,10+ Years,https://doctor.bd/doctor/dr-hazera-akter-pediatrics-cumilla
Dr. Hazrat Ali,followers,"Orthopedics, Trauma & Joint Surgery Specialist","MBBS, BCS, MS",Assistant Professor,Rangpur Medical College Hospital,10+ Years,https://doctor.bd/doctor/dr-hazrat-ali-orthopedics-rangpur
Dr. Heba Hoque,followers,Eye Disease & Surgery Specialist,"MBBS, MS",Junior Consultant,Lions Charitable Eye Hospital,N/A,https://doctor.bd/doctor/dr-heba-hoque-ophthalmology-chattogram
Dr. Heemel Saha,followers,"Chest, Lung & Thoracic Surgery Specialist","MBBS, MS",Assistant Professor,Bangladesh Medical University,N/A,https://doctor.bd/doctor/dr-heemel-saha-thoracic-surgery-dhaka
Dr. Helal Uddin Ahmed,followers,Psychiatry & Mental Health Specialist,"MBBS, MD",Associate Professor,National Institute of Mental Health (NIMH),N/A,https://doctor.bd/doctor/dr-helal-uddin-ahmed-psychiatry-dhaka
Dr. Hena Khatun,followers,Chest & Respiratory Disease Specialist,"MBBS, BCS, DTCD, MD",Assistant Professor,Dhaka Medical College Hospital,N/A,https://doctor.bd/doctor/dr-hena-khatun-respiratory-medicine-dhaka
Dr. Hena Rani Barua,followers,"Obstetrics, Gynaecology & Surgery Specialist","MBBS, DCM, MCPS, DGO, FCPS, MS",Associate Professor,Rangamati Medical College Hospital,N/A,https://doctor.bd/doctor/dr-hena-rani-barua-gynaecology-obstetrics-chattogram
Dr. Himangshu Shekhar Das,followers,"Skin, Allergy & Sexual Disease Specialist","MBBS, DDV",Assistant Professor,Sylhet Womens Medical College Hospital,N/A,https://doctor.bd/doctor/dr-himangshu-shekhar-das-dermatology-sylhet
Dr. Himel Chakma,followers,Orthodontics & Dental Braces Specialist,"BDS, MS, MCPS",Medical Officer,Bangladesh Medical University,N/A,https://doctor.bd/doctor/dr-himel-chakma-dentistry-dhaka
Dr. Himel Saha,followers,"Cardiology, Hypertension & Heart Disease Specialist","MBBS, BCS, D-CARD, CCD",Consultant,Khulna Medical College Hospital,N/A,https://doctor.bd/doctor/dr-himel-saha-cardiology-khulna
Dr. Himon Barua,followers,"ENT, Head & Neck Disease Specialist","MBBS, DLO",Assistant Professor,"BGC Trust Medical College, Chattogram",N/A,https://doctor.bd/doctor/dr-himon-barua-ent-chattogram
Dr. Hiranmoy Dutta,followers,Medicine Specialist,"MBBS, BCS, MCPS, FCPS, MRCP, MACP",Assistant Professor,Chattogram Medical College Hospital,N/A,https://doctor.bd/doctor/dr-hiranmoy-dutta-medicine-chattogram
Dr. Hironmoy Das,followers,"Cardiology, Hypertension & Heart Disease Specialist","MBBS, MD",Assistant Professor,Sylhet MAG Osmani Medical College Hospital,N/A,https://doctor.bd/doctor/dr-hironmoy-das-cardiology-sylhet
Dr. Homaira Begum,followers,"Obstetrics, Gynaecology & Surgery Specialist","MBBS, MCPS, DGO, MS",Assistant Professor,Sylhet MAG Osmani Medical College Hospital,N/A,https://doctor.bd/doctor/dr-homaira-begum-gynaecology-obstetrics-sylhet
Dr. Homaira Koli,followers,"Obstetrics, Gynaecology & Surgery Specialist","MBBS, BCS, MS",Consultant,Sher-e-bangla Medical College Hospital,N/A,https://doctor.bd/doctor/dr-homaira-koli-gynaecology-obstetrics-barishal
Dr. Homayra Tahseen Hossain,followers,Medicine Specialist,"MBBS, MRCP, FCPS",Associate Professor,Popular Medical College & Hospital,N/A,https://doctor.bd/doctor/dr-homayra-tahseen-hossain-medicine-dhaka
Dr. Hosneara Begum,followers,Oncologist & Cancer Specialist,"MBBS, MD",Consultant,National Institute of Cancer Research and Hospital (NICR&H),N/A,https://doctor.bd/doctor/dr-hosneara-begum-oncology-dhaka
Dr. Hossain Ahmed,followers,"Diabetes, Hormone & Thyroid Specialist","MBBS, FCGP, CCD",Diabetes Specialist,"Khidmah Hospital, Dhaka",N/A,https://doctor.bd/doctor/dr-hossain-ahmed-endocrinology-dhaka
Dr. Hossain Mohammad Selim,followers,Homeopathic Medicine Specialist,"DHMS, BHMS, DIHOM",Consultant,Organon Homoeo Healing Home,N/A,https://doctor.bd/doctor/dr-hossain-mohammad-selim-homeopathy-chattogram
Dr. Hritu Raj Deb,followers,"ENT, Head & Neck Disease Specialist","MBBS, DLO",Associate Professor,Jalalabad Ragib-Rabeya Medical College & Hospital,N/A,https://doctor.bd/doctor/dr-hritu-raj-deb-ent-sylhet
Dr. Humaira Alam,followers,"Obstetrics, Gynaecology & Surgery Specialist","MBBS, FCPS",Gynecologist,Bangladesh Medical University,N/A,https://doctor.bd/doctor/dr-humaira-alam-gynaecology-obstetrics-dhaka
Dr. Humaira Rafiqa Quaderi,followers,Child Health & Pediatric Specialist,"MBBS, DCH, FCPS",Associate Professor,Dhaka Shishu Hospital & Institute,N/A,https://doctor.bd/doctor/dr-humaira-rafiqa-quaderi-pediatrics-dhaka
Dr. Humayara Shahrin Simi,followers,"Obstetrics, Gynaecology & Surgery Specialist","MBBS, FCPS",Gynecologist,Rajshahi Medical College Hospital,N/A,https://doctor.bd/doctor/dr-humayara-shahrin-simi-gynaecology-obstetrics-rajshahi
Dr. Humayra Nazneen,followers,Blood Disease & Hematology Specialist,"MBBS, FCPS",Associate Professor,Dhaka Medical College Hospital,N/A,https://doctor.bd/doctor/dr-humayra-nazneen-hematology-dhaka
Dr. Humayun Kabir Sarker,followers,"Neurology, Brain & Nerve Disease Specialist","MBBS, BCS, MD, FCPS",Medical Officer,Dhaka Medical College Hospital,N/A,https://doctor.bd/doctor/dr-humayun-kabir-sarker-neurology-dhaka
Dr. Hurjahan Banu Urmi,followers,"Diabetes, Hormone & Thyroid Specialist","MBBS, FCPS",Doctor,Bangladesh Medical University,N/A,https://doctor.bd/doctor/dr-hurjahan-banu-urmi-endocrinology-dhaka
Dr. Hussain Ahmed,followers,"Diabetes, Hormone & Thyroid Specialist","MBBS, CCD, PGT, MPhil",Assistant Professor,Sylhet Womens Medical College Hospital,N/A,https://doctor.bd/doctor/dr-hussain-ahmed-endocrinology-sylhet
Dr. Ibrahim Khalil,followers,"Brain, Nerve & Spine Surgery Specialist","MBBS, FCPS, MS",Assistant Registrar,Shaheed Shaikh Abu-Naser Specialized Hospital,N/A,https://doctor.bd/doctor/dr-ibrahim-khalil-neurosurgery-khulna
"Dr. Ibrahim Khalil Nayem, PT",followers,Physiotherapy & Rehabilitation Specialist,BSc,Physiotherapy Officer,"Olive’s Physiotherapy Center, Uttara",N/A,https://doctor.bd/doctor/dr-ibrahim-khalil-nayem-pt-physiotherapy-dhaka
Dr. Ibrahim Khalil Ullah,followers,Chest & Respiratory Disease Specialist,"MBBS, DTCD, MS",Senior Consultant,Chattogram Medical College Hospital,N/A,https://doctor.bd/doctor/dr-ibrahim-khalil-ullah-respiratory-medicine-chattogram
Dr. Iffat Ara Jahan Liza,followers,"Diabetes, Hormone & Thyroid Specialist","MBBS, MD",Consultant,Islami Bank Hospital Mirpur,N/A,https://doctor.bd/doctor/dr-iffat-ara-jahan-liza-endocrinology-dhaka
Dr. Iffat Ara Tulip,followers,"Obstetrics, Gynaecology & Surgery Specialist","MBBS, FCPS",Assistant Professor,Rangpur Medical College Hospital,N/A,https://doctor.bd/doctor/dr-iffat-ara-tulip-gynaecology-obstetrics-rangpur
Dr. Iftekhar Ahmed,followers,"Orthopedics, Trauma & Joint Surgery Specialist","MBBS, MS",Consultant,Chattogram Medical College Hospital,N/A,https://doctor.bd/doctor/dr-iftekhar-ahmed-orthopedics-chattogram
Dr. Iftekhar Ibne Mannan,followers,"Plastic, Burn & Reconstructive Surgery Specialist","MBBS, FCPS",Associate Professor,Popular Medical College & Hospital,N/A,https://doctor.bd/doctor/dr-iftekhar-ibne-mannan-plastic-surgery-dhaka
Dr. Iftekhar Md. Kudrat-E-Khuda,followers,General & Laparoscopic Surgery Specialist,"MBBS, BCS, MS",Assistant Professor,Rajshahi Medical College Hospital,N/A,https://doctor.bd/doctor/dr-iftekhar-md-kudrat-e-khuda-general-surgery-rajshahi
Dr. Ilias Ahmad,followers,General & Laparoscopic Surgery Specialist,"MBBS, FCPS",Director,"Sodesh Hospital, Mymensingh",N/A,https://doctor.bd/doctor/dr-ilias-ahmad-general-surgery-mymensingh
Dr. Imam Gaziul Haque,followers,"Orthopedics, Trauma & Joint Surgery Specialist","MBBS, MS",Associate Professor,National Institute of Traumatology and Orthopaedic Rehabilitation (NITOR),N/A,https://doctor.bd/doctor/dr-imam-gaziul-haque-orthopedics-dhaka
Dr. Imam Uddin Ahmad,followers,Chest & Respiratory Disease Specialist,"MBBS, DTCD, FCCP",Senior Consultant,"Gomati Hospital, Cumilla",N/A,https://doctor.bd/doctor/dr-imam-uddin-ahmad-respiratory-medicine-cumilla
Dr. Imran Alam Chowdhury,followers,Medicine Specialist,"MBBS, MRCP",Consultant,"Shajinaz Hospital, Chattogram",N/A,https://doctor.bd/doctor/dr-imran-alam-chowdhury-medicine-chattogram
Dr. Imran Bin Showkat,followers,"Cardiology, Hypertension & Heart Disease Specialist","MBBS, D-CARD",Registrar,"Apollo Imperial Hospitals, Chattogram",2+ Years,https://doctor.bd/doctor/dr-imran-bin-showkat-cardiology-chattogram
Dr. Imran Chowdhury,followers,Medicine & Cardiology Specialist,"MBBS, BCS, FCPS, MD, CCD",Registrar,Dhaka Medical College Hospital,2+ Years,https://doctor.bd/doctor/dr-imran-chowdhury-cardiology-dhaka
Dr. Imran Sarker,followers,"Neurology, Brain & Nerve Disease Specialist","MBBS, MCPS, MD, FCPS, MACP, MAAN",Assistant Professor,National Institute of Neurosciences & Hospital,N/A,https://doctor.bd/doctor/dr-imran-sarker-neurology-dhaka
Dr. Imran Sharker,followers,"Neurology, Brain & Nerve Disease Specialist","MBBS, MCPS, MD, FCPS",Assistant Professor,National Institute of Neurosciences & Hospital,N/A,https://doctor.bd/doctor/dr-imran-sharker-neurology-dhaka
Dr. Imrose Mohit,followers,"Skin, Allergy & Sexual Disease Specialist","MBBS, DD",Senior Consultant,"National Skin Center, Dhaka",N/A,https://doctor.bd/doctor/dr-imrose-mohit-dermatology-dhaka
Dr. Imtiaz Ahmed,followers,Medicine Specialist,"MBBS, MRCP, MACP, FCPS",Assistant Professor,Sir Salimullah Medical College Mitford Hospital,N/A,https://doctor.bd/doctor/dr-imtiaz-ahmed-medicine-dhaka
Dr. Imtiaz Hasan,followers,Medicine & Cardiology Specialist,"MBBS, BCS, MCPS, MD, MRCP, MACP, CCD, FCPS",Registrar,Khulna Medical College Hospital,N/A,https://doctor.bd/doctor/dr-imtiaz-hasan-cardiology-khulna
Dr. Imtiaz Mahbub,followers,"Gastroenterology, Liver & Digestive Disease Specialist","MBBS, BCS, MD",Registrar,"National Gastroliver Institute and Hospital, Dhaka",N/A,https://doctor.bd/doctor/dr-imtiaz-mahbub-gastroenterology-dhaka
Dr. Imtiaz Uddin Ahmed,followers,"Cardiology, Hypertension & Heart Disease Specialist","MBBS, MACP, D-CARD",Consultant,"Islami Bank Hospital, Agrabad, Chattogram",N/A,https://doctor.bd/doctor/dr-imtiaz-uddin-ahmed-cardiology-chattogram
"Dr. Imtiaz Uddin Ahmed, PT",followers,Physiotherapy & Rehabilitation Specialist,BSc,Physiotherapist,Centre for Rehabilitation Services - CRS,N/A,https://doctor.bd/doctor/dr-imtiaz-uddin-ahmed-pt-physiotherapy-dhaka
Dr. Indrajit Kumar Datta,followers,"Gastroenterology, Liver & Digestive Disease Specialist","MBBS, FCPS, MD",Gastroenterologist,BIRDEM General Hospital,N/A,https://doctor.bd/doctor/dr-indrajit-kumar-datta-gastroenterology-dhaka
Dr. Indrani Kar,followers,"Obstetrics, Gynaecology & Surgery Specialist","MBBS, BCS, FCPS",Consultant,Sher-e-bangla Medical College Hospital,N/A,https://doctor.bd/doctor/dr-indrani-kar-gynaecology-obstetrics-barishal
Dr. Indrani Nag,followers,"Obstetrics, Gynaecology & Surgery Specialist","MBBS, BCS, FCPS, MCPS",Consultant,Shaheed Suhrawardy Medical College Hospital,N/A,https://doctor.bd/doctor/dr-indrani-nag-gynaecology-obstetrics-dhaka
Dr. Indrojit Kumar Kundu,followers,"Orthopedics, Trauma & Joint Surgery Specialist","MBBS, MS",Associate Professor,Bangladesh Medical University,N/A,https://doctor.bd/doctor/dr-indrojit-kumar-kundu-orthopedics-dhaka
Dr. Iqbal Ahmed Chowdhury,followers,Medicine & Rheumatology Specialist,"MBBS, BCS, FCPS",Assistant Professor,Sylhet MAG Osmani Medical College Hospital,N/A,https://doctor.bd/doctor/dr-iqbal-ahmed-chowdhury-rheumatology-sylhet
Dr. Iqbal Bahar,followers,"Skin, Allergy & Sexual Disease Specialist","MBBS, BCS, DDV",Consultant,Sylhet MAG Osmani Medical College Hospital,N/A,https://doctor.bd/doctor/dr-iqbal-bahar-dermatology-sylhet
Dr. Isabela Kabir,followers,"Skin, Allergy & Sexual Disease Specialist","MBBS, MCPS, FCPS",Consultant,"Labaid Specialized Hospital, Dhanmondi",N/A,https://doctor.bd/doctor/dr-isabela-kabir-dermatology-dhaka
Dr. Ishita Saha,followers,"Skin, Allergy & Sexual Disease Specialist","MBBS, MD",Consultant,Bangladesh Medical University,10+ Years,https://doctor.bd/doctor/dr-ishita-saha-dermatology-dhaka
Dr. Ishrat Binte Reza,followers,Medicine Specialist,"MBBS, MACP, FCPS",Assistant Professor,Popular Medical College & Hospital,10+ Years,https://doctor.bd/doctor/dr-ishrat-binte-reza-medicine-dhaka
Dr. Ishrat Jahan Karim,followers,"Obstetrics, Gynaecology & Surgery Specialist","MBBS, BCS, MS",Assistant Professor,Sylhet MAG Osmani Medical College Hospital,N/A,https://doctor.bd/doctor/dr-ishrat-jahan-karim-gynaecology-obstetrics-sylhet
Dr. Ishrat Jahan Munni,followers,"Obstetrics, Gynaecology & Surgery Specialist","MBBS, FCPS",Gynecologist,"250 Bedded General Hospital, Pabna",N/A,https://doctor.bd/doctor/dr-ishrat-jahan-munni-gynaecology-obstetrics-pabna
Dr. Ishrat Jahan Tanna,followers,Oral & Dental Surgery Specialist,BDS,Consultant,"Ibn Sina Diagnostic Center, Cumilla",N/A,https://doctor.bd/doctor/dr-ishrat-jahan-tanna-dentistry-cumilla
Dr. Ishteaq Aziz Khan,followers,"Diabetes, Hormone & Thyroid Specialist","MBBS, MSc",Consultant,Chevron Clinical Laboratory,N/A,https://doctor.bd/doctor/dr-ishteaq-aziz-khan-endocrinology-chattogram
Dr. Ishtiak Karim Adnan,followers,Medicine & Diabetes Specialist,"MBBS, BCS, FCPS, CCD, MCPS",Consultant,"250 Bedded General Hospital, Pabna",N/A,https://doctor.bd/doctor/dr-ishtiak-karim-adnan-medicine-pabna
Dr. Ishtiaq Ahmad,followers,"Neurology, Brain & Nerve Disease Specialist","MBBS, PhD, MD",Consultant,"Apollo Imperial Hospital, Chattogram",N/A,https://doctor.bd/doctor/dr-ishtiaq-ahmad-neurology-chattogram
Dr. Ishtiaq Alam,followers,General & Laparoscopic Surgery Specialist,"MBBS, BCS, MS, FCPS, FACS",Assistant Professor,Dhaka Medical College Hospital,N/A,https://doctor.bd/doctor/dr-ishtiaq-alam-general-surgery-dhaka
Dr. Ishtiaq Mosharraf,followers,Kidney & Nephrology Specialist,"MBBS, BCS, MD",Kidney Specialist,National Institute of Kidney Disease and Urology (NIKDU),N/A,https://doctor.bd/doctor/dr-ishtiaq-mosharraf-nephrology-pabna
Dr. Ismat Ara,followers,"Obstetrics, Gynaecology & Surgery Specialist","MBBS, FCPS",Consultant,Doctors Point Specialized Hospital,N/A,https://doctor.bd/doctor/dr-ismat-ara-gynaecology-obstetrics-khulna
Dr. Ismat Ara (Juthi),followers,"Skin, Allergy & Sexual Disease Specialist","MBBS, DDV, BCS",Consultant,Sir Salimullah Medical College Mitford Hospital,10+ Years,https://doctor.bd/doctor/dr-ismat-ara-juthi-dermatology-dhaka
Dr. Ismat Ara Begum (Popy),followers,"Obstetrics, Gynaecology & Surgery Specialist","MBBS, PGT, DMU",Trainer,"250 Bedded General Hospital, Pabna",10+ Years,https://doctor.bd/doctor/dr-ismat-ara-begum-popy-gynaecology-obstetrics-pabna
Dr. Ismat Ara Jemy,followers,"Obstetrics, Gynaecology & Surgery Specialist","MBBS, BCS, FCPS",Assistant Professor,Rajshahi Medical College Hospital,N/A,https://doctor.bd/doctor/dr-ismat-ara-jemy-gynaecology-obstetrics-rajshahi
Dr. Ismat Jahan,followers,Child Health & Pediatric Specialist,"MBBS, DCH, FCPS",Assistant Professor,Bangladesh Medical University,N/A,https://doctor.bd/doctor/dr-ismat-jahan-pediatrics-dhaka
Dr. Ismat Jahan Lima,followers,"Colorectal, Piles & Rectal Surgery Specialist","MBBS, BCS, FCPS, MS, FACS, MRCS",Associate Professor,Shaheed Suhrawardy Medical College Hospital,N/A,https://doctor.bd/doctor/dr-ismat-jahan-lima-colorectal-surgery-dhaka
Dr. Ismat Rafeya,followers,"Diabetes, Hormone & Thyroid Specialist","MBBS, BCS, MD",Medical Officer,Dhaka Medical College Hospital,N/A,https://doctor.bd/doctor/dr-ismat-rafeya-endocrinology-dhaka
Dr. Israt Jahan,followers,"Obstetrics, Gynaecology & Surgery Specialist","MBBS, FCPS",Consultant,"Mugda Medical College Hospital, Dhaka",N/A,https://doctor.bd/doctor/dr-israt-jahan-gynaecology-obstetrics-dhaka
Dr. Israt Jahan,followers,"Skin, Allergy & Sexual Disease Specialist","MBBS, DEO, DOC, CCD",Registrar,Gazi Medical College & Hospital,N/A,https://doctor.bd/doctor/dr-israt-jahan-dermatology-khulna
Dr. Israt Jahan Shanto,followers,"Obstetrics, Gynaecology & Surgery Specialist","MBBS, BCS, FCPS",Assistant Professor,Sher-e-bangla Medical College Hospital,12+ Years,https://doctor.bd/doctor/dr-israt-jahan-shanto-gynaecology-obstetrics-barishal
Dr. Israt Sarah,followers,Oral & Dental Surgery Specialist,"BDS, PGT, MPH",Dentist,Ibn Sina Diagnostic & Consultation Center,D 12+ Years,https://doctor.bd/doctor/dr-israt-sarah-dentistry-dhaka
Dr. Israt Zahan Swarna,followers,"Obstetrics, Gynaecology & Surgery Specialist","MBBS, BCS, FCPS",Resident Surgeon,Mymensingh Medical College Hospital,N/A,https://doctor.bd/doctor/dr-israt-zahan-swarna-gynaecology-obstetrics-mymensingh
Dr. Istajul Khan,followers,Medicine & Cardiology Specialist,"MBBS, BCS, D-CARD, MRCP, FCPS, FACP",Consultant,Bangladesh Medical University,N/A,https://doctor.bd/doctor/dr-istajul-khan-cardiology-pabna
Dr. Istaque Ahmed Milton,followers,Anesthesia & Pain Management Specialist,"MBBS, FCPS, DA",Consultant,"Square Hospital, Dhaka",N/A,https://doctor.bd/doctor/dr-istaque-ahmed-milton-anesthesiology-dhaka
Dr. Istiak Ahmed,followers,Medicine Specialist,"MBBS, BCS, MCPS, FCPS",Consultant,"Parkview Hospital, Chattogram",N/A,https://doctor.bd/doctor/dr-istiak-ahmed-medicine-chattogram
Dr. Ivy Nasrin,followers,"Obstetrics, Gynaecology & Surgery Specialist","MBBS, BCS, FCPS",Consultant,Khulna Medical College Hospital,N/A,https://doctor.bd/doctor/dr-ivy-nasrin-gynaecology-obstetrics-khulna-2
Dr. Ivy Nasrin,followers,"Obstetrics, Gynaecology & Surgery Specialist","MBBS, BCS, FCPS",Consultant,Khulna Medical College Hospital,N/A,https://doctor.bd/doctor/dr-ivy-nasrin-gynaecology-obstetrics-khulna
Dr. J.C. Mistry,followers,Child Health & Pediatric Specialist,"MBBS, DCH, PGPN, IPPN",Consultant,"Divisional Police Hospital, Barishal",N/A,https://doctor.bd/doctor/dr-jc-mistry-pediatrics-barishal
Dr. J.I.M.A. Harun,followers,Child Health & Pediatric Specialist,"MBBS, DCH",Senior Consultant,"Mugda Medical College Hospital, Dhaka",N/A,https://doctor.bd/doctor/dr-jima-harun-pediatrics-dhaka
Dr. J.M. Ariful Islam,followers,"Gastroenterology, Liver & Digestive Disease Specialist","MBBS, BCS, FCPS, MD",Consultant,"Kurmitola General Hospital, Dhaka",N/A,https://doctor.bd/doctor/dr-jm-ariful-islam-gastroenterology-dhaka
Dr. Jabed Jahangir Tuhin,followers,"Orthopedics, Trauma & Joint Surgery Specialist","MBBS, BCS, MS",Assistant Professor,Chattogram Medical College Hospital,N/A,https://doctor.bd/doctor/dr-jabed-jahangir-tuhin-orthopedics-chattogram
Dr. Jafor Sadiq,followers,Physical Medicine & Rehabilitation Specialist,"MBBS, BCS, FCPS",Professor & Head,Shaheed Shaikh Abu-Naser Specialized Hospital,N/A,https://doctor.bd/doctor/dr-jafor-sadiq-physical-medicine-rehabilitation-khulna
Dr. Jafrin Yasmin Chowdhury,followers,"Obstetrics, Gynaecology & Surgery Specialist","MBBS, FCPS",Assistant Professor,North East Medical College Hospital,N/A,https://doctor.bd/doctor/dr-jafrin-yasmin-chowdhury-gynaecology-obstetrics-sylhet
Dr. Jahan Afroza Khanam Lucky,followers,Oncologist & Cancer Specialist,"MBBS, MPhil",Professor & Head,Rangpur Medical College Hospital,N/A,https://doctor.bd/doctor/dr-jahan-afroza-khanam-lucky-oncology-rangpur
Dr. Jahan Sadia Afroz,followers,Oral & Dental Surgery Specialist,"BDS, BCS",Dental Surgeon,"Shaheed Ziaur Rahman Medical College Hospital, Bogura",N/A,https://doctor.bd/doctor/dr-jahan-sadia-afroz-dentistry-bogura
Dr. Jahanara Akter,followers,"Obstetrics, Gynaecology & Surgery Specialist","MBBS, BCS, MS",Assistant Professor,"Institute of Child and Mother Health, Matuail",N/A,https://doctor.bd/doctor/dr-jahanara-akter-gynaecology-obstetrics-narayanganj
Dr. Jahanara Arju,followers,Pediatric Kidney Specialist,"MBBS, MD",Medical Officer,Cumilla Medical College Hospital,10+ Years,https://doctor.bd/doctor/dr-jahanara-arju-pediatrics-cumilla
Dr. Jahanara Begum Sikha,followers,"Obstetrics, Gynaecology & Surgery Specialist","MBBS, BCS, MCPS, FCPS",Consultant,Chattogram Medical College Hospital,10+ Years,https://doctor.bd/doctor/dr-jahanara-begum-sikha-gynaecology-obstetrics-chattogram
Dr. Jahangir Alam,followers,Medicine Specialist,"MBBS, MRCP, FRCP",Senior Consultant,"Square Hospital, Dhaka",N/A,https://doctor.bd/doctor/dr-jahangir-alam-medicine-dhaka
Dr. Jahangir Alam,followers,Liver & Hepatology Specialist,"MBBS, MD",Associate Professor,Shaheed Suhrawardy Medical College Hospital,N/A,https://doctor.bd/doctor/dr-jahangir-alam-hepatology-dhaka
Dr. Jahangir Alam,followers,Child Health & Pediatric Specialist,"MBBS, BCS, FCPS",Associate Professor,"Noakhali Medical College, Noakhali",N/A,https://doctor.bd/doctor/dr-jahangir-alam-pediatrics-noakhali
Dr. Jahangir Alam Murad,followers,Child Health & Pediatric Specialist,"MBBS, DCH, FCPS",Child Specialist,Chattogram Maa-O-Shishu Hospital Medical College,N/A,https://doctor.bd/doctor/dr-jahangir-alam-murad-pediatrics-chattogram
Dr. Jahangir Haider Khan,followers,Cardiac & Heart Surgery Specialist,"MBBS, MS",Consultant,National Institute of Cardiovascular Disease (NICVD),N/A,https://doctor.bd/doctor/dr-jahangir-haider-khan-cardiac-surgery-dhaka
Dr. Jahangir Kabir,followers,Cardiac & Heart Surgery Specialist,"MBBS, MS",Surgeon,"United Hospital, Dhaka",N/A,https://doctor.bd/doctor/dr-jahangir-kabir-cardiac-surgery-dhaka
Dr. Jahangir Kabir,followers,"Diabetes, Hormone & Thyroid Specialist","MBBS, FCGP, CCD",Founder & Chairman,"Health Revolution, Aftabnagar",N/A,https://doctor.bd/doctor/dr-jahangir-kabir-endocrinology-dhaka
Dr. Jaheda Akter (Shimu),followers,"Skin, Allergy & Sexual Disease Specialist","MBBS, FCPS",Consultant,"Apollo Imperial Hospital, Chattogram",N/A,https://doctor.bd/doctor/dr-jaheda-akter-shimu-dermatology-chattogram
Dr. Jahedul Islam Shahed,followers,Oral & Dental Surgery Specialist,BDS,Lecturer,Chattogram International Dental College & Hospital,N/A,https://doctor.bd/doctor/dr-jahedul-islam-shahed-dentistry-chattogram
Dr. Jahir Ahmed,followers,General & Laparoscopic Surgery Specialist,"MBBS, BCS, FCPS",Assistant Professor,Sylhet MAG Osmani Medical College Hospital,N/A,https://doctor.bd/doctor/dr-jahir-ahmed-general-surgery-sylhet
Dr. Jahir Uddin Mohammed Sharif,followers,"Cardiology, Hypertension & Heart Disease Specialist","MBBS, BCS, FCPS, MD, MACP",Junior Consultant,Mymensingh Medical College Hospital,N/A,https://doctor.bd/doctor/dr-jahir-uddin-mohammed-sharif-cardiology-mymensingh
Dr. Jakia Jahan Chowdhury,followers,"Obstetrics, Gynaecology & Surgery Specialist","MBBS, MS",Associate Professor,North East Medical College Hospital,N/A,https://doctor.bd/doctor/dr-jakia-jahan-chowdhury-gynaecology-obstetrics-sylhet
Dr. Jakia Momotaz,followers,"Obstetrics, Gynaecology & Surgery Specialist","MBBS, BCS, MS, DMU",Consultant,Chattogram Medical College Hospital,N/A,https://doctor.bd/doctor/dr-jakia-momotaz-gynaecology-obstetrics-chattogram
Dr. Jakia Sultana,followers,Pediatric Kidney Specialist,"MBBS, MCPS, MD",Consultant,"Shaheed Ziaur Rahman Medical College Hospital, Bogura",N/A,https://doctor.bd/doctor/dr-jakia-sultana-pediatrics-bogura
Dr. Jalal Ahmed Ripon,followers,"Brain, Nerve & Spine Surgery Specialist","MBBS, BCS, MS",Consultant,Cumilla Trauma Centre,N/A,https://doctor.bd/doctor/dr-jalal-ahmed-ripon-neurosurgery-cumilla
Dr. Jalal Uddin Muhammad Rumi,followers,"Brain, Nerve & Spine Surgery Specialist","MBBS, MS",Assistant Professor,National Institute of Neurosciences & Hospital,N/A,https://doctor.bd/doctor/dr-jalal-uddin-muhammad-rumi-neurosurgery-dhaka
Dr. Jamal Ahmed,followers,"Cardiology, Hypertension & Heart Disease Specialist","MBBS, D-CARD",Consultant,Chattogram Medical College Hospital,N/A,https://doctor.bd/doctor/dr-jamal-ahmed-cardiology-chattogram
Dr. Jamal Uddin Ahmed,followers,"Orthopedics, Trauma & Joint Surgery Specialist","MBBS, D-ORTHO",Consultant,Bangladesh Medical University,N/A,https://doctor.bd/doctor/dr-jamal-uddin-ahmed-orthopedics-dhaka
Dr. Jamal Uddin Ahmed,followers,Medicine & Diabetes Specialist,"MBBS, FCPS, CCD",Associate Professor,BIRDEM General Hospital,N/A,https://doctor.bd/doctor/dr-jamal-uddin-ahmed-medicine-dhaka
Dr. Jamila Sultana Urme (PT),followers,Physiotherapy & Rehabilitation Specialist,"BPT, PGD",Physiotherapist,"Mayfair Wellness Clinic, Gulshan",N/A,https://doctor.bd/doctor/dr-jamila-sultana-urme-pt-physiotherapy-dhaka
Dr. Jamsed Faridi Jami,followers,Eye Disease & Surgery Specialist,"MBBS, D-OPHTH, CCD",Consultant,Vision Eye Hospital,N/A,https://doctor.bd/doctor/dr-jamsed-faridi-jami-ophthalmology-dhaka
Dr. Jannat Ara Ferdous,followers,"Obstetrics, Gynaecology & Surgery Specialist","MBBS, BCS, MCPS, FCPS",Associate Professor,Shaheed Suhrawardy Medical College Hospital,N/A,https://doctor.bd/doctor/dr-jannat-ara-ferdous-gynaecology-obstetrics-dhaka
Dr. Jannat-ul Ferdous Baishakhi,followers,"Obstetrics, Gynaecology & Surgery Specialist","MBBS, BCS, PGT",UH & FPO,Santhia Upazila Health Complex,N/A,https://doctor.bd/doctor/dr-jannat-ul-ferdous-baishakhi-gynaecology-obstetrics-pabna
Dr. Jannatul Ferdause,followers,Oncologist & Cancer Specialist,"MBBS, FCPS",Junior Consultant,Ahsania Mission Cancer and General Hospital,N/A,https://doctor.bd/doctor/dr-jannatul-ferdause-oncology-dhaka
Dr. Jannatul Ferdous,followers,Chest & Respiratory Disease Specialist,"MBBS, FCPS",Consultant,"250 Bedded General Hospital, Pabna",N/A,https://doctor.bd/doctor/dr-jannatul-ferdous-respiratory-medicine-pabna
Dr. Jannatul Ferdous,followers,Oral & Dental Surgery Specialist,"BDS, PGT",Dentist,"Islami Bank Medical College Hospital, Rajshahi",N/A,https://doctor.bd/doctor/dr-jannatul-ferdous-dentistry-rajshahi
Dr. Jannatul Ferdous (Shumi),followers,Child Health & Pediatric Specialist,"MBBS, DCH, BCS, MRCPCH, FCPS",Consultant,Chattogram Medical College Hospital,15+ Years,https://doctor.bd/doctor/dr-jannatul-ferdous-shumi-pediatrics-chattogram
Dr. Jannatul Ferdous Bublee,followers,"Obstetrics, Gynaecology & Surgery Specialist","MBBS, FCPS",Senior Consultant,Chattogram Medical College Hospital,15+ Years,https://doctor.bd/doctor/dr-jannatul-ferdous-bublee-gynaecology-obstetrics-chattogram
Dr. Jannatul Ferdush Chowdhury,followers,Child Health & Pediatric Specialist,"MBBS, FCPS",Assistant Professor,Jalalabad Ragib-Rabeya Medical College & Hospital,N/A,https://doctor.bd/doctor/dr-jannatul-ferdush-chowdhury-pediatrics-sylhet
Dr. Jannatul Maowa Rumky,followers,Oral & Dental Surgery Specialist,"BDS, DDS, BCS",Lecturer,Chattogram Medical College Hospital,N/A,https://doctor.bd/doctor/dr-jannatul-maowa-rumky-dentistry-chattogram
Dr. Jannatun Nahar (Lata),followers,"Obstetrics, Gynaecology & Surgery Specialist","MBBS, BCS, MS",Consultant,"250 Bedded General Hospital, Pabna",N/A,https://doctor.bd/doctor/dr-jannatun-nahar-lata-gynaecology-obstetrics-pabna
Dr. Jannatun Nisa,followers,Oncologist & Cancer Specialist,"MBBS, BCS, FCPS",Resident Surgeon,Chattogram Medical College Hospital,N/A,https://doctor.bd/doctor/dr-jannatun-nisa-oncology-chattogram
Dr. Jasmin Begum,followers,General Surgery Specialist,"MBBS, FCPS",Consultant,Chattogram Maa-O-Shishu Hospital Medical College,N/A,https://doctor.bd/doctor/dr-jasmin-begum-general-surgery-chattogram
Dr. Jasmin Manzoor,followers,"Skin, Allergy & Sexual Disease Specialist",MBBS,Senior Consultant,Evercare Hospital Dhaka,N/A,https://doctor.bd/doctor/dr-jasmin-manzoor-dermatology-dhaka
Dr. Jasmine Akhter,followers,"Obstetrics, Gynaecology & Surgery Specialist","MBBS, DGO, MCPS",Consultant,"Ibn Sina Specialized Hospital, Dhanmondi",N/A,https://doctor.bd/doctor/dr-jasmine-akhter-gynaecology-obstetrics-dhaka
Dr. Jasmine Sultana,followers,"Obstetrics, Gynaecology & Surgery Specialist","MBBS, BCS, FCPS",Consultant,Dhaka Medical College Hospital,N/A,https://doctor.bd/doctor/dr-jasmine-sultana-gynaecology-obstetrics-dhaka
Dr. Jatindranath Saha,followers,"Cardiology, Hypertension & Heart Disease Specialist","MBBS, BCS, MD",Consultant,National Institute of Cardiovascular Disease (NICVD),N/A,https://doctor.bd/doctor/dr-jatindranath-saha-cardiology-dhaka
Dr. Jawhar Lal Singha,followers,"Colorectal, Piles & Rectal Surgery Specialist","MBBS, MS, FACS, FASCRS",Associate Professor,Shaheed Suhrawardy Medical College Hospital,N/A,https://doctor.bd/doctor/dr-jawhar-lal-singha-colorectal-surgery-dhaka
Dr. Jayanta Kumar Pramanik,followers,Oral & Dental Surgery Specialist,"MS, BCS, BDS",Professor & Head,Kushtia Medical College Hospital,N/A,https://doctor.bd/doctor/dr-jayanta-kumar-pramanik-dentistry-kushtia
Dr. Jayanta Kumar Saha,followers,Medicine & Cardiology Specialist,"MBBS, D-CARD, FCPS",Associate Professor,"Shaheed Tajuddin Ahmad Medical College, Gazipur",N/A,https://doctor.bd/doctor/dr-jayanta-kumar-saha-cardiology-gazipur
Dr. Jayanti Debnath Bunty,followers,Child Health & Pediatric Specialist,"MBBS, DCH",Consultant,Cumilla Medical College Hospital,N/A,https://doctor.bd/doctor/dr-jayanti-debnath-bunty-pediatrics-cumilla
Dr. Jayashree Pal,followers,"Obstetrics, Gynaecology & Surgery Specialist","MBBS, MS",Consultant,Mymensingh Medical College Hospital,N/A,https://doctor.bd/doctor/dr-jayashree-pal-gynaecology-obstetrics-mymensingh
Dr. Jebun Nessa Begum,followers,"Obstetrics, Gynaecology & Surgery Specialist","MBBS, MS",Associate Professor,Rangpur Community Medical College & Hospital,N/A,https://doctor.bd/doctor/dr-jebun-nessa-begum-gynaecology-obstetrics-rangpur
Dr. Jebunnahar,followers,Gynaecology & Cancer Specialist,"MBBS, BCS, FCPS",Consultant,Dhaka Medical College Hospital,N/A,https://doctor.bd/doctor/dr-jebunnahar-gynaecology-obstetrics-dhaka
Dr. Jebunnahar Lovely,followers,"Obstetrics, Gynaecology & Surgery Specialist","MBBS, BCS, FCPS",Consultant,Cumilla Medical College Hospital,N/A,https://doctor.bd/doctor/dr-jebunnahar-lovely-gynaecology-obstetrics-cumilla
Dr. Jebunnesa,followers,Child Health & Pediatric Specialist,"MBBS, DCH, FCPS",Associate Professor,Institute of Woman & Child Health,N/A,https://doctor.bd/doctor/dr-jebunnesa-pediatrics-dhaka
Dr. Jebunnesa Ani,followers,"Obstetrics, Gynaecology & Surgery Specialist","MBBS, BCS, MCPS, FCPS",Assistant Professor,Rajshahi Medical College Hospital,N/A,https://doctor.bd/doctor/dr-jebunnesa-ani-gynaecology-obstetrics-rajshahi
Dr. Jebunnesa Jebu,followers,"Obstetrics, Gynaecology & Surgery Specialist","MBBS, BCS, DGO, MRCOG, FCPS",Assistant Professor,Khulna Medical College Hospital,N/A,https://doctor.bd/doctor/dr-jebunnesa-jebu-gynaecology-obstetrics-khulna
Dr. Jennifer Zakaria Shila,followers,"Obstetrics, Gynaecology & Surgery Specialist","MBBS, BCS, DGO, FCPS, CMU",Consultant,"Upazila Health Complex, Sadar, Bogura",N/A,https://doctor.bd/doctor/dr-jennifer-zakaria-shila-gynaecology-obstetrics-bogura
Dr. Jerin Tasmin Tulip,followers,"Obstetrics, Gynaecology & Surgery Specialist","MBBS, MCPS, FCPS",Consultant,Ibn Sina Diagnostic & Consultation Center,N/A,https://doctor.bd/doctor/dr-jerin-tasmin-tulip-gynaecology-obstetrics-sylhet
Dr. Jesika Rizvi Tamanna,followers,"Obstetrics, Gynaecology & Surgery Specialist","MBBS, BCS, FCPS, FIRM",Assistant Professor,"Mugda Medical College Hospital, Dhaka",N/A,https://doctor.bd/doctor/dr-jesika-rizvi-tamanna-gynaecology-obstetrics-dhaka
Dr. Jesmeen Morshed,followers,Child Health & Pediatric Specialist,"MBBS, MD",Child Specialist,Sir Salimullah Medical College Mitford Hospital,N/A,https://doctor.bd/doctor/dr-jesmeen-morshed-pediatrics-dhaka
Dr. Jesmen Nahar Runi,followers,General Surgery Specialist,"MBBS, BCS, MCPS, FCPS",Consultant,Dhaka Medical College Hospital,N/A,https://doctor.bd/doctor/dr-jesmen-nahar-runi-general-surgery-dhaka
Dr. Jesmin Iqbal (Jui),followers,Infertility & Reproductive Medicine Specialist,"FCPS, MBBS, BCS, MCPS, MRCOG",Associate Professor,Dhaka Medical College Hospital,N/A,https://doctor.bd/doctor/dr-jesmin-iqbal-jui-reproductive-medicine-dhaka
Dr. Jhumur Ghosh,followers,Liver & Hepatology Specialist,"MBBS, MD",Associate Professor,MH Samorita Hospital & Medical College,N/A,https://doctor.bd/doctor/dr-jhumur-ghosh-hepatology-dhaka
Dr. Jibon Nesa,followers,Chest & Respiratory Disease Specialist,"MBBS, MD",Assistant Professor,Khulna Medical College Hospital,N/A,https://doctor.bd/doctor/dr-jibon-nesa-respiratory-medicine-khulna
Dr. Jimma Hossain,followers,"Gastroenterology, Liver & Digestive Disease Specialist","MBBS, MD",Associate Professor,Rangpur Medical College Hospital,N/A,https://doctor.bd/doctor/dr-jimma-hossain-gastroenterology-rangpur
Dr. Jinnat Fatema Saira Safa,followers,Medicine & Cardiology Specialist,"MBBS, MCPS, FCPS, MD",Consultant,Evercare Hospital Chattogram,N/A,https://doctor.bd/doctor/dr-jinnat-fatema-saira-safa-cardiology-chattogram
Dr. Jishnu Majumder,followers,Child Health & Pediatric Specialist,"MBBS, DCH, PGPN, CCD",Child Specialist,Chattogram Maa-O-Shishu Hospital Medical College,N/A,https://doctor.bd/doctor/dr-jishnu-majumder-pediatrics-chattogram
Dr. Jishu Deb Nath,followers,Medicine & Cardiology Specialist,"MBBS, FCPS, D-CARD",Associate Professor,Chattogram Maa-O-Shishu Hospital Medical College,N/A,https://doctor.bd/doctor/dr-jishu-deb-nath-cardiology-chattogram
Dr. Jobaida Nazneen,followers,"Diabetes, Hormone & Thyroid Specialist","MBBS, MD",Assistant Professor,Shaheed Suhrawardy Medical College Hospital,N/A,https://doctor.bd/doctor/dr-jobaida-nazneen-endocrinology-dhaka
Dr. Jobaida Sultana Susan,followers,"Obstetrics, Gynaecology & Surgery Specialist","MBBS, BCS, FCPS, FMAS",Consultant,Shaheed Suhrawardy Medical College Hospital,N/A,https://doctor.bd/doctor/dr-jobaida-sultana-susan-gynaecology-obstetrics-dhaka
Dr. Johor Dutta,followers,Psychiatry & Mental Health Specialist,"MBBS, BCS, MD",Consultant,Chattogram Medical College Hospital,N/A,https://doctor.bd/doctor/dr-johor-dutta-psychiatry-chattogram
Dr. Jotirmay Shaha,followers,General & Laparoscopic Surgery Specialist,"MBBS, BCS, FCPS",Senior Consultant,Khulna Medical College Hospital,N/A,https://doctor.bd/doctor/dr-jotirmay-shaha-general-surgery-khulna
Dr. Joy Jakharia Rob,followers,General & Laparoscopic Surgery Specialist,"MBBS, BCS, FCPS",Consultant,Sher-e-bangla Medical College Hospital,N/A,https://doctor.bd/doctor/dr-joy-jakharia-rob-general-surgery-barishal
Dr. Joynab Munni,followers,"Colorectal, Piles & Rectal Surgery Specialist","MBBS, MS",Surgeon,Dhaka Medical College Hospital,N/A,https://doctor.bd/doctor/dr-joynab-munni-colorectal-surgery-dhaka
Dr. Joynul Abedin,followers,Eye Disease & Surgery Specialist,"MBBS, DO",Junior Consultant,Lions Charitable Eye Hospital,N/A,https://doctor.bd/doctor/dr-joynul-abedin-ophthalmology-chattogram
Dr. Joysree Saha,followers,"Obstetrics, Gynaecology & Surgery Specialist","MBBS, FCPS",Associate Professor,Popular Medical College & Hospital,N/A,https://doctor.bd/doctor/dr-joysree-saha-gynaecology-obstetrics-dhaka
Dr. Joyutpala Shukla,followers,"Obstetrics, Gynaecology & Surgery Specialist","MBBS, BCS, MCPS, FCPS",Assistant Professor,"Shaheed Ziaur Rahman Medical College Hospital, Bogura",N/A,https://doctor.bd/doctor/dr-joyutpala-shukla-gynaecology-obstetrics-bogura
Dr. Jubaida Rumana,followers,Pediatric Kidney Specialist,"MBBS, FCPS",Child Nephrologist,Asgar Ali Hospital,N/A,https://doctor.bd/doctor/dr-jubaida-rumana-pediatrics-dhaka
Dr. Julan Barua,followers,Liver & Hepatology Specialist,"MBBS, BCS, MD",Consultant,"General Hospital, Chattogram",N/A,https://doctor.bd/doctor/dr-julan-barua-hepatology-chattogram
Dr. Julekha Khatun,followers,Oncologist & Cancer Specialist,"MBBS, FCPS",Resident Surgeon,Rajshahi Medical College Hospital,N/A,https://doctor.bd/doctor/dr-julekha-khatun-oncology-rajshahi
Dr. Junayed Mahmood Khan,followers,"Skin, Allergy & Sexual Disease Specialist","MBBS, BCS, DDV",Consultant,Chattogram Medical College Hospital,N/A,https://doctor.bd/doctor/dr-junayed-mahmood-khan-dermatology-chattogram
Dr. Juthi Bhowmik,followers,"Obstetrics, Gynaecology & Surgery Specialist","MBBS, FCPS",Consultant,Centre for Woman and Child Health,N/A,https://doctor.bd/doctor/dr-juthi-bhowmik-gynaecology-obstetrics-dhaka
Dr. Jyoti Das Gupta,followers,Eye Disease & Surgery Specialist,"MBBS, DO",Junior Consultant,Lions Charitable Eye Hospital,N/A,https://doctor.bd/doctor/dr-jyoti-das-gupta-ophthalmology-chattogram
Dr. Jyoti Vaskar Saha,followers,Kidney & Nephrology Specialist,"MBBS, BCS, MD, MACP, CCD",Consultant,Shaheed Suhrawardy Medical College Hospital,N/A,https://doctor.bd/doctor/dr-jyoti-vaskar-saha-nephrology-dhaka
Dr. Jyotirmoy Chowdhury,followers,Urology & Andrology Specialist,"MBBS, BCS, MS",Assistant Professor,Khulna 250 Bed General Hospital,N/A,https://doctor.bd/doctor/dr-jyotirmoy-chowdhury-urology-khulna
Dr. K M Rafiqul Islam Shetu,followers,"Orthopedics, Trauma & Joint Surgery Specialist","MBBS, MS",Surgeon,Bangladesh Medical University,N/A,https://doctor.bd/doctor/dr-k-m-rafiqul-islam-shetu-orthopedics-dhaka
Dr. K M Reaz Morshed,followers,Cancer & Surgical Oncology Specialist,"MBBS, MS, FCPS",Assistant Professor,National Institute of Cancer Research and Hospital (NICR&H),N/A,https://doctor.bd/doctor/dr-k-m-reaz-morshed-oncology-dhaka
Dr. K M Shorfuddin Ashik,followers,"Orthopedics, Trauma & Joint Surgery Specialist","MBBS, BCS, MS",Assistant Professor,National Institute of Traumatology and Orthopaedic Rehabilitation (NITOR),N/A,https://doctor.bd/doctor/dr-k-m-shorfuddin-ashik-orthopedics-dhaka
Dr. K. C. Datta,followers,"Cardiology, Hypertension & Heart Disease Specialist","MBBS, MSc, MD",Consultant,"250 Bedded General Hospital, Pabna",N/A,https://doctor.bd/doctor/dr-k-c-datta-cardiology-pabna
Dr. K. M. Badar Uddin,followers,"Orthopedics, Trauma & Joint Surgery Specialist","MBBS, BCS, MS",Consultant,"Chakaria Upazila Health Complex, Cox's Bazar",N/A,https://doctor.bd/doctor/dr-k-m-badar-uddin-orthopedics-coxs-bazar
Dr. K. P. Das,followers,"Obstetrics, Gynaecology & Surgery Specialist","MBBS, BCS, MS",Assistant Professor,Khulna Medical College Hospital,N/A,https://doctor.bd/doctor/dr-k-p-das-gynaecology-obstetrics-khulna
Dr. K.A. Monsur Helal,followers,"Cardiology, Hypertension & Heart Disease Specialist","MBBS, MPH, D-CARD, FICC, FNM",Assistant Professor,Cumilla Medical College Hospital,N/A,https://doctor.bd/doctor/dr-ka-monsur-helal-cardiology-cumilla
Dr. K.F.M. Ayaz,followers,Medicine & Rheumatology Specialist,"MBBS, MSc, MD, FACP",Consultant,Evercare Hospital Dhaka,N/A,https://doctor.bd/doctor/dr-kfm-ayaz-rheumatology-dhaka
Dr. K.M Ahasan Ahmed (Chanchal),followers,"Neurology, Brain & Nerve Disease Specialist","MBBS, FCPS",Consultant,National Institute of Neurosciences & Hospital,N/A,https://doctor.bd/doctor/dr-km-ahasan-ahmed-chanchal-neurology-dhaka
Dr. K.M Atiqul Islam,followers,"Brain, Nerve & Spine Surgery Specialist","MBBS, MS",Assistant Registrar,National Institute of Neurosciences & Hospital,N/A,https://doctor.bd/doctor/dr-km-atiqul-islam-neurosurgery-dhaka
Dr. K.M Zafrul Hossain Ripon,followers,Pediatric Surgery Specialist,"MBBS, MS, CCD",Assistant Professor,TMSS Medical College & Rafatullah Community Hospital,N/A,https://doctor.bd/doctor/dr-km-zafrul-hossain-ripon-pediatric-surgery-bogura
Dr. K.M. Monjurul Alom,followers,Chest & Respiratory Disease Specialist,"MBBS, DTCD, MD, FCCP",Assistant Professor,"Shaheed Ziaur Rahman Medical College Hospital, Bogura",N/A,https://doctor.bd/doctor/dr-km-monjurul-alom-respiratory-medicine-bogura
Dr. K.M. Murshed Mamun,followers,Medicine Specialist,"MBBS, MRCP, FCPS",Consultant,Bangladesh Medical University,N/A,https://doctor.bd/doctor/dr-km-murshed-mamun-medicine-dhaka
Dr. K.M. Nazmul Islam Joy,followers,"Neurology, Brain & Nerve Disease Specialist","MBBS, BCS, FCPS, MD",Assistant Professor,Shaheed Suhrawardy Medical College Hospital,N/A,https://doctor.bd/doctor/dr-km-nazmul-islam-joy-neurology-dhaka
Dr. K.M. Reza-Ul-Haq,followers,"ENT, Head & Neck Disease Specialist","MBBS, FCPS",Associate Professor,Delta Medical College & Hospital,N/A,https://doctor.bd/doctor/dr-km-reza-ul-haq-ent-dhaka
Dr. K.M. Salauddin (Ovi),followers,Medicine Specialist,"MBBS, BCS, PGT",Assistant Registrar,"250 Bedded General Hospital, Pabna",N/A,https://doctor.bd/doctor/dr-km-salauddin-ovi-medicine-pabna
Dr. Kajal Kanti Das,followers,Medicine & Diabetes Specialist,"MBBS, BCS, MD, FCPS",Assistant Professor,Chattogram Medical College Hospital,N/A,https://doctor.bd/doctor/dr-kajal-kanti-das-medicine-chattogram
Dr. Kajal Rekha Roy,followers,"Obstetrics, Gynaecology & Surgery Specialist","MBBS, MCPS, DGO, MS",Senior Consultant,Chattogram Medical College Hospital,N/A,https://doctor.bd/doctor/dr-kajal-rekha-roy-gynaecology-obstetrics-chattogram
Dr. Kaji Md. Nasimuzzaman,followers,"Obstetrics, Gynaecology & Surgery Specialist","MBBS, MCPS, DGO, DMAS, FMAS",Senior Consultant,Sylhet MAG Osmani Medical College Hospital,N/A,https://doctor.bd/doctor/dr-kaji-md-nasimuzzaman-gynaecology-obstetrics-sylhet
Dr. Kalim Uddin,followers,"Brain, Nerve & Spine Surgery Specialist","MBBS, BCS, MS",Assistant Professor,National Institute of Neurosciences & Hospital,N/A,https://doctor.bd/doctor/dr-kalim-uddin-neurosurgery-dhaka
Dr. Kallol Dey,followers,Cancer & Surgical Oncology Specialist,"MBBS, BCS, MS, FCPS",Consultant,National Institute of Cancer Research and Hospital (NICR&H),N/A,https://doctor.bd/doctor/dr-kallol-dey-oncology-dhaka
Dr. Kallyanashish Majumdar Gourav,followers,Child Health & Pediatric Specialist,"MBBS, CCD, PGT, PGPN",Assistant Registrar,"Rajshahi Shishu Hospital, Rajshahi",N/A,https://doctor.bd/doctor/dr-kallyanashish-majumdar-gourav-pediatrics-rajshahi
Dr. Kalpo Sikder,followers,Kidney & Nephrology Specialist,"MBBS, BCS, MD",Consultant,Shaheed Shaikh Abu-Naser Specialized Hospital,N/A,https://doctor.bd/doctor/dr-kalpo-sikder-nephrology-khulna
Dr. Kamal Haider Khan,followers,Eye Disease & Surgery Specialist,"MBBS, DO, MS, MCPS",Consultant,Bangladesh Eye Hospital & Institute,N/A,https://doctor.bd/doctor/dr-kamal-haider-khan-ophthalmology-dhaka
Dr. Kamal Hossain,followers,Medicine Specialist,"MBBS, BCS, FCPS",Consultant,Sher-e-bangla Medical College Hospital,N/A,https://doctor.bd/doctor/dr-kamal-hossain-medicine-barishal
Dr. Kamal Pasha,followers,"Cardiology, Hypertension & Heart Disease Specialist","MBBS, MD, FAPSIC, FSCAI, FACC",Consultant,"Square Hospital, Dhaka",N/A,https://doctor.bd/doctor/dr-kamal-pasha-cardiology-dhaka
Dr. Kamal Uddin Ahmed,followers,"Orthopedics, Trauma & Joint Surgery Specialist","MBBS, MS, FICS",Consultant,"Popular Diagnostic Center, Shantinagar",N/A,https://doctor.bd/doctor/dr-kamal-uddin-ahmed-orthopedics-dhaka
Dr. Kamalesh Saha,followers,"Brain, Nerve & Spine Surgery Specialist","MBBS, BCS, MS, FACS",Assistant Professor,Khulna Medical College Hospital,N/A,https://doctor.bd/doctor/dr-kamalesh-saha-neurosurgery-khulna
Dr. Kamil Ara Khanam,followers,"Obstetrics, Gynaecology & Surgery Specialist","MBBS, DGO, FCPS",Associate Professor,Popular Medical College & Hospital,N/A,https://doctor.bd/doctor/dr-kamil-ara-khanam-gynaecology-obstetrics-dhaka
Dr. Kamol Krishna Pramanik,followers,"ENT, Head & Neck Disease Specialist","MBBS, FCPS",Consultant,Chattogram Medical College Hospital,N/A,https://doctor.bd/doctor/dr-kamol-krishna-pramanik-ent-chattogram
Dr. Kamrul Ahsan,followers,"Skin, Allergy & Sexual Disease Specialist","MBBS, BCS, DDV, MACP",Assistant Professor,Rajshahi Medical College Hospital,N/A,https://doctor.bd/doctor/dr-kamrul-ahsan-dermatology-rajshahi
Dr. Kamrul Hasan Lohani,followers,Medicine Specialist,"MBBS, BCS, MD, MACP",Assistant Professor,Rangamati Medical College Hospital,N/A,https://doctor.bd/doctor/dr-kamrul-hasan-lohani-medicine-chattogram
Dr. Kamrul Hassan,followers,"Neurology, Brain & Nerve Disease Specialist","MBBS, BCS, MD",Registrar,Chattogram Medical College Hospital,N/A,https://doctor.bd/doctor/dr-kamrul-hassan-neurology-chattogram
Dr. Kamrun Nahar,followers,"Obstetrics, Gynaecology & Surgery Specialist","MBBS, MCPS, DGO",Consultant,Cumilla MEDICAL CENTRE,26+ Years,https://doctor.bd/doctor/dr-kamrun-nahar-gynaecology-obstetrics-cumilla
Dr. Kamrun Nahar,followers,"Obstetrics, Gynaecology & Surgery Specialist","MBBS, DGO, MS",Consultant,Narayanganj 300 Bed Hospital,26+ Years,https://doctor.bd/doctor/dr-kamrun-nahar-gynaecology-obstetrics-narayanganj
Dr. Kamrun Nahar,followers,"Obstetrics, Gynaecology & Surgery Specialist","MBBS, MS, MRCOG, FCPS",Consultant,Islami Bank Hospital and Cardiac Centre Mirpur,N/A,https://doctor.bd/doctor/dr-kamrun-nahar-gynaecology-obstetrics-dhaka
Dr. Kamrun Nahar (Kona),followers,Medicine & Diabetes Specialist,"MBBS, BCS, MD, MACP, CCD, FCPS",Consultant,Khulna Medical College Hospital,N/A,https://doctor.bd/doctor/dr-kamrun-nahar-kona-medicine-khulna
Dr. Kamrun Nahar (Luna),followers,Child Health & Pediatric Specialist,"MBBS, BCS, MD, FCPS",Assistant Professor,Chattogram Medical College Hospital,N/A,https://doctor.bd/doctor/dr-kamrun-nahar-luna-pediatrics-chattogram
Dr. Kamrun Nahar (Shanta),followers,Endodontics & Root Canal Specialist,"BDS, FCPS",Associate Professor,"University Dental College, Moghbazar, Dhaka",25+ Years,https://doctor.bd/doctor/dr-kamrun-nahar-shanta-dentistry-dhaka
Dr. Kamrun Nahar Hurain,followers,"ENT, Head & Neck Disease Specialist","MBBS, DLO, FCPS",Consultant,ENT and Head-Neck Cancer Hospital & Institute,25+ Years,https://doctor.bd/doctor/dr-kamrun-nahar-hurain-ent-dhaka
Dr. Kamrun Nahar Mitu,followers,"Obstetrics, Gynaecology & Surgery Specialist","MBBS, FCPS",Gynecologist,Shahabuddin Medical College Hospital,N/A,https://doctor.bd/doctor/dr-kamrun-nahar-mitu-gynaecology-obstetrics-dhaka
Dr. Kamrun Nahar Sumi,followers,Oral & Dental Surgery Specialist,"BDS, BCS, MS",Assistant Professor,Dhaka Dental College Hospital,N/A,https://doctor.bd/doctor/dr-kamrun-nahar-sumi-dentistry-dhaka
Dr. Kamrun Nahar Tania,followers,Oncologist & Cancer Specialist,"MBBS, BCS, MD",Consultant,National Institute of Cancer Research and Hospital (NICR&H),N/A,https://doctor.bd/doctor/dr-kamrun-nahar-tania-oncology-dhaka
Dr. Kamrun Nesa Begum (Rosy),followers,"Obstetrics, Gynaecology & Surgery Specialist","MBBS, BCS, FCPS, MS",Associate Professor,Chattogram Medical College Hospital,N/A,https://doctor.bd/doctor/dr-kamrun-nesa-begum-rosy-gynaecology-obstetrics-chattogram
Dr. Kamrun Sattar (Dalia),followers,"Obstetrics, Gynaecology & Surgery Specialist","MBBS, DGO, MCPS, FCPS",Associate Professor,Sheikh Hasina Medical College & Hospital,N/A,https://doctor.bd/doctor/dr-kamrun-sattar-dalia-gynaecology-obstetrics-dhaka
Dr. Kamrunnahar Bhuiyan,followers,Child Health & Pediatric Specialist,"MBBS, BCS, DCH, FCPS",Consultant,Chattogram Medical College Hospital,N/A,https://doctor.bd/doctor/dr-kamrunnahar-bhuiyan-pediatrics-chattogram
Dr. Kamrunnahar Tuhin,followers,"Obstetrics, Gynaecology & Surgery Specialist","MBBS, BCS, DGO",Consultant,Maligaon 50 bed Hospital,N/A,https://doctor.bd/doctor/dr-kamrunnahar-tuhin-gynaecology-obstetrics-cumilla
Dr. Kamruzzaman Md. Zahir,followers,Chest & Respiratory Disease Specialist,"MBBS, MCPS, MD",Assistant Professor,Sher-e-bangla Medical College Hospital,N/A,https://doctor.bd/doctor/dr-kamruzzaman-md-zahir-respiratory-medicine-barishal
Dr. Kamruzzaman Rumman,followers,Oncologist & Cancer Specialist,"MBBS, FCPS, MD",Consultant,National Institute of Cancer Research and Hospital (NICR&H),N/A,https://doctor.bd/doctor/dr-kamruzzaman-rumman-oncology-dhaka
Dr. Kanchan Kumar Deb,followers,Pediatric Surgery Specialist,"MBBS, BCS, MS",Surgeon,Sylhet MAG Osmani Medical College Hospital,N/A,https://doctor.bd/doctor/dr-kanchan-kumar-deb-pediatric-surgery-sylhet
Dr. Kanchan Kumar Sarker,followers,Physiotherapy & Rehabilitation Specialist,"PhD, BPT, MPT",Chief Consultant,DeepShikha Physiotherapy & Consultation Center,15+ Years,https://doctor.bd/doctor/dr-kanchan-kumar-sarker-physiotherapy-gaibandha
Dr. Kanij Fatema,followers,Pediatric Neurology Specialist,"MBBS, FCPS",Associate Professor,"Institute of Pediatric Neurodisorder & Autism (IPNA), BSMMU",15+ Years,https://doctor.bd/doctor/dr-kanij-fatema-pediatrics-dhaka
Dr. Kaniz Fatema Ishrat Jahan,followers,"Brain, Nerve & Spine Surgery Specialist","MBBS, BCS, MS",Assistant Professor,Dhaka Medical College Hospital,N/A,https://doctor.bd/doctor/dr-kaniz-fatema-ishrat-jahan-neurosurgery-dhaka
Dr. Kaniz Fatema Mily,followers,"Obstetrics, Gynaecology & Surgery Specialist","MBBS, DGO",Consultant,Sher-e-bangla Medical College Hospital,N/A,https://doctor.bd/doctor/dr-kaniz-fatema-mily-gynaecology-obstetrics-barishal
Dr. Kaniz Fatema Papri,followers,"Obstetrics, Gynaecology & Surgery Specialist","MBBS, BCS, FCPS",Consultant,Khulna Medical College Hospital,N/A,https://doctor.bd/doctor/dr-kaniz-fatema-papri-gynaecology-obstetrics-khulna
Dr. Kaniz Shahali Reza Snigdha,followers,"Skin, Allergy & Sexual Disease Specialist","MBBS, MCPS, FCPS",Assistant Professor,"Mugda Medical College Hospital, Dhaka",N/A,https://doctor.bd/doctor/dr-kaniz-shahali-reza-snigdha-dermatology-dhaka
Dr. Kaniz Sultana,followers,Pediatric Gastroenterology Specialist,"MBBS, MD, MSc, BCS",Associate Professor,Dhaka Medical College Hospital,N/A,https://doctor.bd/doctor/dr-kaniz-sultana-pediatrics-dhaka
Dr. Kanol Saha,followers,"Neurology, Brain & Nerve Disease Specialist","MBBS, BCS, MD",Associate Professor,Dhaka Medical College Hospital,N/A,https://doctor.bd/doctor/dr-kanol-saha-neurology-dhaka
Dr. Kanu Lal Saha,followers,"ENT, Head & Neck Disease Specialist","MBBS, MS, FCPS",Associate Professor,Bangladesh Medical University,N/A,https://doctor.bd/doctor/dr-kanu-lal-saha-ent-dhaka
Dr. Karina Rahman,followers,General & Laparoscopic Surgery Specialist,"MBBS, FCPS",Assistant Professor,Enam Medical College & Hospital,N/A,https://doctor.bd/doctor/dr-karina-rahman-general-surgery-dhaka
Dr. Kashefa Nazneen,followers,"Obstetrics, Gynaecology & Surgery Specialist","MBBS, FCPS",Senior Consultant,"Square Hospital, Dhaka",N/A,https://doctor.bd/doctor/dr-kashefa-nazneen-gynaecology-obstetrics-dhaka
Dr. Kashfia Kamal,followers,"Brain, Nerve & Spine Surgery Specialist","MBBS, BCS, MS",Resident Surgeon,Chattogram Medical College Hospital,8+ Years,https://doctor.bd/doctor/dr-kashfia-kamal-neurosurgery-chattogram
Dr. Kathak Das,followers,Eye Disease & Surgery Specialist,"MBBS, DO",Junior Consultant,Lions Charitable Eye Hospital,8+ Years,https://doctor.bd/doctor/dr-kathak-das-ophthalmology-chattogram
Dr. Kawsar Ahmad Konok,followers,"Plastic, Burn & Reconstructive Surgery Specialist","MBBS, BCS, MS",Surgeon,"National Institute of Burn and Plastic Surgery, Dhaka",N/A,https://doctor.bd/doctor/dr-kawsar-ahmad-konok-plastic-surgery-dhaka
Dr. Kawsar Hamid,followers,"Orthopedics, Trauma & Joint Surgery Specialist","MBBS, D-ORTHO",Assistant Professor,Central Medical College Hospital,N/A,https://doctor.bd/doctor/dr-kawsar-hamid-orthopedics-cumilla
Dr. Kazi Abdullah Arman,followers,Oncologist & Cancer Specialist,"MBBS, MD",Consultant,Labaid Cancer Hospital and Super Speciality Centre,N/A,https://doctor.bd/doctor/dr-kazi-abdullah-arman-oncology-dhaka
Dr. Kazi Abu Rashed,followers,"ENT, Head & Neck Disease Specialist","MBBS, BCS, DLO",Consultant,"General Hospital, Khulna",N/A,https://doctor.bd/doctor/dr-kazi-abu-rashed-ent-khulna
Dr. Kazi Abul Hasan,followers,Cardiac & Heart Surgery Specialist,"MBBS, MS",Associate Professor,National Institute of Cardiovascular Disease (NICVD),N/A,https://doctor.bd/doctor/dr-kazi-abul-hasan-cardiac-surgery-dhaka
Dr. Kazi Al Baruny,followers,"Cardiology, Hypertension & Heart Disease Specialist","MBBS, MSc, MPH, PGDCH",Specialist Cardiologist,Vatara general hospital & Nursing institute,N/A,https://doctor.bd/doctor/dr-kazi-al-baruny-cardiology-dhaka
Dr. Kazi Al-Hosne Jamil,followers,Cardiac & Heart Surgery Specialist,"MBBS, MS",Resident Surgeon,Dhaka Medical College Hospital,N/A,https://doctor.bd/doctor/dr-kazi-al-hosne-jamil-cardiac-surgery-dhaka
Dr. Kazi Anisur Rahman,followers,Eye Disease & Surgery Specialist,"MBBS, BCS, MS",Assistant Professor,Kushtia Medical College Hospital,N/A,https://doctor.bd/doctor/dr-kazi-anisur-rahman-ophthalmology-kushtia
Dr. Kazi Ashraful Islam,followers,Pediatric Neurology Specialist,"MBBS, MCPS, MD",Assistant Professor,"Institute of Pediatric Neurodisorder & Autism (IPNA), BSMMU",N/A,https://doctor.bd/doctor/dr-kazi-ashraful-islam-pediatrics-dhaka
Dr. Kazi Atiqur Rahman,followers,"Cardiology, Hypertension & Heart Disease Specialist","MBBS, MD, MRCP",Senior Consultant,Evercare Hospital Dhaka,N/A,https://doctor.bd/doctor/dr-kazi-atiqur-rahman-cardiology-dhaka
Dr. Kazi Farhana Begum,followers,"Obstetrics, Gynaecology & Surgery Specialist","MBBS, FCPS",Gynecologist,Bangladesh Medical University,N/A,https://doctor.bd/doctor/dr-kazi-farhana-begum-gynaecology-obstetrics-dhaka
Dr. Kazi Fouzia Afrin,followers,Chest & Respiratory Disease Specialist,"MBBS, BCS, MD",Junior Consultant,National Institute of Diseases of the Chest & Hospital (NIDCH),N/A,https://doctor.bd/doctor/dr-kazi-fouzia-afrin-respiratory-medicine-dhaka
Dr. Kazi Foyeza Akther,followers,"Obstetrics, Gynaecology & Surgery Specialist","MBBS, FCPS, MCPS",Consultant,"BRB Hospital, Dhaka",N/A,https://doctor.bd/doctor/dr-kazi-foyeza-akther-gynaecology-obstetrics-dhaka
Dr. Kazi Hafiz Uddin,followers,"Brain, Nerve & Spine Surgery Specialist","MBBS, MS",Assistant Professor,National Institute of Neurosciences & Hospital,N/A,https://doctor.bd/doctor/dr-kazi-hafiz-uddin-neurosurgery-dhaka
Dr. Kazi Hannanur Rahman (Jewel),followers,"Orthopedics, Trauma & Joint Surgery Specialist","MBBS, BCS, MS, FCPS, MPH, FACS",Assistant Professor,National Institute of Traumatology and Orthopaedic Rehabilitation (NITOR),N/A,https://doctor.bd/doctor/dr-kazi-hannanur-rahman-jewel-orthopedics-dhaka
Dr. Kazi Iftekhar Rahman,followers,"Skin, Allergy & Sexual Disease Specialist","MBBS, DDV",Consultant,US-Bangla Medical College Hospital,N/A,https://doctor.bd/doctor/dr-kazi-iftekhar-rahman-dermatology-dhaka
Dr. Kazi Imran Ahmed (Sohel),followers,"Plastic, Burn & Reconstructive Surgery Specialist","MBBS, BCS, FCPS, MRCS",Assistant Professor,Cumilla Medical College Hospital,N/A,https://doctor.bd/doctor/dr-kazi-imran-ahmed-sohel-plastic-surgery-cumilla
Dr. Kazi Israt Jahan,followers,General & Laparoscopic Surgery Specialist,"MBBS, BCS, FCPS, FACS",Assistant Professor,Cumilla Medical College Hospital,N/A,https://doctor.bd/doctor/dr-kazi-israt-jahan-general-surgery-cumilla
Dr. Kazi lrfan Subhan,followers,"Brain, Nerve & Spine Surgery Specialist","MBBS, BCS, MS",Neurosurgeon,Dhaka Medical College Hospital,N/A,https://doctor.bd/doctor/dr-kazi-lrfan-subhan-neurosurgery-dhaka
Dr. Kazi M. Monirul Islam,followers,"Neurology, Brain & Nerve Disease Specialist","MBBS, BCS, MD",Consultant,Sher-e-bangla Medical College Hospital,N/A,https://doctor.bd/doctor/dr-kazi-m-monirul-islam-neurology-barishal
Dr. Kazi Mahabub-E-Khuda,followers,Chest & Respiratory Disease Specialist,"MBBS, MCPS, MD, FCCP",Associate Professor,National Institute of Diseases of the Chest & Hospital (NIDCH),N/A,https://doctor.bd/doctor/dr-kazi-mahabub-e-khuda-respiratory-medicine-dhaka
Dr. Kazi Md. Asif Hasnan,followers,General & Laparoscopic Surgery Specialist,"MBBS, MS, BCS",Assistant Professor,Chattogram Medical College Hospital,N/A,https://doctor.bd/doctor/dr-kazi-md-asif-hasnan-general-surgery-chattogram
Dr. Kazi Md. Dider-E-Mostafa,followers,Eye Disease & Surgery Specialist,"MBBS, DCO",Consultant,Jalalabad Eye Hospital,N/A,https://doctor.bd/doctor/dr-kazi-md-dider-e-mostafa-ophthalmology-sylhet
Dr. Kazi Md. Tousif,followers,Oral & Dental Surgery Specialist,BDS,Dental Surgeon,"Epic Health Care, Chattogram",8+ Years,https://doctor.bd/doctor/dr-kazi-md-tousif-dentistry-chattogram
Dr. Kazi Mizanur Rahman,followers,"Orthopedics, Trauma & Joint Surgery Specialist","MBBS, BCS, MS",Assistant Professor,National Institute of Traumatology and Orthopaedic Rehabilitation (NITOR),8+ Years,https://doctor.bd/doctor/dr-kazi-mizanur-rahman-orthopedics-dhaka
Dr. Kazi Mohammad Abdul Awal,followers,"Cardiology, Hypertension & Heart Disease Specialist","MBBS, D-CARD, MD, MACP, CCD",Assistant Professor,"Islami Bank Medical College Hospital, Rajshahi",N/A,https://doctor.bd/doctor/dr-kazi-mohammad-abdul-awal-cardiology-rajshahi
Dr. Kazi Mohammad Abrar Hasan,followers,Medicine & Diabetes Specialist,"MBBS, BCS, FCPS, FACP, MACP",Associate Professor,Chattogram Medical College Hospital,N/A,https://doctor.bd/doctor/dr-kazi-mohammad-abrar-hasan-medicine-chattogram
Dr. Kazi Mohammad Faisal,followers,"Cardiology, Hypertension & Heart Disease Specialist","MBBS, BCS, MD, CCD, FCPS",Consultant,Chattogram Medical College Hospital,N/A,https://doctor.bd/doctor/dr-kazi-mohammad-faisal-cardiology-chattogram
Dr. Kazi Monisur Rahman,followers,"Gastroenterology, Liver & Digestive Disease Specialist","MBBS, MD",Associate Professor,Bangladesh Medical University,N/A,https://doctor.bd/doctor/dr-kazi-monisur-rahman-gastroenterology-dhaka
Dr. Kazi Nasid Naznin,followers,"Colorectal, Piles & Rectal Surgery Specialist","MBBS, FCPS, MS",Assistant Professor,Bangladesh Medical University,N/A,https://doctor.bd/doctor/dr-kazi-nasid-naznin-colorectal-surgery-dhaka
Dr. Kazi Nasimul Hoque,followers,Eye Disease & Surgery Specialist,"MBBS, DO",Assistant Professor,Ad-din Akij Medical College Hospital,N/A,https://doctor.bd/doctor/dr-kazi-nasimul-hoque-ophthalmology-khulna
Dr. Kazi Naushad Un Nabi,followers,Child Health & Pediatric Specialist,"MBBS, DCH, MRCP, MRCPCH, FRCP",Consultant,Bangladesh Specialized Hospital,N/A,https://doctor.bd/doctor/dr-kazi-naushad-un-nabi-pediatrics-dhaka
Dr. Kazi Rumana Sharmin Rummee,followers,Oral & Dental Surgery Specialist,"BDS, PGT",Doctor,"Labaid Dental Clinic, Dhaka",N/A,https://doctor.bd/doctor/dr-kazi-rumana-sharmin-rummee-dentistry-dhaka
Dr. Kazi Saifuddin Bennoor,followers,Chest & Respiratory Disease Specialist,"MBBS, DTCD",Assistant Professor,National Institute of Diseases of the Chest & Hospital (NIDCH),N/A,https://doctor.bd/doctor/dr-kazi-saifuddin-bennoor-respiratory-medicine-dhaka
Dr. Kazi Saiful Islam Shakil,followers,"Chest, Lung & Thoracic Surgery Specialist","MBBS, MS",Associate Professor,National Institute of Diseases of the Chest & Hospital (NIDCH),N/A,https://doctor.bd/doctor/dr-kazi-saiful-islam-shakil-thoracic-surgery-dhaka
Dr. Kazi Salma Rezina Shobi,followers,"Obstetrics, Gynaecology & Surgery Specialist","MBBS, FCPS",Consultant,"OGSB Maternity Hospital, Mirpur",N/A,https://doctor.bd/doctor/dr-kazi-salma-rezina-shobi-gynaecology-obstetrics-dhaka
Dr. Kazi Sami Saleh Abdullah,followers,Medicine Specialist,"MBBS, FCPS",Junior Consultant,Bangladesh Specialized Hospital,N/A,https://doctor.bd/doctor/dr-kazi-sami-saleh-abdullah-medicine-dhaka
Dr. Kazi Shabbir Anwar,followers,Eye Disease & Surgery Specialist,"MBBS, DO, MD",Consultant,Bangladesh Eye Hospital & Institute,N/A,https://doctor.bd/doctor/dr-kazi-shabbir-anwar-ophthalmology-dhaka
Dr. Kazi Shahadat Hossain,followers,"Orthopedics, Trauma & Joint Surgery Specialist","MBBS, D-ORTHO, CCD",Assistant Professor,Mainamoti Medical College & Hospital,N/A,https://doctor.bd/doctor/dr-kazi-shahadat-hossain-orthopedics-cumilla
Dr. Kazi Shamim Ahmed,followers,Medicine Specialist,"MBBS, FCPS, MACP",Doctor,Dhaka National Medical College & Hospital,N/A,https://doctor.bd/doctor/dr-kazi-shamim-ahmed-medicine-dhaka
Dr. Kazi Shamim Al Mamun,followers,"Cardiology, Hypertension & Heart Disease Specialist","MBBS, BCS, MD, MESC, MACP, FACC",Consultant,Chattogram Medical College Hospital,N/A,https://doctor.bd/doctor/dr-kazi-shamim-al-mamun-cardiology-chattogram
Dr. Kazi Shamim Parvez,followers,"Cardiology, Hypertension & Heart Disease Specialist","MBBS, FCPS, D-CARD",Consultant,"Shaheed Shaikh Abu-Naser Specialized Hospital, Khulna",N/A,https://doctor.bd/doctor/dr-kazi-shamim-parvez-cardiology-khulna
Dr. Kazi Shamsun Nahar,followers,"Obstetrics, Gynaecology & Surgery Specialist","MBBS, FCPS",Consultant,"Square Hospital, Dhaka",N/A,https://doctor.bd/doctor/dr-kazi-shamsun-nahar-gynaecology-obstetrics-dhaka
Dr. Kazi Sonia Monir,followers,"Obstetrics, Gynaecology & Surgery Specialist","MBBS, DGO, MCPS, DMU",Senior Consultant,"Sajida Hospital, Keraniganj",N/A,https://doctor.bd/doctor/dr-kazi-sonia-monir-gynaecology-obstetrics-narayanganj
Dr. Kazi Taslima,followers,"Obstetrics, Gynaecology & Surgery Specialist","MBBS, MCPS, FCPS, MRCOG, CMU, DMU, TVS",Consultant,Bangladesh Medical University,N/A,https://doctor.bd/doctor/dr-kazi-taslima-gynaecology-obstetrics-dhaka
Dr. Kazi Towkia Rahman,followers,"Obstetrics, Gynaecology & Surgery Specialist","MBBS, DGO",Consultant,"Divisional Police Hospital, Barishal",N/A,https://doctor.bd/doctor/dr-kazi-towkia-rahman-gynaecology-obstetrics-barishal
Dr. Kazi Zainal Abedin,followers,"Skin, Allergy & Sexual Disease Specialist","MBBS, BCS, DD",Senior Consultant,"American Hospital, Chattogram",N/A,https://doctor.bd/doctor/dr-kazi-zainal-abedin-dermatology-chattogram
Dr. Kazi Zakir Hosain,followers,Liver & Hepatology Specialist,"MBBS, BCS, MD",Consultant,Shaheed Suhrawardy Medical College Hospital,N/A,https://doctor.bd/doctor/dr-kazi-zakir-hosain-hepatology-dhaka
Dr. Kazy Habibur Rahman,followers,Homeopathic Medicine Specialist,"BHMS, MPH",Consultant,Kazy Homoeopathic Treatment & Private Research Center,N/A,https://doctor.bd/doctor/dr-kazy-habibur-rahman-homeopathy-dhaka
Dr. Keya Debnath,followers,"Obstetrics, Gynaecology & Surgery Specialist","MBBS, BCS, MS",Assistant Professor,Khulna Medical College Hospital,N/A,https://doctor.bd/doctor/dr-keya-debnath-gynaecology-obstetrics-khulna
Dr. Keya Rani Das,followers,"ENT, Head & Neck Disease Specialist","MBBS, BCS, DLO",Consultant,Khulna Medical College Hospital,N/A,https://doctor.bd/doctor/dr-keya-rani-das-ent-khulna
Dr. Kh. Md. Abul Ehsan Echo,followers,Eye Disease & Surgery Specialist,"MBBS, DO, FIGO",Eye Specialist,Islami Eye Hospital,N/A,https://doctor.bd/doctor/dr-kh-md-abul-ehsan-echo-ophthalmology-pabna
Dr. Kh. Mehedy Ibnay Mostofa,followers,Urology & Andrology Specialist,"MBBS, MS",Assistant Professor,Pabna Medical College Hospital,N/A,https://doctor.bd/doctor/dr-kh-mehedy-ibnay-mostofa-urology-pabna
Dr. Kh. Mohammad Ali,followers,Physical Medicine & Rehabilitation Specialist,"MBBS, FCPS",Consultant,National Institute of Neurosciences & Hospital,N/A,https://doctor.bd/doctor/dr-kh-mohammad-ali-physical-medicine-rehabilitation-dhaka
Dr. Kh. Nafiz Rahman,followers,"Orthopedics, Trauma & Joint Surgery Specialist","MBBS, BCS, D-ORTHO, FCPS",Surgeon,Rajshahi Medical College Hospital,N/A,https://doctor.bd/doctor/dr-kh-nafiz-rahman-orthopedics-rajshahi
Dr. Khadhiza Begom,followers,Child Health & Pediatric Specialist,"MBBS, DCH, MD, FCPS",Resident,Chattogram Medical College Hospital,N/A,https://doctor.bd/doctor/dr-khadhiza-begom-pediatrics-chattogram
Dr. Khadija Begum,followers,"Obstetrics, Gynaecology & Surgery Specialist","MBBS, FCPS",Assistant Professor,Dr. Sirajul Islam Medical College & Hospital,N/A,https://doctor.bd/doctor/dr-khadija-begum-gynaecology-obstetrics-dhaka
Dr. Khadija Rahman (Sonia),followers,General Surgery Specialist,"MBBS, FCPS",Assistant Professor,National Institute of Cancer Research and Hospital (NICR&H),N/A,https://doctor.bd/doctor/dr-khadija-rahman-sonia-general-surgery-dhaka
Dr. Khadija Tul Kobra,followers,"Plastic, Burn & Reconstructive Surgery Specialist","MBBS, BCS, MS",Assistant Professor,Dhaka Medical College Hospital,10+ Years,https://doctor.bd/doctor/dr-khadija-tul-kobra-plastic-surgery-dhaka
Dr. Khadiza Amin,followers,Oral & Dental Surgery Specialist,BDS,Consultant,"Impressive Dental Solutions, Dakshinkhan",10+ Years,https://doctor.bd/doctor/dr-khadiza-amin-dentistry-dhaka
Dr. Khadiza Rahman Happy,followers,Child Health & Pediatric Specialist,"MBBS, DCH, MD",Associate Professor,Mirpur Shishu Hospital,10+ Years,https://doctor.bd/doctor/dr-khadiza-rahman-happy-pediatrics-dhaka
Dr. Khaja Amirul Islam,followers,Oncologist & Cancer Specialist,"MBBS, BCS, MD",Consultant,"Shaheed Ziaur Rahman Medical College Hospital, Bogura",N/A,https://doctor.bd/doctor/dr-khaja-amirul-islam-oncology-bogura
Dr. Khaled Ahmedur Rahman,followers,"Brain, Nerve & Spine Surgery Specialist","MBBS, BCS, MS",Assistant Professor,Cumilla Medical College Hospital,N/A,https://doctor.bd/doctor/dr-khaled-ahmedur-rahman-neurosurgery-cumilla
Dr. Khaled Bin Islam,followers,"Orthopedics, Trauma & Joint Surgery Specialist","MBBS, BCS, MS",Consultant,Chattogram Medical College Hospital,N/A,https://doctor.bd/doctor/dr-khaled-bin-islam-orthopedics-chattogram
Dr. Khaled Bin Kabir Bhuiyan,followers,Homeopathic Medicine Specialist,"DHMS, BHB",Consultant,"International Homeo Clinic, Chattogram",N/A,https://doctor.bd/doctor/dr-khaled-bin-kabir-bhuiyan-homeopathy-chattogram
Dr. Khaleda Akhter,followers,"Obstetrics, Gynaecology & Surgery Specialist","MBBS, BCS, FCPS",Registrar,Cumilla Medical College Hospital,N/A,https://doctor.bd/doctor/dr-khaleda-akhter-gynaecology-obstetrics-cumilla
Dr. Khaleda Akter,followers,Child Health & Pediatric Specialist,"MBBS, DCH, FCPS, PGPN",Consultant,Ahsania Mission Cancer and General Hospital,N/A,https://doctor.bd/doctor/dr-khaleda-akter-pediatrics-dhaka
Dr. Khaleda Akter Lucky,followers,"Obstetrics, Gynaecology & Surgery Specialist","MBBS, BCS, MCPS, FCPS",Assistant Professor,BM&DC Registration: A-44038,18+ Years,https://doctor.bd/doctor/dr-khaleda-akter-lucky-gynaecology-obstetrics-cumilla
Dr. Khaleda Khatun Anny,followers,"Obstetrics, Gynaecology & Surgery Specialist","MBBS, MCPS, DGO",Consultant,Savar Prime Hospital,18+ Years,https://doctor.bd/doctor/dr-khaleda-khatun-anny-gynaecology-obstetrics-dhaka
Dr. Khaleda Nasreen,followers,Infertility & Reproductive Medicine Specialist,"MBBS, BCS, FCPS",Assistant Professor,Directorate General of Health Services,N/A,https://doctor.bd/doctor/dr-khaleda-nasreen-reproductive-medicine-dhaka
Dr. Khaleda Nazneen Bari,followers,Eye Disease & Surgery Specialist,"MBBS, DO, MS",Professor & Head,Delta Medical College & Hospital,N/A,https://doctor.bd/doctor/dr-khaleda-nazneen-bari-ophthalmology-dhaka
Dr. Khaleda Parvin,followers,"Obstetrics, Gynaecology & Surgery Specialist","MBBS, BCS, MCPS, FCPS",Consultant,Khulna Medical College Hospital,N/A,https://doctor.bd/doctor/dr-khaleda-parvin-gynaecology-obstetrics-khulna
Dr. Khaleda Yeasmin Mirza,followers,"Obstetrics, Gynaecology & Surgery Specialist","MBBS, DGO, FMAS",Senior Consultant,"Square Hospital, Dhaka",N/A,https://doctor.bd/doctor/dr-khaleda-yeasmin-mirza-gynaecology-obstetrics-dhaka
Dr. Khalifa Mahmud Tarik,followers,Cardiac & Heart Surgery Specialist,"MBBS, MS",Consultant,Bangladesh Specialized Hospital,N/A,https://doctor.bd/doctor/dr-khalifa-mahmud-tarik-cardiac-surgery-dhaka
Dr. Khalilur Rahman,followers,Child Health & Pediatric Specialist,"MBBS, DCH, PGPN",Assistant Professor,Shahabuddin Medical College Hospital,N/A,https://doctor.bd/doctor/dr-khalilur-rahman-pediatrics-dhaka
Dr. Khan Abdur Rauf,followers,"ENT, Head & Neck Disease Specialist","MBBS, DLO",Associate Professor,Sher-e-bangla Medical College Hospital,N/A,https://doctor.bd/doctor/dr-khan-abdur-rauf-ent-barishal
Dr. Khan Ahmed Hilaly,followers,Child Health & Pediatric Specialist,"MBBS, PGT, FRSH",Ex. Senior Pediatrician,"Al-Yamaha MCH Hospital, Riyad, KSA",N/A,https://doctor.bd/doctor/dr-khan-ahmed-hilaly-pediatrics-khulna
Dr. Khan Asaduzzaman,followers,"Brain, Nerve & Spine Surgery Specialist","MBBS, MRCS, FRCS",Head,North East Medical College Hospital,N/A,https://doctor.bd/doctor/dr-khan-asaduzzaman-neurosurgery-sylhet
Dr. Khan Ishrat Jahan,followers,Child Health & Pediatric Specialist,"MBBS, MD",Assistant Professor,Rajshahi Medical College Hospital,N/A,https://doctor.bd/doctor/dr-khan-ishrat-jahan-pediatrics-rajshahi
Dr. Khan Lamia Nahid,followers,Pediatric Gastroenterology Specialist,"MBBS, FCPS, MD",Associate Professor,Bangladesh Medical University,N/A,https://doctor.bd/doctor/dr-khan-lamia-nahid-pediatrics-dhaka
Dr. Khan Omor Faruk,followers,"ENT, Head & Neck Disease Specialist","MBBS, BHS, PGT",Assistant Registrar,Khulna Medical College Hospital,N/A,https://doctor.bd/doctor/dr-khan-omor-faruk-ent-khulna
Dr. Khandakar Md. Kamrul Islam,followers,Physical Medicine & Rehabilitation Specialist,"MBBS, BCS, FCPS",Medical Officer,Sylhet MAG Osmani Medical College Hospital,N/A,https://doctor.bd/doctor/dr-khandakar-md-kamrul-islam-physical-medicine-rehabilitation-sylhet
Dr. Khandakar Nuruzzaman Komol,followers,Oral & Dental Surgery Specialist,"MSc, BDS, PGT, FMCC",Assistant Professor,University Dental College and Hospital,N/A,https://doctor.bd/doctor/dr-khandakar-nuruzzaman-komol-dentistry-dhaka
Dr. Khandaker ABM Abdullah Al Hasan,followers,Cancer & Surgical Oncology Specialist,"MBBS, BCS, MS, FCPS, FMAS",Assistant Professor,National Institute of Cancer Research and Hospital (NICR&H),N/A,https://doctor.bd/doctor/dr-khandaker-abm-abdullah-al-hasan-oncology-dhaka
Dr. Khandaker Abu Sayed,followers,"Orthopedics, Trauma & Joint Surgery Specialist","MBBS, BCS, MS",Assistant Professor,Mymensingh Medical College Hospital,N/A,https://doctor.bd/doctor/dr-khandaker-abu-sayed-orthopedics-mymensingh
Dr. Khandaker Abu Talha,followers,"Brain, Nerve & Spine Surgery Specialist","MBBS, MCPS, MPH, MS, DCR",Professor & Head,Sylhet Womens Medical College Hospital,N/A,https://doctor.bd/doctor/dr-khandaker-abu-talha-neurosurgery-sylhet
Dr. Khandaker Abul Hasnat,followers,Oral & Dental Surgery Specialist,"BDS, MPH, PGT",Senior Consultant,"Nexus Hospital, Mymensingh",N/A,https://doctor.bd/doctor/dr-khandaker-abul-hasnat-dentistry-mymensingh
Dr. Khandaker Aisha Siddika,followers,"Cardiology, Hypertension & Heart Disease Specialist","MBBS, MD",Cardiologist,National Institute of Cardiovascular Disease (NICVD),N/A,https://doctor.bd/doctor/dr-khandaker-aisha-siddika-cardiology-dhaka
Dr. Khandaker Alamin Rumi,followers,Medicine Specialist,"MBBS, MRCP, MD",Junior Consultant,"City Hospital, Dhaka",N/A,https://doctor.bd/doctor/dr-khandaker-alamin-rumi-medicine-dhaka
Dr. Khandaker Anwar Kadir (Darpan),followers,Medicine & Diabetes Specialist,"MBBS, CCD, BCS, FCGP, MD",Consultant,"Modern Diagnostic Center, Narayanganj",N/A,https://doctor.bd/doctor/dr-khandaker-anwar-kadir-darpan-medicine-narayanganj
Dr. Khandaker Golam Mostafa Kabir,followers,General Surgery Specialist,"MBBS, FCGP, PGT, MPH, PhD",Surgeon,Rajshahi Model Hospital,N/A,https://doctor.bd/doctor/dr-khandaker-golam-mostafa-kabir-general-surgery-rajshahi
Dr. Khandaker Hafijur Rahman,followers,"Orthopedics, Trauma & Joint Surgery Specialist","MBBS, BCS, MS, MACP, FCPS",Associate Professor,Mymensingh Medical College Hospital,N/A,https://doctor.bd/doctor/dr-khandaker-hafijur-rahman-orthopedics-mymensingh
Dr. Khandaker Mahadi Ul Haque,followers,Urology & Andrology Specialist,"MBBS, MS",Assistant Professor,Rajshahi Medical College Hospital,9+ Years,https://doctor.bd/doctor/dr-khandaker-mahadi-ul-haque-urology-rajshahi
Dr. Khandaker Shehneela Tasmin,followers,"Obstetrics, Gynaecology & Surgery Specialist","MBBS, BCS, FCPS",Consultant,Shaheed Suhrawardy Medical College Hospital,9+ Years,https://doctor.bd/doctor/dr-khandaker-shehneela-tasmin-gynaecology-obstetrics-dhaka
Dr. Khandker Mahbuba Jannat,followers,"Obstetrics, Gynaecology & Surgery Specialist","MBBS, FCPS",Consultant,"250 Bedded General Hospital, Pabna",N/A,https://doctor.bd/doctor/dr-khandker-mahbuba-jannat-gynaecology-obstetrics-pabna
Dr. Khandker Mahbubar Rahman,followers,"Neurology, Brain & Nerve Disease Specialist","MBBS, MD",Senior Consultant,Evercare Hospital Dhaka,N/A,https://doctor.bd/doctor/dr-khandker-mahbubar-rahman-neurology-dhaka
Dr. Khandker Md. Nurus Sabah,followers,"Cardiology, Hypertension & Heart Disease Specialist","MBBS, BCS, MCPS, D-CARD, MD",Associate Professor,"Mugda Medical College Hospital, Dhaka",N/A,https://doctor.bd/doctor/dr-khandker-md-nurus-sabah-cardiology-dhaka
Dr. Khandokar Samsujjaman,followers,Oncologist & Cancer Specialist,"MBBS, BCS, MD, CCD",Cancer Specialist,National Institute of Cancer Research and Hospital (NICR&H),N/A,https://doctor.bd/doctor/dr-khandokar-samsujjaman-oncology-dhaka
Dr. Khirul Hasan Rana,followers,"Orthopedics, Trauma & Joint Surgery Specialist","MBBS, D-ORTHO, FCPS",Consultant,Mainamoti Medical College & Hospital,N/A,https://doctor.bd/doctor/dr-khirul-hasan-rana-orthopedics-cumilla
Dr. Khodeza Khatun Moni,followers,"Obstetrics, Gynaecology & Surgery Specialist","MBBS, FCPS",Assistant Professor,Bangladesh Medical University,N/A,https://doctor.bd/doctor/dr-khodeza-khatun-moni-gynaecology-obstetrics-dhaka
Dr. Khodeza Khatun Toma,followers,"Obstetrics, Gynaecology & Surgery Specialist","MBBS, DGO, FCPS",Gynecologist,Rangpur Medical College Hospital,N/A,https://doctor.bd/doctor/dr-khodeza-khatun-toma-gynaecology-obstetrics-rangpur
Dr. Khondaker Arafuzzaman Lipton,followers,Urology & Andrology Specialist,"MBBS, FCPS",Assistant Professor,"Mugda Medical College Hospital, Dhaka",N/A,https://doctor.bd/doctor/dr-khondaker-arafuzzaman-lipton-urology-dhaka
Dr. Khondaker Elias,followers,Kidney & Nephrology Specialist,"MBBS, BCS, MD, MACP, CCD, FCPS",Consultant,Shaheed Suhrawardy Medical College Hospital,N/A,https://doctor.bd/doctor/dr-khondaker-elias-nephrology-dhaka
Dr. Khondaker Mobasher Ahmed,followers,Pediatric Gastroenterology Specialist,"MBBS, BCS, MD, ICPPN, FCPS",Assistant Professor,Cumilla Medical College Hospital,N/A,https://doctor.bd/doctor/dr-khondaker-mobasher-ahmed-pediatrics-cumilla
Dr. Khondokar Mahabub Uz Zaman,followers,Rheumatology & Arthritis Specialist,"MBBS, BCS, MD",Rheumatology Specialist,Bangladesh Medical University,N/A,https://doctor.bd/doctor/dr-khondokar-mahabub-uz-zaman-rheumatology-dhaka
Dr. Khondoker Asaduzzaman,followers,"Cardiology, Hypertension & Heart Disease Specialist","MBBS, DTCD, MD, AFACC, FSCAI, FASIC",Cardiologist,Sir Salimullah Medical College Mitford Hospital,N/A,https://doctor.bd/doctor/dr-khondoker-asaduzzaman-cardiology-dhaka
Dr. Khondoker Monirul Alam Russel,followers,Medicine Specialist,"MBBS, BCS, FCPS",Consultant,Rangpur Medical College Hospital,N/A,https://doctor.bd/doctor/dr-khondoker-monirul-alam-russel-medicine-rangpur
Dr. Khondoker Seheli Nasrin Lina,followers,"Obstetrics, Gynaecology & Surgery Specialist","MBBS, MS",Gynecologist,"Islami Bank Medical College Hospital, Rajshahi",N/A,https://doctor.bd/doctor/dr-khondoker-seheli-nasrin-lina-gynaecology-obstetrics-rajshahi
Dr. Khorshed Alam Tanmay,followers,"Orthopedics, Trauma & Joint Surgery Specialist","MBBS, BCS, D-ORTHO",Doctor,National Institute of Traumatology and Orthopaedic Rehabilitation (NITOR),N/A,https://doctor.bd/doctor/dr-khorshed-alam-tanmay-orthopedics-dhaka
Dr. Khursheda Tahmin (Shimu),followers,"Obstetrics, Gynaecology & Surgery Specialist","MBBS, BCS, MS",Assistant Professor,Sylhet MAG Osmani Medical College Hospital,N/A,https://doctor.bd/doctor/dr-khursheda-tahmin-shimu-gynaecology-obstetrics-sylhet
Dr. Khurshid Alam Sarwar,followers,Pediatric Surgery Specialist,"MBBS, MS",Associate Professor,Chattogram Medical College Hospital,N/A,https://doctor.bd/doctor/dr-khurshid-alam-sarwar-pediatric-surgery-chattogram
Dr. Khurshid Jahan,followers,"Obstetrics, Gynaecology & Surgery Specialist","MBBS, MPH, MS",Professor & Head,Sher-e-bangla Medical College Hospital,N/A,https://doctor.bd/doctor/dr-khurshid-jahan-gynaecology-obstetrics-barishal
Dr. Khurshid Nasrin,followers,Ultrasound & Imaging Specialist,"MBBS, ADMS, DMUD",Sonologist,Eden Multi -Care Hospital,20+ Years,https://doctor.bd/doctor/dr-khurshid-nasrin-radiology-imaging-dhaka
Dr. Khurshida Jahan,followers,"Obstetrics, Gynaecology & Surgery Specialist","MBBS, FCPS, MS",Assistant Professor,Mymensingh Medical College Hospital,20+ Years,https://doctor.bd/doctor/dr-khurshida-jahan-gynaecology-obstetrics-mymensingh
Dr. Kingshuk Abir,followers,"Neurology, Brain & Nerve Disease Specialist","MBBS, MD",Assistant Professor,Tairunnessa Memorial Medical College & Hospital,N/A,https://doctor.bd/doctor/dr-kingshuk-abir-neurology-dhaka
Dr. Kishore Kumar Das,followers,"Plastic, Burn & Reconstructive Surgery Specialist","MBBS, FCPS, MS",Associate Professor,Chattogram Maa-O-Shishu Hospital Medical College,N/A,https://doctor.bd/doctor/dr-kishore-kumar-das-plastic-surgery-chattogram
Dr. Kishore Kumar Shil,followers,"Diabetes, Hormone & Thyroid Specialist","MBBS, BCS, MD, MACE, MACP, FCPS",Consultant,Khulna Medical College Hospital,N/A,https://doctor.bd/doctor/dr-kishore-kumar-shil-endocrinology-khulna
Dr. Kishore Mohajan,followers,Physical Medicine & Rehabilitation Specialist,"MBBS, MD, CCD, DPT",Assistant Professor,Chattogram Maa-O-Shishu Hospital Medical College,N/A,https://doctor.bd/doctor/dr-kishore-mohajan-physical-medicine-rehabilitation-chattogram
Dr. Kishuar Parveen,followers,"Obstetrics, Gynaecology & Surgery Specialist","MBBS, FCPS",Assistant Professor,Sylhet MAG Osmani Medical College Hospital,N/A,https://doctor.bd/doctor/dr-kishuar-parveen-gynaecology-obstetrics-sylhet
Dr. Kismot Ara Sheikh Mala,followers,"Obstetrics, Gynaecology & Surgery Specialist","MBBS, MCPS, FRSH",Consultant,Rangpur Medical College Hospital,N/A,https://doctor.bd/doctor/dr-kismot-ara-sheikh-mala-gynaecology-obstetrics-rangpur
Dr. KM Nurul Alam,followers,"ENT, Head & Neck Disease Specialist","MBBS, FCPS, MS",Doctor,National Institute of ENT & Hospital,N/A,https://doctor.bd/doctor/dr-km-nurul-alam-ent-dhaka
Dr. Kohinoor Akter,followers,"Obstetrics, Gynaecology & Surgery Specialist","MBBS, MCS, DGO",Gynecologist,Chattogram Medical College Hospital,N/A,https://doctor.bd/doctor/dr-kohinoor-akter-gynaecology-obstetrics-chattogram
Dr. Kohinoor Begum,followers,"Obstetrics, Gynaecology & Surgery Specialist","MBBS, BCS, FCPS",Assistant Professor,Chattogram Medical College Hospital,N/A,https://doctor.bd/doctor/dr-kohinoor-begum-gynaecology-obstetrics-chattogram
Dr. Koushik Majumder,followers,"Cardiology, Hypertension & Heart Disease Specialist","MBBS, MD",Senior Consultant,National Heart Foundation Hospital Sylhet,N/A,https://doctor.bd/doctor/dr-koushik-majumder-cardiology-sylhet
Dr. Kousik Chowdhury,followers,Eye & Retina Surgery Specialist,"MBBS, FCPS",Consultant,National Institute of Ophthalmology & Hospital,N/A,https://doctor.bd/doctor/dr-kousik-chowdhury-ophthalmology-dhaka
Dr. Krishna Kanta Bhowmik,followers,"ENT, Head & Neck Disease Specialist","MBBS, BCS, FCPS",Assistant Professor,Sylhet MAG Osmani Medical College Hospital,N/A,https://doctor.bd/doctor/dr-krishna-kanta-bhowmik-ent-sylhet
Dr. Krishna Pada Banik,followers,Medicine & Diabetes Specialist,"MBBS, BCS, FCPS, CCD",Consultant,Dhaka Medical College Hospital,N/A,https://doctor.bd/doctor/dr-krishna-pada-banik-medicine-dhaka
Dr. Krishna Pada Saha,followers,"Colorectal, Piles & Rectal Surgery Specialist","MBBS, MS, FCPS, FACS",Head,Kuwait Bangladesh Friendship Govt. Hospital,N/A,https://doctor.bd/doctor/dr-krishna-pada-saha-colorectal-surgery-dhaka
Dr. Kulsum Akter,followers,"Obstetrics, Gynaecology & Surgery Specialist","MBBS, FCPS",Consultant,Cumilla Medical College Hospital,N/A,https://doctor.bd/doctor/dr-kulsum-akter-gynaecology-obstetrics-cumilla
Dr. Kumar Tansen,followers,"Obstetrics, Gynaecology & Surgery Specialist","MBBS, BCS, FCPS",Consultant,Dhaka Medical College Hospital,N/A,https://doctor.bd/doctor/dr-kumar-tansen-gynaecology-obstetrics-dhaka
Dr. Kyaw Khin U Chow Chow,followers,"ENT, Head & Neck Disease Specialist","MBBS, BCS, FCPS",Associate Professor,Chattogram Medical College Hospital,N/A,https://doctor.bd/doctor/dr-kyaw-khin-u-chow-chow-ent-chattogram
Dr. Labiba Hossainy Honey,followers,Child Health & Pediatric Specialist,"MBBS, BCS, MCPS, FCPS",Consultant,"Shaheed Ziaur Rahman Medical College Hospital, Bogura",N/A,https://doctor.bd/doctor/dr-labiba-hossainy-honey-pediatrics-bogura
Dr. Laila Kamruzzahan Panna,followers,"Obstetrics, Gynaecology & Surgery Specialist","MBBS, BCS, FCPS",Registrar,Mymensingh Medical College Hospital,N/A,https://doctor.bd/doctor/dr-laila-kamruzzahan-panna-gynaecology-obstetrics-mymensingh
Dr. Laila Khaleda,followers,"Obstetrics, Gynaecology & Surgery Specialist","MBBS, MS",Assistant Professor,"Maternal & Child Health Training Institute, Azimpur",23+ Years,https://doctor.bd/doctor/dr-laila-khaleda-gynaecology-obstetrics-dhaka
Dr. Laila Parveen Banu Madhobi,followers,"Obstetrics, Gynaecology & Surgery Specialist","MBBS, BCS, FCPS",Associate Professor,Sylhet MAG Osmani Medical College Hospital,23+ Years,https://doctor.bd/doctor/dr-laila-parveen-banu-madhobi-gynaecology-obstetrics-sylhet
Dr. Laila Shamima Sharmin,followers,Child Health & Pediatric Specialist,"MBBS, FCPS, MRCP",Assistant Professor,Rajshahi Medical College Hospital,N/A,https://doctor.bd/doctor/dr-laila-shamima-sharmin-pediatrics-rajshahi
Dr. Laila Yesmin Suma,followers,"Gastroenterology, Liver & Digestive Disease Specialist","MBBS, MD",Consultant,"National Gastroliver Institute and Hospital, Dhaka",N/A,https://doctor.bd/doctor/dr-laila-yesmin-suma-gastroenterology-dhaka
Dr. Lailatunessa,followers,"Obstetrics, Gynaecology & Surgery Specialist","MBBS, BCS, FCPS",Consultant,Khulna Medical College Hospital,N/A,https://doctor.bd/doctor/dr-lailatunessa-gynaecology-obstetrics-khulna
Dr. Lala Shourav Das,followers,"Diabetes, Hormone & Thyroid Specialist","MBBS, BCS, DEM",Consultant,"Oasis Hospital, Sylhet",N/A,https://doctor.bd/doctor/dr-lala-shourav-das-endocrinology-sylhet
Dr. Lalit Mohan Nath,followers,"Diabetes, Hormone & Thyroid Specialist","MBBS, CCD",Medical Officer,"Sylhet Diabetic Hospital, Sylhet",N/A,https://doctor.bd/doctor/dr-lalit-mohan-nath-endocrinology-sylhet
Dr. Latifa Akhter,followers,"Obstetrics, Gynaecology & Surgery Specialist","MBBS, DGO, FCPS",Consultant,Bangladesh Medical University,N/A,https://doctor.bd/doctor/dr-latifa-akhter-gynaecology-obstetrics-dhaka
Dr. Layla Nasrin,followers,Child Health & Pediatric Specialist,"MBBS, BCS, DCH, MPH",Senior Consultant,"Shaheed Tajuddin Ahmad Medical College, Gazipur",N/A,https://doctor.bd/doctor/dr-layla-nasrin-pediatrics-gazipur
Dr. Leea Amin,followers,Cancer & Surgical Oncology Specialist,"MBBS, FCPS",Associate Professor,Eastern Medical College Hospital,N/A,https://doctor.bd/doctor/dr-leea-amin-oncology-dhaka
Dr. Lima Asrin Sayami,followers,"Cardiology, Hypertension & Heart Disease Specialist","MBBS, FCPS, MRCP",Assistant Professor,National Institute of Cardiovascular Disease (NICVD),N/A,https://doctor.bd/doctor/dr-lima-asrin-sayami-cardiology-dhaka
Dr. Lipi Paul,followers,"Obstetrics, Gynaecology & Surgery Specialist","MBBS, BCS, MCPS, FCPS",Consultant,Cumilla Medical College Hospital,N/A,https://doctor.bd/doctor/dr-lipi-paul-gynaecology-obstetrics-cumilla
Dr. Lipika Roy,followers,Anesthesia & Pain Management Specialist,"MBBS, MD",Consultant,Shaheed Shaikh Abu-Naser Specialized Hospital,N/A,https://doctor.bd/doctor/dr-lipika-roy-anesthesiology-khulna
Dr. Lita Parvin,followers,"Skin, Allergy & Sexual Disease Specialist","MBBS, BCS, DDV",Consultant,Kushtia Medical College Hospital,N/A,https://doctor.bd/doctor/dr-lita-parvin-dermatology-kushtia
Dr. Liton Chandra Saha,followers,Child Health & Pediatric Specialist,"MBBS, FCPS",Associate Professor,Bangladesh Institute of Child Health & Dhaka Shishu Hospital,N/A,https://doctor.bd/doctor/dr-liton-chandra-saha-pediatrics-dhaka
Dr. Liton Kumar Roy,followers,"Orthopedics, Trauma & Joint Surgery Specialist","MBBS, BCS, MS",Associate Professor,Cumilla Medical College Hospital,N/A,https://doctor.bd/doctor/dr-liton-kumar-roy-orthopedics-cumilla
Dr. Loba Nur,followers,"Skin, Allergy & Sexual Disease Specialist","MBBS, MSc",Doctor,Ashiyan Medical College Hospital,N/A,https://doctor.bd/doctor/dr-loba-nur-dermatology-dhaka
Dr. Lohani Md. Tajul Islam,followers,"Cardiology, Hypertension & Heart Disease Specialist","MBBS, MD",Assistant Professor,Bangladesh Medical University,N/A,https://doctor.bd/doctor/dr-lohani-md-tajul-islam-cardiology-narayanganj
Dr. Lokman Hossain Juwel,followers,General & Laparoscopic Surgery Specialist,"MBBS, FCPS",Consultant,"Shaheed Ziaur Rahman Medical College Hospital, Bogura",N/A,https://doctor.bd/doctor/dr-lokman-hossain-juwel-general-surgery-bogura
Dr. lqbal Murshed Kabir,followers,"Gastroenterology, Liver & Digestive Disease Specialist","MBBS, FCPS, MD",Senior Consultant,Evercare Hospital Dhaka,N/A,https://doctor.bd/doctor/dr-lqbal-murshed-kabir-gastroenterology-dhaka
Dr. Lt. Col. A K M Mizanur Rahman,followers,"Diabetes, Hormone & Thyroid Specialist","MBBS, DEM, MACE",Associate Professor,Combined Military Hospital Sylhet,22+ Years,https://doctor.bd/doctor/dr-lt-col-a-k-m-mizanur-rahman-endocrinology-sylhet
Dr. Lt. Col. Amzad Hossain,followers,"Diabetes, Hormone & Thyroid Specialist","MBBS, FCGP, CCD, MRSH",Diabetes Specialist,Ibn Sina Diagnostic & Consultation Center,22+ Years,https://doctor.bd/doctor/dr-lt-col-amzad-hossain-endocrinology-dhaka
Dr. Lt. Col. Md. Saleh Akram,followers,"ENT, Head & Neck Disease Specialist","MBBS, DLO, FCPS",Classified ENT Specialist,"Bangladesh Navy Hospital, BNS Titumir, Khalishpur, Khulna",N/A,https://doctor.bd/doctor/dr-lt-col-md-saleh-akram-ent-khulna
Dr. Lt. Col. Mir Azim Uddin,followers,Blood Disease & Hematology Specialist,"MBBS, DCP, MCPS, FCPS",Hematologist,Combined Military Hospital Dhaka,N/A,https://doctor.bd/doctor/dr-lt-col-mir-azim-uddin-hematology-dhaka
Dr. Lubna Jahan,followers,"Obstetrics, Gynaecology & Surgery Specialist","MBBS, BCS, FCPS",Gynecologist,Dhaka Medical College Hospital,N/A,https://doctor.bd/doctor/dr-lubna-jahan-gynaecology-obstetrics-dhaka
Dr. Lubna Khondker,followers,"Skin, Allergy & Sexual Disease Specialist","MBBS, MPH, DDV, MCPS, FCPS",Consultant,Bangladesh Medical University,N/A,https://doctor.bd/doctor/dr-lubna-khondker-dermatology-dhaka
Dr. Lubna Mariam,followers,Oncologist & Cancer Specialist,"MBBS, FCPS, MPhil",Associate Professor,National Institute of ENT & Hospital,N/A,https://doctor.bd/doctor/dr-lubna-mariam-oncology-dhaka
Dr. Lubna Yasmin,followers,Infertility & Reproductive Medicine Specialist,"MBBS, FCPS",Consultant,Nova Fertility Bangladesh Private,N/A,https://doctor.bd/doctor/dr-lubna-yasmin-reproductive-medicine-dhaka-2
Dr. Lubna Yasmin,followers,Infertility & Reproductive Medicine Specialist,"MBBS, FCPS",Consultant,Nova IVF Fertility (Basundhara Unit),N/A,https://doctor.bd/doctor/dr-lubna-yasmin-reproductive-medicine-dhaka
Dr. Lubna Yeasmin,followers,"Obstetrics, Gynaecology & Surgery Specialist","MBBS, DGO, FCPS",Consultant,Sylhet Womens Medical College Hospital,N/A,https://doctor.bd/doctor/dr-lubna-yeasmin-gynaecology-obstetrics-sylhet
Dr. Lucky Rahman,followers,Infertility & Reproductive Medicine Specialist,"MBBS, MCPS, FCPS",Consultant,Insaf Barakah Kidney and General Hospital,N/A,https://doctor.bd/doctor/dr-lucky-rahman-reproductive-medicine-dhaka
Dr. Luies Sourav Sarker,followers,Medicine & Diabetes Specialist,"MBBS, CCGP, CCD",Consultation Fees: 400 Taka,Caritas Khulna Region,N/A,https://doctor.bd/doctor/dr-luies-sourav-sarker-medicine-khulna
Dr. Lutfor Rahman,followers,Cardiac & Heart Surgery Specialist,"MBBS, MS",Surgeon,"Labaid Specialized Hospital, Dhanmondi",N/A,https://doctor.bd/doctor/dr-lutfor-rahman-cardiac-surgery-dhaka
Dr. Lutful Aziz,followers,Anesthesia & Pain Management Specialist,"MBBS, FCPS, PhD",Senior Consultant,Evercare Hospital Dhaka,N/A,https://doctor.bd/doctor/dr-lutful-aziz-anesthesiology-dhaka
Dr. Lutful L. Chowdhury,followers,"Gastroenterology, Liver & Digestive Disease Specialist","MBBS, MRCP, FRCP",Senior Consultant,Evercare Hospital Dhaka,N/A,https://doctor.bd/doctor/dr-lutful-l-chowdhury-gastroenterology-dhaka
Dr. Lutfun Nahar,followers,"Skin, Allergy & Sexual Disease Specialist","MBBS, PhD",Senior Consultant,"Nahar Skin & Laser Center, Gulshan",N/A,https://doctor.bd/doctor/dr-lutfun-nahar-dermatology-dhaka
Dr. Lutfun Nahar Begum,followers,Child Health & Pediatric Specialist,"MBBS, MD, FCPS",Senior Consultant,"Square Hospital, Dhaka",N/A,https://doctor.bd/doctor/dr-lutfun-nahar-begum-pediatrics-dhaka
Dr. Lutfun Nahar Begum Koli,followers,"Obstetrics, Gynaecology & Surgery Specialist","MBBS, FCPS",Associate Professor,Chattogram Medical College Hospital,N/A,https://doctor.bd/doctor/dr-lutfun-nahar-begum-koli-gynaecology-obstetrics-chattogram
Dr. Lutfun Nessa Khan,followers,"Obstetrics, Gynaecology & Surgery Specialist","MBBS, MCPS",Gynecologist,Chattogram Medical College Hospital,N/A,https://doctor.bd/doctor/dr-lutfun-nessa-khan-gynaecology-obstetrics-chattogram
Dr. M A Awal Chowdhury (Ashik),followers,"Gastroenterology, Liver & Digestive Disease Specialist","MBBS, MSc",Assistant Professor,North East Medical College Hospital,N/A,https://doctor.bd/doctor/dr-m-a-awal-chowdhury-ashik-gastroenterology-sylhet
Dr. M A B Siddique,followers,General & Laparoscopic Surgery Specialist,"MBBS, BCS, FCPS, MS",Assistant Professor,Shaheed Tajuddin Ahmad Medical College & Hospital,N/A,https://doctor.bd/doctor/dr-m-a-b-siddique-general-surgery-dhaka
Dr. M A Halim Khan,followers,"Diabetes, Hormone & Thyroid Specialist","MBBS, BCS, MD",Professor & Head,Shaheed Suhrawardy Medical College Hospital,N/A,https://doctor.bd/doctor/dr-m-a-halim-khan-endocrinology-dhaka
Dr. M A Hasnain,followers,"Cardiology, Hypertension & Heart Disease Specialist","MBBS, BCS, MD",Clinical & Interventional Cardiologist,National Institute of Cardiovascular Disease (NICVD),N/A,https://doctor.bd/doctor/dr-m-a-hasnain-cardiology-pabna
Dr. M A Kamal,followers,"ENT, Head & Neck Disease Specialist","MBBS, DLO, MCPS, FCPS",Professor & Head,Cox's Bazar Medical College Hospital,N/A,https://doctor.bd/doctor/dr-m-a-kamal-ent-coxs-bazar
Dr. M A Kashem,followers,Chest & Respiratory Disease Specialist,"MBBS, DTCD, GTCT, FCCP, FRSH",Director,"250 Bedded TB Hospital, Shyamoli, Dhaka",N/A,https://doctor.bd/doctor/dr-m-a-kashem-respiratory-medicine-dhaka
Dr. M A Mamun,followers,"Orthopedics, Trauma & Joint Surgery Specialist","MBBS, BCS, MS, FACS, FICS",Assistant Professor,National Institute of Traumatology and Orthopaedic Rehabilitation (NITOR),N/A,https://doctor.bd/doctor/dr-m-a-mamun-orthopedics-dhaka
Dr. M A Matin,followers,Child Health & Pediatric Specialist,"MBBS, MD",Professor,Kumudini Women's Medical College & Hospital,N/A,https://doctor.bd/doctor/dr-m-a-matin-pediatrics-dhaka
Dr. M A Morshed,followers,Child Health & Pediatric Specialist,"MBBS, BCS, DCH",Assistant Professor,Rangamati Medical College Hospital,N/A,https://doctor.bd/doctor/dr-m-a-morshed-pediatrics-rangamati
Dr. M A Rakib,followers,Oral & Dental Surgery Specialist,"BDS, MPH, FICD",Assistant Professor,Sylhet Central Dental College (Ex. Vice Principal),23+ Years,https://doctor.bd/doctor/dr-m-a-rakib-dentistry-sylhet
Dr. M A Zulkawsar,followers,"ENT, Head & Neck Disease Specialist","MBBS, MCPS",Senior Consultant,Ex. Dhaka Medical Collage & BSMMU(Ex. PG Hospital),23+ Years,https://doctor.bd/doctor/dr-m-a-zulkawsar-ent-dhaka
Dr. M Abdul Basit Raju,followers,Eye Disease & Surgery Specialist,"MBBS, MCPS, DO, FCPS",Consultant,Sylhet MAG Osmani Medical College Hospital,8+ Years,https://doctor.bd/doctor/dr-m-abdul-basit-raju-ophthalmology-sylhet
Dr. M Amir Hossain,followers,"Neurology, Brain & Nerve Disease Specialist","MBBS, BCS, FCPS, MD",Neurologist,Bangladesh Medical University,8+ Years,https://doctor.bd/doctor/dr-m-amir-hossain-neurology-dhaka
Dr. M B Zaman,followers,"Diabetes, Hormone & Thyroid Specialist","MBBS, MPH, CCD",Senior Medical Officer,Khulna Diabetic Hospital,N/A,https://doctor.bd/doctor/dr-m-b-zaman-endocrinology-khulna
Dr. M Fardil Hossain Faisal,followers,General & Laparoscopic Surgery Specialist,"MBBS, MCPS, MS, FACS",Assistant Professor,Shahabuddin Medical College Hospital,N/A,https://doctor.bd/doctor/dr-m-fardil-hossain-faisal-general-surgery-dhaka
Dr. M Golam Azam,followers,Liver & Hepatology Specialist,"MBBS, MD",Associate Professor,BIRDEM General Hospital,N/A,https://doctor.bd/doctor/dr-m-golam-azam-hepatology-dhaka
Dr. M H Choudhury Lelin,followers,Medicine Specialist,"MBBS, MPH",Health and Hope Hospital,Health and Hope Hospital,N/A,https://doctor.bd/doctor/dr-m-h-choudhury-lelin-medicine-dhaka
Dr. M H M Alamgir,followers,"Orthopedics, Trauma & Joint Surgery Specialist","MBBS, MS",Professor,Shaheed Suhrawardy Medical College Hospital,N/A,https://doctor.bd/doctor/dr-m-h-m-alamgir-orthopedics-dhaka
Dr. M K Azad,followers,"Diabetes, Hormone & Thyroid Specialist","MBBS, MD, DEM, MPH, MACE, FCPS",Consultant,"Sarkari Karmachari Hospital- Fulbaria, Dhaka-1000",N/A,https://doctor.bd/doctor/dr-m-k-azad-endocrinology-dhaka
Dr. M M Alam Sadi,followers,"Cardiology, Hypertension & Heart Disease Specialist","MBBS, MCPS, MD",Consultant,"Parkview Hospital, Chattogram",N/A,https://doctor.bd/doctor/dr-m-m-alam-sadi-cardiology-chattogram
Dr. M M Insan,followers,"Skin, Allergy & Sexual Disease Specialist","MBBS, DD",Associate Professor,Shaheed Suhrawardy Medical College Hospital,N/A,https://doctor.bd/doctor/dr-m-m-insan-dermatology-dhaka
Dr. M M Maruf Turjo,followers,Oral & Dental Surgery Specialist,"BDS, PGT",Consultant,"Iconic Dental Surgery, Pabna",N/A,https://doctor.bd/doctor/dr-m-m-maruf-turjo-dentistry-pabna
Dr. M M Masud Pervez Shaheen,followers,Pediatric Surgery Specialist,"MBBS, MS",Associate Professor,BIRDEM General Hospital,N/A,https://doctor.bd/doctor/dr-m-m-masud-pervez-shaheen-pediatric-surgery-dhaka
Dr. M M Mustak,followers,Oral & Dental Surgery Specialist,"BDS, PGT, MPH",Consultant,"Ibn Sina Dental Lab, Uttara",N/A,https://doctor.bd/doctor/dr-m-m-mustak-dentistry-dhaka
Dr. M M Shahidur Rahman,followers,Anesthesia & Pain Management Specialist,"MBBS, FCPS, MCPS, DA",Consultant,Bangladesh Specialized Hospital,N/A,https://doctor.bd/doctor/dr-m-m-shahidur-rahman-anesthesiology-dhaka
Dr. M M Zaman,followers,Physical Medicine & Rehabilitation Specialist,"MBBS, MACR, MAAPMR, MAARM, FCPS, FIAS",Associate Professor,Dhaka Medical College Hospital,N/A,https://doctor.bd/doctor/dr-m-m-zaman-physical-medicine-rehabilitation-dhaka
Dr. M N Alam,followers,Medicine & Diabetes Specialist,"MBBS, MPH, PGT, CCD",Consultant,MH Samorita Hospital & Medical College,N/A,https://doctor.bd/doctor/dr-m-n-alam-medicine-dhaka
Dr. M R Karim Reza,followers,"Skin, Allergy & Sexual Disease Specialist","MBBS, PGDP, MPH",Doctor,Dhaka Central International Medical College & Hospital,N/A,https://doctor.bd/doctor/dr-m-r-karim-reza-dermatology-dhaka
Dr. M S Alam (Utsha),followers,Medicine & Rheumatology Specialist,"MBBS, BCS, MACP, CCD, EDC, FCPS",Medicine Specialist,Ashulia Women and Children Hospital,N/A,https://doctor.bd/doctor/dr-m-s-alam-utsha-rheumatology-dhaka
Dr. M Saifuddin,followers,"Diabetes, Hormone & Thyroid Specialist","MBBS, BCS, MD, FRCP, FACP, FACE, FRSM",Doctor,Dhaka Medical College Hospital,N/A,https://doctor.bd/doctor/dr-m-saifuddin-endocrinology-dhaka
Dr. M Z Haque Zahir,followers,Chest & Respiratory Disease Specialist,"MBBS, BCS, DTCD, TIH",Associate Professor,Dhaka Medical College Hospital,N/A,https://doctor.bd/doctor/dr-m-z-haque-zahir-respiratory-medicine-dhaka
Dr. M. A. A. Mamun,followers,"Skin, Allergy & Sexual Disease Specialist","MBBS, DDV, FCPS",Skin Specialist,Bangladesh Medical University,N/A,https://doctor.bd/doctor/dr-m-a-a-mamun-dermatology-rajshahi
Dr. M. A. Afzal Bhuiyan,followers,Child Health & Pediatric Specialist,"MBBS, DCH, MRCP",Associate Professor,Holy Family Red Crescent Medical College Hospital,N/A,https://doctor.bd/doctor/dr-m-a-afzal-bhuiyan-pediatrics-dhaka
Dr. M. A. Alim,followers,Urology & Andrology Specialist,"MBBS, MS",Professor & Head,Sylhet MAG Osmani Medical College Hospital,N/A,https://doctor.bd/doctor/dr-m-a-alim-urology-sylhet
Dr. M. A. Awal,followers,Urology & Andrology Specialist,"MBBS, MS, FRSH",Urologist,Sir Salimullah Medical College Mitford Hospital,N/A,https://doctor.bd/doctor/dr-m-a-awal-urology-pabna
Dr. M. A. Bari,followers,Urology & Andrology Specialist,"MBBS, MS",Assistant Professor,Rajshahi Medical College Hospital,N/A,https://doctor.bd/doctor/dr-m-a-bari-urology-rajshahi
Dr. M. A. Based,followers,General & Laparoscopic Surgery Specialist,"MBBS, FCPS",Surgeon,Rangpur Medical College Hospital,N/A,https://doctor.bd/doctor/dr-m-a-based-general-surgery-rangpur
Dr. M. A. Fayshol,followers,"Orthopedics, Trauma & Joint Surgery Specialist","MBBS, D-ORTHO",Assistant Professor,Southern Medical College & Hospital,N/A,https://doctor.bd/doctor/dr-m-a-fayshol-orthopedics-chattogram
Dr. M. A. Hai,followers,Child Health & Pediatric Specialist,"MBBS, BCS, MD",Child Specialist,Rajshahi Medical College Hospital,N/A,https://doctor.bd/doctor/dr-m-a-hai-pediatrics-rajshahi
Dr. M. A. Hai,followers,Child Health & Pediatric Specialist,"MBBS, FCPS, MCPS, MD",Associate Professor,Sylhet MAG Osmani Medical College Hospital,N/A,https://doctor.bd/doctor/dr-m-a-hai-pediatrics-sylhet
Dr. M. A. Hamid,followers,"Skin, Allergy & Sexual Disease Specialist","MBBS, BCS, MD",Skin & Sexual Diseases Specialist,"Mugda Medical College Hospital, Dhaka",N/A,https://doctor.bd/doctor/dr-m-a-hamid-dermatology-dhaka
Dr. M. A. Hannan,followers,"Orthopedics, Trauma & Joint Surgery Specialist","MBBS, BCS, MS, FICS",Consultant,Sylhet MAG Osmani Medical College Hospital,N/A,https://doctor.bd/doctor/dr-m-a-hannan-orthopedics-sylhet
Dr. M. A. Hannan,followers,Medicine Specialist,"MBBS, MD",Assistant Professor,Confidence Healthcare Lab & Hospital,N/A,https://doctor.bd/doctor/dr-m-a-hannan-medicine-meherpur
Dr. M. A. Karim,followers,Eye Disease & Surgery Specialist,"MBBS, DCO, PhD",Consultant,"Chevron Eye Hospital, Chattogram",N/A,https://doctor.bd/doctor/dr-m-a-karim-ophthalmology-chattogram
Dr. M. A. Latif,followers,"Orthopedics, Trauma & Joint Surgery Specialist","MBBS, D-ORTHO, FRSH",Associate Professor,Khulna City Medical College Hospital,N/A,https://doctor.bd/doctor/dr-m-a-latif-orthopedics-khulna
Dr. M. A. Latif,followers,Eye Disease & Surgery Specialist,"MBBS, DO",Consultant,"Sylhet Diabetic Hospital, Sylhet",N/A,https://doctor.bd/doctor/dr-m-a-latif-ophthalmology-sylhet
Dr. M. A. Latif,followers,Urology & Andrology Specialist,"MBBS, BCS, MS",Associate Professor,Chattogram Medical College Hospital,N/A,https://doctor.bd/doctor/dr-m-a-latif-urology-chattogram
Dr. M. A. Maleque Khan,followers,Eye Disease & Surgery Specialist,"MBBS, FCPS",Consultant,Bangladesh Eye Hospital Khulna,N/A,https://doctor.bd/doctor/dr-m-a-maleque-khan-ophthalmology-khulna
Dr. M. A. Mannan,followers,Medicine & Rheumatology Specialist,"MBBS, FCPS",Associate Professor,Sir Salimullah Medical College Mitford Hospital,N/A,https://doctor.bd/doctor/dr-m-a-mannan-rheumatology-narayanganj
Dr. M. A. Quayum Ansari,followers,"ENT, Head & Neck Disease Specialist","MBBS, BCS, DLO, FCPS",Consultant,Sylhet Shahid Shamsuddin Ahmed District Hospital,N/A,https://doctor.bd/doctor/dr-m-a-quayum-ansari-ent-sylhet
Dr. M. A. Rahim,followers,"Cardiology, Hypertension & Heart Disease Specialist","MBBS, FCPS, MD",Consultant,Chattogram Medical College Hospital,N/A,https://doctor.bd/doctor/dr-m-a-rahim-cardiology-chattogram
Dr. M. A. Raquib,followers,Eye Disease & Surgery Specialist,"MBBS, DCO, FCPS",Consultant,Chattogram Eye Infirmary and Training Complex,N/A,https://doctor.bd/doctor/dr-m-a-raquib-ophthalmology-chattogram
Dr. M. A. Samad,followers,"Skin, Allergy & Sexual Disease Specialist","MBBS, DDV",Senior Consultant,Khulna Medical College Hospital,N/A,https://doctor.bd/doctor/dr-m-a-samad-dermatology-khulna
Dr. M. A. Shahed,followers,Oral & Dental Surgery Specialist,"BDS, PGT, MPH, LU",Consultant,Ibn Sina Hospital Sylhet,N/A,https://doctor.bd/doctor/dr-m-a-shahed-dentistry-sylhet
Dr. M. A. Wahed,followers,Eye Disease & Surgery Specialist,"MBBS, DCO",Consultant,Lions Charitable Eye Hospital,N/A,https://doctor.bd/doctor/dr-m-a-wahed-ophthalmology-chattogram
Dr. M. A. Yousuf Chowdhury,followers,Medicine & Diabetes Specialist,"MBBS, BCS, MD",Associate Professor,Chattogram Medical College Hospital,N/A,https://doctor.bd/doctor/dr-m-a-yousuf-chowdhury-medicine-chattogram
Dr. M. Abu Hena Chowdhury,followers,"Skin, Allergy & Sexual Disease Specialist","MBBS, DDV, FCPS",Associate Professor,Bangladesh Medical University,N/A,https://doctor.bd/doctor/dr-m-abu-hena-chowdhury-dermatology-dhaka
Dr. M. Ahmed Ali,followers,"Neurology, Brain & Nerve Disease Specialist","MBBS, MD",Associate Professor,Rajshahi Medical College Hospital,N/A,https://doctor.bd/doctor/dr-m-ahmed-ali-neurology-rajshahi
Dr. M. Ahmed Hossain Robin,followers,Oral & Dental Surgery Specialist,"BDS, FCPS",Professor & Head,Holy Family Red Crescent Medical College Hospital,N/A,https://doctor.bd/doctor/dr-m-ahmed-hossain-robin-dentistry-dhaka
Dr. M. Ahmed Selim,followers,"Medicine, Chest Disease, TB & Asthma Specialist","MBBS, DTCD, MD",Associate Professor,North East Medical College Hospital,N/A,https://doctor.bd/doctor/dr-m-ahmed-selim-respiratory-medicine-sylhet
Dr. M. Akhter Hossain,followers,Cardiac & Heart Surgery Specialist,"MBBS, MS",Senior Consultant,Asgar Ali Hospital,N/A,https://doctor.bd/doctor/dr-m-akhter-hossain-cardiac-surgery-dhaka
Dr. M. Ali,followers,"Orthopedics, Trauma & Joint Surgery Specialist","MBBS, MS",Senior Consultant,Evercare Hospital Dhaka,N/A,https://doctor.bd/doctor/dr-m-ali-orthopedics-dhaka
Dr. M. Ariful Islam,followers,"Orthopedics, Trauma & Joint Surgery Specialist","MBBS, BCS, MS",Assistant Professor,National Institute of Traumatology and Orthopaedic Rehabilitation (NITOR),N/A,https://doctor.bd/doctor/dr-m-ariful-islam-orthopedics-dhaka
Dr. M. Ashadullah-Al-Galib,followers,Medicine & Rheumatology Specialist,"MBBS, BCS, MACP, CCD, FCPS",Assistant Professor,Satkhira Medical College Hospital,14+ Years,https://doctor.bd/doctor/dr-m-ashadullah-al-galib-rheumatology-satkhira
Dr. M. Ashraf Ali,followers,"Diabetes, Hormone & Thyroid Specialist","MBBS, CCD, FRSH",Ex-Diabetologist,Cumilla & Khulna Diabetic Hospital,14+ Years,https://doctor.bd/doctor/dr-m-ashraf-ali-endocrinology-cumilla
Dr. M. Asraful Siddike Pathan,followers,Psychiatry & Mental Health Specialist,"MBBS, MPhil",Professor & Head,Community Based Medical College & Hospital,N/A,https://doctor.bd/doctor/dr-m-asraful-siddike-pathan-psychiatry-mymensingh
Dr. M. Delwar Hossain,followers,Eye Disease & Surgery Specialist,"MBBS, DCO, FMRF",Consultant,"Chevron Eye Hospital, Chattogram",N/A,https://doctor.bd/doctor/dr-m-delwar-hossain-ophthalmology-chattogram
Dr. M. Delwar Hossain,followers,Chest & Respiratory Disease Specialist,"MBBS, DTCD, MD",Assistant Professor,Sylhet MAG Osmani Medical College Hospital,N/A,https://doctor.bd/doctor/dr-m-delwar-hossain-respiratory-medicine-dhaka
Dr. M. Fazly Elahi Saikat,followers,Homeopathic Medicine Specialist,BHMS,Lecturer,Barguna Homeopathic Medical College and Hospital,N/A,https://doctor.bd/doctor/dr-m-fazly-elahi-saikat-homeopathy-barguna
Dr. M. G. Azam Sazzad,followers,Child Health & Pediatric Specialist,"MBBS, DCH",Assistant Professor,Brahmanbaria Medical College Hospital,N/A,https://doctor.bd/doctor/dr-m-g-azam-sazzad-pediatrics-pabna
Dr. M. G. Faruk Hossain,followers,Eye Disease & Surgery Specialist,"MBBS, MCPS, MS",Assistant Professor,Bangladesh Medical University,N/A,https://doctor.bd/doctor/dr-m-g-faruk-hossain-ophthalmology-dhaka
Dr. M. Hasan Akhtar,followers,Urology & Andrology Specialist,"MBBS, D-UROLOGY",Consultant,Parkview Medical College Hospital,N/A,https://doctor.bd/doctor/dr-m-hasan-akhtar-urology-sylhet
Dr. M. K. Sur Chowdhury,followers,"Gastroenterology, Liver & Digestive Disease Specialist","MBBS, BCS, MD",Associate Professor,Sylhet MAG Osmani Medical College Hospital,N/A,https://doctor.bd/doctor/dr-m-k-sur-chowdhury-gastroenterology-sylhet
Dr. M. Kamruzzaman Mazumder,followers,Medicine Specialist,"MBBS, MD",Associate Professor,Ibn Sina Medical College Hospital,N/A,https://doctor.bd/doctor/dr-m-kamruzzaman-mazumder-medicine-dhaka
Dr. M. Khaled Mahmud,followers,General Surgery Specialist,"MBBS, FCPS",Senior Consultant,Sylhet Shahid Shamsuddin Ahmed District Hospital,N/A,https://doctor.bd/doctor/dr-m-khaled-mahmud-general-surgery-sylhet
Dr. M. M. Abdus Shamim,followers,"Cardiology, Hypertension & Heart Disease Specialist","MBBS, MD, CCD",Assistant Professor,Gazi Medical College & Hospital,N/A,https://doctor.bd/doctor/dr-m-m-abdus-shamim-cardiology-khulna
Dr. M. M. Mojahid,followers,"Cardiology, Hypertension & Heart Disease Specialist","MBBS, BCS, MD",Consultant,Bangladesh Medical University,N/A,https://doctor.bd/doctor/dr-m-m-mojahid-cardiology-narayanganj
Dr. M. Mahbub Alam,followers,Physical Medicine & Rehabilitation Specialist,"MBBS, PhD",Consultant,Chattogram Metropolitan Hospital,N/A,https://doctor.bd/doctor/dr-m-mahbub-alam-physical-medicine-rehabilitation-chattogram
Dr. M. Mahfuzur Rahman Sagar,followers,Urology & Andrology Specialist,"MBBS, MS",Consultant,National Institute of Kidney Disease and Urology (NIKDU),N/A,https://doctor.bd/doctor/dr-m-mahfuzur-rahman-sagar-urology-dhaka
Dr. M. Mahmud Hossain,followers,Rheumatology & Arthritis Specialist,"MBBS, BCS, MD",Rheumatologist,Khulna Medical College Hospital,N/A,https://doctor.bd/doctor/dr-m-mahmud-hossain-rheumatology-khulna
Dr. M. Majumder,followers,Eye Disease & Surgery Specialist,"MBBS, MD, PhD, PGO, MAMS, FRSH",Senior Consultant,Lions Charitable Eye Hospital,N/A,https://doctor.bd/doctor/dr-m-majumder-ophthalmology-chattogram
Dr. M. Mamun Miah,followers,Cancer & Surgical Oncology Specialist,"MBBS, BCS, MS, FCPS, FACS",Junior Consultant,National Institute of Cancer Research and Hospital (NICR&H),N/A,https://doctor.bd/doctor/dr-m-mamun-miah-oncology-dhaka
Dr. M. Masum Imran,followers,"Neurology, Brain & Nerve Disease Specialist","MBBS, BCS, MD",Associate Professor,Cumilla Medical College Hospital,N/A,https://doctor.bd/doctor/dr-m-masum-imran-neurology-cumilla
Dr. M. Moniruzzaman Khan,followers,"Skin, Allergy & Sexual Disease Specialist","MBBS, DDV, MSc, DCPD",Assistant Professor,BIRDEM General Hospital,N/A,https://doctor.bd/doctor/dr-m-moniruzzaman-khan-dermatology-dhaka
Dr. M. Muinul Hafiz,followers,"ENT, Head & Neck Disease Specialist","MBBS, DAND, DLO, MS, FICS, FACS",Senior Consultant,Bangladesh Specialized Hospital,N/A,https://doctor.bd/doctor/dr-m-muinul-hafiz-ent-dhaka
Dr. M. Muniruzzaman (Hira),followers,"Orthopedics, Trauma & Joint Surgery Specialist","MBBS, MS, FACS",Assistant Professor,Patuakhali Medical College Hospital,N/A,https://doctor.bd/doctor/dr-m-muniruzzaman-hira-orthopedics-patuakhali
Dr. M. N. Alam,followers,"Skin, Allergy & Sexual Disease Specialist","MBBS, DDV, FRSH",Associate Professor,Shahabuddin Medical College Hospital,N/A,https://doctor.bd/doctor/dr-m-n-alam-dermatology-dhaka
Dr. M. Quamrul Hassan,followers,Child Health & Pediatric Specialist,"MBBS, FCPS",Senior Consultant,Evercare Hospital Dhaka,N/A,https://doctor.bd/doctor/dr-m-quamrul-hassan-pediatrics-dhaka
Dr. M. R. Siddiqui (Mamun),followers,"Skin, Allergy & Sexual Disease Specialist","MBBS, DDV, FCPS",Consultant,"Shaheed Ziaur Rahman Medical College Hospital, Bogura",N/A,https://doctor.bd/doctor/dr-m-r-siddiqui-mamun-dermatology-bogura
Dr. M. S. Newaz,followers,"Skin, Allergy & Sexual Disease Specialist","MBBS, DD",Consultant,"250 Bedded General Hospital, Pabna",N/A,https://doctor.bd/doctor/dr-m-s-newaz-dermatology-pabna
Dr. M. Saleh Uddin,followers,"Cardiology, Hypertension & Heart Disease Specialist","MBBS, MCPS, MD, FICC, FCSI, FACP, FISC, FCCP",Professor & Head,Sher-e-bangla Medical College Hospital,N/A,https://doctor.bd/doctor/dr-m-saleh-uddin-cardiology-dhaka
Dr. M. Saleh Uddin Siddique Ujjal,followers,"Cardiology, Hypertension & Heart Disease Specialist","MBBS, MD, D-CARD",Assistant Professor,Chattogram Medical College Hospital,N/A,https://doctor.bd/doctor/dr-m-saleh-uddin-siddique-ujjal-cardiology-chattogram
Dr. M. Shahriyar Porosh,followers,Oral & Dental Surgery Specialist,"BDS, PGT",Dentist,Rajshahi Medical Assistant Training School,N/A,https://doctor.bd/doctor/dr-m-shahriyar-porosh-dentistry-rajshahi
Dr. M. Sharif Uddin Liton,followers,"Orthopedics, Trauma & Joint Surgery Specialist","MBBS, BCS, D-ORTHO, FACS, FIPM",Consultant,Islami Bank Hospital Rajshahi,N/A,https://doctor.bd/doctor/dr-m-sharif-uddin-liton-orthopedics-rajshahi
Dr. M. Shariful Islam Rumen,followers,"ENT, Head & Neck Disease Specialist","MBBS, BCS, FCPS, FICS",Assistant Professor,Sher-e-bangla Medical College Hospital,N/A,https://doctor.bd/doctor/dr-m-shariful-islam-rumen-ent-barishal
Dr. M. Wahiduzzaman,followers,Medicine & Diabetes Specialist,"MBBS, MRCP, FCPS",Consultant,BIRDEM General Hospital,N/A,https://doctor.bd/doctor/dr-m-wahiduzzaman-medicine-dhaka
Dr. M. Zahid Hasan,followers,Urology & Andrology Specialist,"MBBS, MS",Senior Consultant,Evercare Hospital Dhaka,N/A,https://doctor.bd/doctor/dr-m-zahid-hasan-urology-dhaka
Dr. M. Ziaul Karim,followers,Eye Disease & Surgery Specialist,"MBBS, DO, FCPS",Consultant,Harun Eye Foundation Hospital,N/A,https://doctor.bd/doctor/dr-m-ziaul-karim-ophthalmology-dhaka
Dr. M.A Hakim,followers,Child Health & Pediatric Specialist,"MBBS, BCS, DCH, MD",Consultant,Rangpur Medical College Hospital,N/A,https://doctor.bd/doctor/dr-ma-hakim-pediatrics-rangpur
Dr. M.A Mannan,followers,"ENT, Head & Neck Disease Specialist","MBBS, DLO",Consultant,"250 Bedded General Hospital, Kushtia",N/A,https://doctor.bd/doctor/dr-ma-mannan-ent-kushtia
Dr. M.A. Awal Sohail,followers,General & Laparoscopic Surgery Specialist,"MBBS, BCS, FCPS",Senior Consultant,Cumilla Medical College Hospital,N/A,https://doctor.bd/doctor/dr-ma-awal-sohail-general-surgery-cumilla
Dr. M.A. Hamid (Palash),followers,"Plastic, Burn & Reconstructive Surgery Specialist","MBBS, BCS, FCPS",Associate Professor,"National Institute of Burn and Plastic Surgery, Dhaka",N/A,https://doctor.bd/doctor/dr-ma-hamid-palash-plastic-surgery-dhaka
Dr. M.A. Malek Murad,followers,"Orthopedics, Trauma & Joint Surgery Specialist","MBBS, MS",Associate Professor,Ad-Din Medical College & Hospital,N/A,https://doctor.bd/doctor/dr-ma-malek-murad-orthopedics-narayanganj
Dr. M.A. Mazed,followers,Physical Medicine & Rehabilitation Specialist,"MBBS, FCPS",Consultant,National Hospital Chattogram,N/A,https://doctor.bd/doctor/dr-ma-mazed-physical-medicine-rehabilitation-chattogram
Dr. M.A. Monayem,followers,Oral & Dental Surgery Specialist,"BDS, PGT",Chief Consultant,"Modern Dental Surgery & Implant Centre, Golapganj",16+ Years,https://doctor.bd/doctor/dr-ma-monayem-dentistry-sylhet
Dr. M.A. Quddus,followers,Pediatric Neurology Specialist,"MBBS, BCS, MD",Assistant Professor,Habiganj Medical College & Hospital,7+ Years,https://doctor.bd/doctor/dr-ma-quddus-pediatrics-habiganj
Dr. M.A. Quyyum Fuad,followers,Child Health & Pediatric Specialist,"MBBS, DCH",Assistant Professor,Medical College for Women & Hospital,7+ Years,https://doctor.bd/doctor/dr-ma-quyyum-fuad-pediatrics-dhaka
Dr. M.A. Sobuj Hayat,followers,"Cardiology, Hypertension & Heart Disease Specialist","MBBS, BCS, D-CARD, CCD",Registrar,Rajshahi Medical College Hospital,N/A,https://doctor.bd/doctor/dr-ma-sobuj-hayat-cardiology-rajshahi
Dr. M.A.K. Shams Uddin Mintu,followers,"Orthopedics, Trauma & Joint Surgery Specialist","MBBS, D-ORTHO",Professor & Head,Rajshahi Medical College Hospital,N/A,https://doctor.bd/doctor/dr-mak-shams-uddin-mintu-orthopedics-rajshahi
Dr. M.E. Jahid,followers,"Gastroenterology, Liver & Digestive Disease Specialist","MBBS, DSM, FRSH, MCCP, AST",Consultant,Islami Bank Specialised General Hospital Nayapaltan,N/A,https://doctor.bd/doctor/dr-me-jahid-gastroenterology-dhaka
Dr. M.H. Shaheel Mahmood,followers,"ENT, Head & Neck Disease Specialist","MBBS, FCPS, MS",Senior Consultant,"Square Hospital, Dhaka",N/A,https://doctor.bd/doctor/dr-mh-shaheel-mahmood-ent-dhaka
Dr. M.K. Shafi,followers,"ENT, Head & Neck Disease Specialist","MBBS, BCS, DLO",Consultant,Mymensingh Medical College Hospital,N/A,https://doctor.bd/doctor/dr-mk-shafi-ent-mymensingh
Dr. M.K. Zaman,followers,Medicine & Diabetes Specialist,"MBBS, FMD, CCD",Consultant,Sher-e-bangla Medical College Hospital,N/A,https://doctor.bd/doctor/dr-mk-zaman-medicine-barishal
Dr. M.K.M Daulatullah,followers,"ENT, Head & Neck Disease Specialist","MBBS, FCPS, MCPS",Consultant,Dhaka Medical College Hospital,N/A,https://doctor.bd/doctor/dr-mkm-daulatullah-ent-dhaka
Dr. M.M. Jayed Hossain Chowdhury,followers,Anesthesia & Pain Management Specialist,"MBBS, DA, FCPS",Consultant,"Square Hospital, Dhaka",N/A,https://doctor.bd/doctor/dr-mm-jayed-hossain-chowdhury-anesthesiology-dhaka
Dr. M.M. Nashir Uddin,followers,Medicine Specialist,"MBBS, BCS, FCPS",Junior Consultant,Sirajganj Medical College & Hospital,12+ Years,https://doctor.bd/doctor/dr-mm-nashir-uddin-medicine-sirajganj
Dr. M.M.H. Monir,followers,Eye Disease & Surgery Specialist,"MBBS, BCS, MCPS, MS",Assistant Professor,National Institute of Ophthalmology & Hospital,12+ Years,https://doctor.bd/doctor/dr-mmh-monir-ophthalmology-dhaka
Dr. M.S. Alam,followers,Medicine & Rheumatology Specialist,"MBBS, BCS, MACP, EVC, CCD, FCPS",Consultant,Dhaka Medical College Hospital,N/A,https://doctor.bd/doctor/dr-ms-alam-rheumatology-dhaka
Dr. M.S. Haider Rushni,followers,Kidney & Nephrology Specialist,"MBBS, MD",Assistant Professor,Chattogram Medical College Hospital,N/A,https://doctor.bd/doctor/dr-ms-haider-rushni-nephrology-chattogram
Dr. M.S. Jahirul Haque Chowdhury,followers,"Neurology, Brain & Nerve Disease Specialist","MBBS, BCS, CCD, MD, MACP",Associate Professor,National Institute of Neurosciences & Hospital,N/A,https://doctor.bd/doctor/dr-ms-jahirul-haque-chowdhury-neurology-dhaka
Dr. M.S. Kabir Jewel,followers,Psychiatry & Mental Health Specialist,"MBBS, BCS, MPhil, MD",Professor & Head,Sir Salimullah Medical College Mitford Hospital,N/A,https://doctor.bd/doctor/dr-ms-kabir-jewel-psychiatry-dhaka
Dr. M.S. Khaled,followers,Child Health & Pediatric Specialist,"MBBS, DCH, MD, FCCP",Associate Professor,National Institute of Diseases of the Chest & Hospital (NIDCH),N/A,https://doctor.bd/doctor/dr-ms-khaled-pediatrics-dhaka
Dr. M.S. Rahman Shameem,followers,"ENT, Head & Neck Disease Specialist","MBBS, DLO, FCPS",Associate Professor,Sylhet MAG Osmani Medical College Hospital,N/A,https://doctor.bd/doctor/dr-ms-rahman-shameem-ent-sylhet
Dr. M.S. Rahman Sumon,followers,General & Laparoscopic Surgery Specialist,"MBBS, BCS, FCPS",Junior Consultant,Sher-e-bangla Medical College Hospital,N/A,https://doctor.bd/doctor/dr-ms-rahman-sumon-general-surgery-barishal
Dr. M.S.I. Shovon,followers,Homeopathic Medicine Specialist,BHMS,House Physician,Government Homeopathic Medical College & Hospital,N/A,https://doctor.bd/doctor/dr-msi-shovon-homeopathy-dhaka
Dr. M.U.M. Rezwanun Nayem,followers,Homeopathic Medicine Specialist,"BHMS, MS, MPhil, CMI, CMU",Private Practitioner,Shefa Homeo Pharmacy and Doctor's Chamber,N/A,https://doctor.bd/doctor/dr-mum-rezwanun-nayem-homeopathy-dhaka
Dr. Madhusudan Saha,followers,Physical Medicine & Rehabilitation Specialist,"MBBS, BCS, FCPS",Consultant,Shaheed Shaikh Abu-Naser Specialized Hospital,N/A,https://doctor.bd/doctor/dr-madhusudan-saha-physical-medicine-rehabilitation-khulna
Dr. Mafruha Afrin,followers,Eye Disease & Surgery Specialist,"MBBS, MCPS, FICO, FCPS, FRCS, CCD",Medical Officer,BIRDEM General Hospital,N/A,https://doctor.bd/doctor/dr-mafruha-afrin-ophthalmology-dhaka
Dr. Mafruha Akter,followers,Blood Disease & Hematology Specialist,"MBBS, FCPS",Associate Professor,Dhaka Medical College Hospital,N/A,https://doctor.bd/doctor/dr-mafruha-akter-hematology-dhaka
Dr. Mafruha Jahan,followers,"Obstetrics, Gynaecology & Surgery Specialist","MBBS, BCS, FCPS",Senior Consultant,"Shaheed Ziaur Rahman Medical College Hospital, Bogura",N/A,https://doctor.bd/doctor/dr-mafruha-jahan-gynaecology-obstetrics-bogura
Dr. Mafruha Khanam Porag,followers,"Obstetrics, Gynaecology & Surgery Specialist","MBBS, MCPS, MS",Professor & Head,"Bangabandhu Memorial Hospital, USTC, Chattogram",N/A,https://doctor.bd/doctor/dr-mafruha-khanam-porag-gynaecology-obstetrics-chattogram
Dr. Maftahul Jannat Mou,followers,Oral & Dental Surgery Specialist,"BDS, PGT",MS Resident,Bangladesh Medical University,N/A,https://doctor.bd/doctor/dr-maftahul-jannat-mou-dentistry-dhaka
Dr. Mahabuba Shaki,followers,"Obstetrics, Gynaecology & Surgery Specialist","MBBS, BCS, FCPS",Assistant Professor,Sher-e-bangla Medical College Hospital,N/A,https://doctor.bd/doctor/dr-mahabuba-shaki-gynaecology-obstetrics-barishal
Dr. Mahabur Rahman Sarker,followers,Pediatric Surgery Specialist,"MBBS, MS",Associate Professor,"Shaheed Ziaur Rahman Medical College Hospital, Bogura",N/A,https://doctor.bd/doctor/dr-mahabur-rahman-sarker-pediatric-surgery-bogura
Dr. Mahamud Adnan Himel,followers,Eye Disease & Surgery Specialist,"MBBS, BCS, D-OPHTH",Assistant Professor,"National Institute of Ophthalmology & Hospital, Dhaka",10+ Years,https://doctor.bd/doctor/dr-mahamud-adnan-himel-ophthalmology-dhaka
Dr. Mahamud Riyad Foysal,followers,General & Laparoscopic Surgery Specialist,"MBBS, FCPS, MRCS",Associate Professor,Popular Medical College & Hospital,10+ Years,https://doctor.bd/doctor/dr-mahamud-riyad-foysal-general-surgery-dhaka
Dr. Mahamudur Rahaman,followers,"Orthopedics, Trauma & Joint Surgery Specialist","MBBS, BCS, MS",Assistant Professor,Chattogram Medical College Hospital,N/A,https://doctor.bd/doctor/dr-mahamudur-rahaman-orthopedics-chattogram
Dr. Mahboob Morshed,followers,"Cardiology, Hypertension & Heart Disease Specialist","MBBS, MD",Assistant Professor,Shaheed Suhrawardy Medical College Hospital,N/A,https://doctor.bd/doctor/dr-mahboob-morshed-cardiology-dhaka
Dr. Mahboob Mustafa Zaman,followers,Medicine Specialist,"MBBS, MRCP, FCPS",Consultant,"BRB Hospital, Dhaka",N/A,https://doctor.bd/doctor/dr-mahboob-mustafa-zaman-medicine-dhaka
Dr. Mahbub Alam Jibon,followers,"Cardiology, Hypertension & Heart Disease Specialist","MBBS, BCS, MD",Consultant,Ibn Sina Hospital Sylhet,N/A,https://doctor.bd/doctor/dr-mahbub-alam-jibon-cardiology-sylhet
Dr. Mahbub Alam Majumder,followers,Kidney & Nephrology Specialist,"MBBS, FCPS, MD",Consultant,Dhaka Pain Physiotherapy & Rehabilitation Center(Dprc),N/A,https://doctor.bd/doctor/dr-mahbub-alam-majumder-nephrology-dhaka
Dr. Mahbub Ara Chowdhury Shiuly,followers,"Obstetrics, Gynaecology & Surgery Specialist","MBBS, DGO",Assistant Professor,Rajshahi Medical College Hospital,N/A,https://doctor.bd/doctor/dr-mahbub-ara-chowdhury-shiuly-gynaecology-obstetrics-rajshahi
Dr. Mahbub Hasan,followers,"Plastic, Burn & Reconstructive Surgery Specialist","MBBS, FCPS, MRCS",Assistant Professor,Dhaka Medical College Hospital,N/A,https://doctor.bd/doctor/dr-mahbub-hasan-plastic-surgery-dhaka
Dr. Mahbub Hasan (Babu),followers,Medicine Specialist,"MBBS, BCS, FCPS",Consultant,"300 Bedded Hospital, Narayanganj",N/A,https://doctor.bd/doctor/dr-mahbub-hasan-babu-medicine-narayanganj
Dr. Mahbub Ibn Momen (Jony),followers,General & Laparoscopic Surgery Specialist,"MBBS, BCS, FCPS",Consultant,Cumilla Medical College Hospital,N/A,https://doctor.bd/doctor/dr-mahbub-ibn-momen-jony-general-surgery-cumilla
Dr. Mahbub Mansur,followers,"Cardiology, Hypertension & Heart Disease Specialist","MBBS, MD",Senior Consultant,"Square Hospital, Dhaka",N/A,https://doctor.bd/doctor/dr-mahbub-mansur-cardiology-dhaka
Dr. Mahbuba Akhtar,followers,"Diabetes, Hormone & Thyroid Specialist","MBBS, PGT, DLP",Diabetes Specialist,Chattogram Diabetic General Hospital,N/A,https://doctor.bd/doctor/dr-mahbuba-akhtar-endocrinology-chattogram
Dr. Mahbuba Akhter,followers,"Obstetrics, Gynaecology & Surgery Specialist","MBBS, FCPS",Associate Professor,City Medical College & Hospital,N/A,https://doctor.bd/doctor/dr-mahbuba-akhter-gynaecology-obstetrics-dhaka
Dr. Mahbuba Akhter Tania,followers,Oncologist & Cancer Specialist,"MBBS, MD, BCS",Assistant Professor,National Institute of Cancer Research and Hospital (NICR&H),15+ Years,https://doctor.bd/doctor/dr-mahbuba-akhter-tania-oncology-dhaka
Dr. Mahbuba Akter,followers,Child Health & Pediatric Specialist,"MBBS, BCS, FCPS",Child Specialist,Bangladesh Medical University,15+ Years,https://doctor.bd/doctor/dr-mahbuba-akter-pediatrics-dhaka
Dr. Mahbuba Begum,followers,General & Laparoscopic Surgery Specialist,"MBBS, FCPS",Professor,Medical College for Women & Hospital,N/A,https://doctor.bd/doctor/dr-mahbuba-begum-general-surgery-dhaka
Dr. Mahbuba Hossen Shawon,followers,Oral & Dental Surgery Specialist,BDS,Medical Officer,Community Based Medical College & Hospital,N/A,https://doctor.bd/doctor/dr-mahbuba-hossen-shawon-dentistry-mymensingh
Dr. Mahbuba Khan,followers,"Obstetrics, Gynaecology & Surgery Specialist","MBBS, FCPS",Gynecologist,Medical College for Women & Hospital,N/A,https://doctor.bd/doctor/dr-mahbuba-khan-gynaecology-obstetrics-dhaka
Dr. Mahbuba Khatun,followers,General & Laparoscopic Surgery Specialist,"MBBS, BCS, FCPS, MS",Consultant,Bangladesh Medical University,N/A,https://doctor.bd/doctor/dr-mahbuba-khatun-general-surgery-narayanganj
Dr. Mahbuba Nargis,followers,"Obstetrics, Gynaecology & Surgery Specialist","MBBS, FCPS, MCPS, DGO, MPH",Gynecologist,Bangladesh Specialized Hospital,N/A,https://doctor.bd/doctor/dr-mahbuba-nargis-gynaecology-obstetrics-dhaka
Dr. Mahbuba Sharmin,followers,Blood Disease & Hematology Specialist,"MBBS, MD, MPH, FCPS",Hematologist,Bangladesh Medical University,N/A,https://doctor.bd/doctor/dr-mahbuba-sharmin-hematology-dhaka
Dr. Mahbubor Rahman,followers,"Cardiology, Hypertension & Heart Disease Specialist","MBBS, MCPS, MEd, MD, FACC, FSCAI, FRCP",Cardiologist,"Labaid Specialized Hospital, Dhanmondi",N/A,https://doctor.bd/doctor/dr-mahbubor-rahman-cardiology-dhaka
Dr. Mahbubul Islam,followers,Chest & Respiratory Disease Specialist,"MBBS, DTCD, MSc, FCCP",Associate Professor,Shaheed Suhrawardy Medical College Hospital,N/A,https://doctor.bd/doctor/dr-mahbubul-islam-respiratory-medicine-dhaka
Dr. Mahbubur Rahman Chowdhury,followers,Eye Disease & Surgery Specialist,"MBBS, FCPS",Founder,Bangladesh Eye Hospital & Institute,N/A,https://doctor.bd/doctor/dr-mahbubur-rahman-chowdhury-ophthalmology-dhaka
Dr. Mahbubur Rahman Mahbub,followers,Chest & Respiratory Disease Specialist,"MBBS, DTCD, FCPS",Chest Specialist,Bangladesh Medical University,N/A,https://doctor.bd/doctor/dr-mahbubur-rahman-mahbub-respiratory-medicine-dhaka
Dr. Mahbubur Rahman Shahin,followers,Eye Disease & Surgery Specialist,"MBBS, DO",Assistant Professor,President Abdul Hamid Medical College & Hospital,N/A,https://doctor.bd/doctor/dr-mahbubur-rahman-shahin-ophthalmology-dhaka
Dr. Mahbubur Rashid,followers,"Skin, Allergy & Sexual Disease Specialist","MBBS, DDV",Associate Professor,North East Medical College Hospital,N/A,https://doctor.bd/doctor/dr-mahbubur-rashid-dermatology-sylhet
Dr. Mahedi Hasan,followers,"Gastroenterology, Liver & Digestive Disease Specialist","MBBS, MD, MRCPS, MACP, MACG",Consultant,Central Police Hospital,15+ Years,https://doctor.bd/doctor/dr-mahedi-hasan-gastroenterology-dhaka
Dr. Mahedy Abu Talha,followers,Medicine & Diabetes Specialist,"MBBS, DOC, CCD",Medical Officer,"Bangladesh Gas Fields Company, Brahmanbaria",N/A,https://doctor.bd/doctor/dr-mahedy-abu-talha-medicine-brahmanbaria
Dr. Mahfuja Ferdous,followers,"Obstetrics, Gynaecology & Surgery Specialist","MBBS, DGO",Consultant,Islami Bank Hospital Khulna,N/A,https://doctor.bd/doctor/dr-mahfuja-ferdous-gynaecology-obstetrics-khulna
Dr. Mahfujul Ahmed Riad,followers,Oncologist & Cancer Specialist,"MBBS, FCPS",Assistant Professor,Enam Medical College & Hospital,N/A,https://doctor.bd/doctor/dr-mahfujul-ahmed-riad-oncology-dhaka
Dr. Mahfujul Quader,followers,"Brain, Nerve & Spine Surgery Specialist","MBBS, BCS, MS",Associate Professor,Chattogram Medical College Hospital,N/A,https://doctor.bd/doctor/dr-mahfujul-quader-neurosurgery-chattogram
Dr. Mahfujur Rahman (Emon),followers,General & Laparoscopic Surgery Specialist,"MBBS, MS",Assistant Professor,Central Medical College Hospital,10+ Years,https://doctor.bd/doctor/dr-mahfujur-rahman-emon-general-surgery-cumilla
Dr. Mahfuz Ara Begum,followers,"Obstetrics, Gynaecology & Surgery Specialist","MBBS, FCPS, MS, DGO, MCPS",Associate Professor,Dhaka Medical College Hospital,10+ Years,https://doctor.bd/doctor/dr-mahfuz-ara-begum-gynaecology-obstetrics-dhaka
Dr. Mahfuza Akhter,followers,"Gastroenterology, Liver & Digestive Disease Specialist","MBBS, BCS, FCPS",Assistant Professor,"Mugda Medical College Hospital, Dhaka",N/A,https://doctor.bd/doctor/dr-mahfuza-akhter-gastroenterology-dhaka
Dr. Mahfuza Akter,followers,"Skin, Allergy & Sexual Disease Specialist","MBBS, DDV",Associate Professor,Shaheed Suhrawardy Medical College Hospital,N/A,https://doctor.bd/doctor/dr-mahfuza-akter-dermatology-dhaka
Dr. Mahfuzul Kabir,followers,Pediatric Surgery Specialist,"MBBS, MS",Professor & Head,Chattogram Medical College Hospital,N/A,https://doctor.bd/doctor/dr-mahfuzul-kabir-pediatric-surgery-chattogram
Dr. Mahfuzur Rahman,followers,Physical Medicine & Rehabilitation Specialist,"MBBS, FCPS, CCD, FDPC",Assistant Professor,Marine City Medical College & Hospital,N/A,https://doctor.bd/doctor/dr-mahfuzur-rahman-physical-medicine-rehabilitation-chattogram
Dr. Mahfuzur Rahman,followers,"Cardiology, Hypertension & Heart Disease Specialist","MBBS, BCS, MD, MACP, CCD, FESC",Associate Professor,Chattogram Medical College Hospital,N/A,https://doctor.bd/doctor/dr-mahfuzur-rahman-cardiology-chattogram
Dr. Mahmood Al-Farabi,followers,Child Health & Pediatric Specialist,"MBBS, BCS, DCH",Consultant,Chattogram Maa-O-Shishu Hospital Medical College,N/A,https://doctor.bd/doctor/dr-mahmood-al-farabi-pediatrics-chattogram
Dr. Mahmood Hasan Khan,followers,"Cardiology, Hypertension & Heart Disease Specialist","MBBS, MD",Cardiologist,Universal Medical College & Hospital,N/A,https://doctor.bd/doctor/dr-mahmood-hasan-khan-cardiology-dhaka
Dr. Mahmud Chowdhury,followers,"Skin, Allergy & Sexual Disease Specialist","MBBS, DDV, MCPS, FCPS",Skin Specialist,Bangladesh Specialized Hospital,N/A,https://doctor.bd/doctor/dr-mahmud-chowdhury-dermatology-dhaka
Dr. Mahmud Ekram Ullah,followers,General & Laparoscopic Surgery Specialist,"MBBS, MRCS, FCPS",Assistant Professor,BIRDEM General Hospital,N/A,https://doctor.bd/doctor/dr-mahmud-ekram-ullah-general-surgery-dhaka
Dr. Mahmud H. Ibrahim,followers,Medicine Specialist,"MBBS, BCS, MACP, FCPS",Registrar,Khulna Medical College Hospital,N/A,https://doctor.bd/doctor/dr-mahmud-h-ibrahim-medicine-khulna
Dr. Mahmud Hassan Arif,followers,Medicine Specialist,"MBBS, BCS, FCPS",Consultant,Chattogram Medical College Hospital,N/A,https://doctor.bd/doctor/dr-mahmud-hassan-arif-medicine-chattogram
Dr. Mahmud Hossain Nasim,followers,"Cardiology, Hypertension & Heart Disease Specialist","MBBS, MD, CCD",Consultant,Mymensingh Medical College Hospital,N/A,https://doctor.bd/doctor/dr-mahmud-hossain-nasim-cardiology-mymensingh
Dr. Mahmud Javed Hasan,followers,Kidney & Nephrology Specialist,"MBBS, MD, MACP",Professor & Head,"Community Based Medical College & Hospital, Mymensingh",N/A,https://doctor.bd/doctor/dr-mahmud-javed-hasan-nephrology-mymensingh
Dr. Mahmud Masum Attar,followers,Chest & Respiratory Disease Specialist,"MBBS, DTCD",Assistant Professor,National Institute of Diseases of the Chest & Hospital (NIDCH),N/A,https://doctor.bd/doctor/dr-mahmud-masum-attar-respiratory-medicine-dhaka
Dr. Mahmud Rahim,followers,Chest & Respiratory Disease Specialist,"MBBS, MD",Associate Professor,National Institute of Diseases of the Chest & Hospital (NIDCH),N/A,https://doctor.bd/doctor/dr-mahmud-rahim-respiratory-medicine-dhaka
Dr. Mahmud Ul Alam Mondal (Saikat),followers,Urology & Andrology Specialist,"MBBS, BCS, MS",Assistant Professor,Rangpur Medical College Hospital,N/A,https://doctor.bd/doctor/dr-mahmud-ul-alam-mondal-saikat-urology-rangpur
Dr. Mahmud Ullah Mahin,followers,"Orthopedics, Trauma & Joint Surgery Specialist","MBBS, BCS, MS",Consultant,Barishal General Hospital,N/A,https://doctor.bd/doctor/dr-mahmud-ullah-mahin-orthopedics-barishal
Dr. Mahmuda Begum,followers,Child Health & Pediatric Specialist,"MBBS, BCS, FCPS, MD",Child Specialist,Dhaka Shishu Hospital,N/A,https://doctor.bd/doctor/dr-mahmuda-begum-pediatrics-dhaka
Dr. Mahmuda Zaman,followers,Pediatric Blood Disease Specialist,"MBBS, FCPS",Consultant,"Square Hospital, Dhaka",N/A,https://doctor.bd/doctor/dr-mahmuda-zaman-pediatrics-dhaka
Dr. Mahmudul Hasan,followers,Urology & Andrology Specialist,"MBBS, MS, FCPS",Consultant,National Institute of Kidney Disease and Urology (NIKDU),10+ Years,https://doctor.bd/doctor/dr-mahmudul-hasan-urology-dhaka
Dr. Mahmudul Hasan Mithun,followers,Oral & Dental Surgery Specialist,"BDS, MS, EX-BCS, FCPS",Assistant Professor,Bangladesh Medical University,10+ Years,https://doctor.bd/doctor/dr-mahmudul-hasan-mithun-dentistry-dhaka
Dr. Mahmudul Hassan Banna,followers,Chest & Respiratory Disease Specialist,"MBBS, BCS, DTCD, CCD, FCCP",Assistant Professor,Sher-e-bangla Medical College Hospital,N/A,https://doctor.bd/doctor/dr-mahmudul-hassan-banna-respiratory-medicine-barishal
Dr. Mahmudul Hossain,followers,"Diabetes, Hormone & Thyroid Specialist","MBBS, BCS, MD",Consultant,"Kurmitola General Hospital, Dhaka",N/A,https://doctor.bd/doctor/dr-mahmudul-hossain-endocrinology-dhaka
Dr. Mahmudul Islam,followers,"Neurology, Brain & Nerve Disease Specialist","MBBS, MD",Associate Professor,National Institute of Neurosciences & Hospital,N/A,https://doctor.bd/doctor/dr-mahmudul-islam-neurology-dhaka
Dr. Mahmudur Rahman,followers,"Skin, Allergy & Sexual Disease Specialist","MBBS, DDV",Doctor,Holy Family Red Crescent Medical College Hospital,N/A,https://doctor.bd/doctor/dr-mahmudur-rahman-dermatology-dhaka
Dr. Mahmudur Rahman,followers,"ENT, Head & Neck Disease Specialist","MBBS, DLO",ENT Specialist,Chattogram Medical College Hospital,N/A,https://doctor.bd/doctor/dr-mahmudur-rahman-ent-chattogram
Dr. Mahmudur Rahman Mihi,followers,"Skin, Allergy & Sexual Disease Specialist","MBBS, DDV",Skin Specialist,Holy Family Red Crescent Medical College Hospital,N/A,https://doctor.bd/doctor/dr-mahmudur-rahman-mihi-dermatology-dhaka
Dr. Mahmudur Rashid Palash,followers,Child Health & Pediatric Specialist,"MBBS, BCS, PGT, PGPN",Consultant,"250 Bedded General Hospital, Pabna",N/A,https://doctor.bd/doctor/dr-mahmudur-rashid-palash-pediatrics-pabna
Dr. Mahnaz Syed,followers,"Obstetrics, Gynaecology & Surgery Specialist","MBBS, MS",Lecturer,Sylhet MAG Osmani Medical College Hospital,N/A,https://doctor.bd/doctor/dr-mahnaz-syed-gynaecology-obstetrics-sylhet
Dr. Mahzabin Naz,followers,"Obstetrics, Gynaecology & Surgery Specialist","MBBS, FCPS, DGO, MRCOG, PGT",Associate Professor,East- West Medical College & Hospital,N/A,https://doctor.bd/doctor/dr-mahzabin-naz-gynaecology-obstetrics-dhaka
Dr. Maidul Islam,followers,"ENT, Head & Neck Disease Specialist","MBBS, BCS, DLO",Consultant,"250 Bedded General Hospital, Pabna",N/A,https://doctor.bd/doctor/dr-maidul-islam-ent-pabna
Dr. Maimuna Sultana,followers,Medicine & Cardiology Specialist,"MBBS, BCS, FCPS, MD, CCD",Consultant,"Kurmitola General Hospital, Dhaka",N/A,https://doctor.bd/doctor/dr-maimuna-sultana-cardiology-dhaka
Dr. Mainuddin Ahmed,followers,Blood Disease & Hematology Specialist,"MBBS, MCPS, FCPS",Head of the Dept.,Rajshahi Medical College Hospital,N/A,https://doctor.bd/doctor/dr-mainuddin-ahmed-hematology-rajshahi
Dr. Mainul Hasan Sohel,followers,"Orthopedics, Trauma & Joint Surgery Specialist","MBBS, D-ORTHO",Assistant Professor,Central Medical College Hospital,N/A,https://doctor.bd/doctor/dr-mainul-hasan-sohel-orthopedics-cumilla
Dr. Major S. M. Ashek Uddin Bhuiyan,followers,Psychiatry & Mental Health Specialist,"MBBS, FCPS",Classified Specialist & Head,Combined Military Hospital Chattogram,N/A,https://doctor.bd/doctor/dr-major-s-m-ashek-uddin-bhuiyan-psychiatry-chattogram
Dr. Major Zeena Salwa,followers,Pediatric Neurology Specialist,"MBBS, DCH, FCPS",Consultant,"Square Hospital, Dhaka",N/A,https://doctor.bd/doctor/dr-major-zeena-salwa-pediatrics-dhaka
Dr. Maksud Ahmad,followers,Chest & Respiratory Disease Specialist,"MBBS, DTCD",Chest Specialist,National Institute of Diseases of the Chest & Hospital (NIDCH),N/A,https://doctor.bd/doctor/dr-maksud-ahmad-respiratory-medicine-dhaka
Dr. Maksuda Parvin Shikha,followers,"Obstetrics, Gynaecology & Surgery Specialist","MBBS, BCS, FCPS",Consultant,Bangladesh Medical University,N/A,https://doctor.bd/doctor/dr-maksuda-parvin-shikha-gynaecology-obstetrics-dhaka
Dr. Malay Kumar Saha,followers,"Orthopedics, Trauma & Joint Surgery Specialist","MBBS, D-ORTHO, MS",Associate Professor,Mymensingh Medical College Hospital,N/A,https://doctor.bd/doctor/dr-malay-kumar-saha-orthopedics-mymensingh
Dr. Mamun Ibn Amin,followers,"ENT, Head & Neck Disease Specialist","MBBS, DLO",Consultant,"General Hospital, Chattogram",N/A,https://doctor.bd/doctor/dr-mamun-ibn-amin-ent-chattogram
Dr. Mamun Ibn Munim,followers,General & Laparoscopic Surgery Specialist,"MBBS, MS",Assistant Professor,North East Medical College Hospital,N/A,https://doctor.bd/doctor/dr-mamun-ibn-munim-general-surgery-sylhet
Dr. Mamun Ur Rashid,followers,"Diabetes, Hormone & Thyroid Specialist","MBBS, BCS, DEM",Medical Officer,Mymensingh Medical College Hospital,N/A,https://doctor.bd/doctor/dr-mamun-ur-rashid-endocrinology-mymensingh
Dr. Mamunul Hoque Mamun,followers,"Skin, Allergy & Sexual Disease Specialist","MBBS, DDV",Medical Officer,Chattogram Medical College Hospital,N/A,https://doctor.bd/doctor/dr-mamunul-hoque-mamun-dermatology-chattogram
Dr. Mamunur Rashid,followers,"Gastroenterology, Liver & Digestive Disease Specialist","MBBS, BCS, MD, FCPS",Consultant,"National Gastroliver Institute and Hospital, Dhaka",N/A,https://doctor.bd/doctor/dr-mamunur-rashid-gastroenterology-dhaka
Dr. Mamunur Rashid,followers,"Orthopedics, Trauma & Joint Surgery Specialist","MBBS, BCS, MS, MRCS, FACS",Assistant Professor,"Kurmitola General Hospital, Dhaka",N/A,https://doctor.bd/doctor/dr-mamunur-rashid-orthopedics-dhaka
Dr. Mamunur Rashid Bhuiyan,followers,Medicine Specialist,"MBBS, BCS, MACP, CCD, FCPS",Consultant,Cumilla Medical College Hospital,N/A,https://doctor.bd/doctor/dr-mamunur-rashid-bhuiyan-medicine-cumilla
Dr. Mamunur Rashid Chowdhury,followers,"Orthopedics, Trauma & Joint Surgery Specialist","MBBS, D-ORTHO",Professor & Unit Head,Community Based Medical College & Hospital,N/A,https://doctor.bd/doctor/dr-mamunur-rashid-chowdhury-orthopedics-mymensingh
Dr. Mamunur Rashid Shikder,followers,"Cardiology, Hypertension & Heart Disease Specialist","MBBS, BCS, MCPS, FCPS",Assistant Professor,Sir Salimullah Medical College Mitford Hospital,N/A,https://doctor.bd/doctor/dr-mamunur-rashid-shikder-cardiology-dhaka
Dr. Manabendra Bhattacharjee,followers,"Neurology, Brain & Nerve Disease Specialist","MBBS, MD",Professor & Head,Mymensingh Medical College Hospital,N/A,https://doctor.bd/doctor/dr-manabendra-bhattacharjee-neurology-mymensingh
Dr. Manabendra Das,followers,Kidney & Nephrology Specialist,"MBBS, MD",Resident Physician,Sher-e-bangla Medical College Hospital,N/A,https://doctor.bd/doctor/dr-manabendra-das-nephrology-barishal
Dr. Manash Ranjan Chakraborty,followers,"ENT, Head & Neck Disease Specialist","MBBS, DLO",ENT Specialist,National Institute of ENT & Hospital,N/A,https://doctor.bd/doctor/dr-manash-ranjan-chakraborty-ent-dhaka
Dr. Manash Saha Rajat,followers,Liver & Hepatology Specialist,"MBBS, BCS, MCPS, MD",Interventional Hepatologist,Khulna Medical College Hospital,N/A,https://doctor.bd/doctor/dr-manash-saha-rajat-hepatology-khulna
Dr. Manik Chandra Mondal,followers,Kidney & Nephrology Specialist,"MBBS, MD",Medical Officer,Bangladesh Medical University,N/A,https://doctor.bd/doctor/dr-manik-chandra-mondal-nephrology-dhaka
Dr. Manik Mazumder,followers,Child Health & Pediatric Specialist,"MBBS, BCS, ENS, MD",Consultant,Mymensingh Medical College Hospital,N/A,https://doctor.bd/doctor/dr-manik-mazumder-pediatrics-mymensingh
Dr. Manobendra Kumar Paul Niloy,followers,General & Laparoscopic Surgery Specialist,"MBBS, BCS, FCPS, MS",Consultant,"Shaheed Ziaur Rahman Medical College Hospital, Bogura",N/A,https://doctor.bd/doctor/dr-manobendra-kumar-paul-niloy-general-surgery-bogura
Dr. Manoj Kumar Das,followers,Eye Disease & Surgery Specialist,"MBBS, DO",Consultant,"Reverend Abdul Wadud Memorial Hospital, Khulna",N/A,https://doctor.bd/doctor/dr-manoj-kumar-das-ophthalmology-khulna
Dr. Manoj Kumar Malakar,followers,Child Health & Pediatric Specialist,"MBBS, BCS, DCH, MAAP",Consultant,Fakirhat Upazila Health Complex,N/A,https://doctor.bd/doctor/dr-manoj-kumar-malakar-pediatrics-bagerhat
Dr. Manorama Sarker,followers,"Obstetrics, Gynaecology & Surgery Specialist","MBBS, MCPS, DGO",Assistant Professor,Kushtia Medical College Hospital,N/A,https://doctor.bd/doctor/dr-manorama-sarker-gynaecology-obstetrics-kushtia
Dr. Manos Chandra Sarkar,followers,"Orthopedics, Trauma & Joint Surgery Specialist","MBBS, MS",Senior Consultant,National Institute of Traumatology and Orthopaedic Rehabilitation (NITOR),N/A,https://doctor.bd/doctor/dr-manos-chandra-sarkar-orthopedics-dhaka
Dr. Manos Majumder,followers,Urology & Andrology Specialist,"MBBS, BCS, MS, FCPS",Registrar,Khulna Medical College Hospital,N/A,https://doctor.bd/doctor/dr-manos-majumder-urology-khulna
Dr. Manzura Rahman,followers,"Obstetrics, Gynaecology & Surgery Specialist","MBBS, BCS, MS",Director,"Medical Sub Depot, Rajshahi",N/A,https://doctor.bd/doctor/dr-manzura-rahman-gynaecology-obstetrics-pabna
Dr. Manzurul Ibrahim Musa,followers,Chest & Respiratory Disease Specialist,"MBBS, BCS, MD",Consultant,Khulna Medical College Hospital,N/A,https://doctor.bd/doctor/dr-manzurul-ibrahim-musa-respiratory-medicine-khulna
Dr. Maria Akhtar Dalia,followers,Eye Disease & Surgery Specialist,"MBBS, FCPS",Assistant Professor,Rangpur Medical College Hospital,N/A,https://doctor.bd/doctor/dr-maria-akhtar-dalia-ophthalmology-rangpur
Dr. Mariam Rabeya,followers,"Obstetrics, Gynaecology & Surgery Specialist","MBBS, MCPS, DGO, FCPS",Associate Professor,ZH Sikder Women's Medical College & Hospital,N/A,https://doctor.bd/doctor/dr-mariam-rabeya-gynaecology-obstetrics-dhaka
Dr. Mariam Zaman,followers,"Diabetes, Hormone & Thyroid Specialist","MBBS, BCS, MD",Consultant,Sher-e-bangla Medical College Hospital,10+ Years,https://doctor.bd/doctor/dr-mariam-zaman-endocrinology-barishal
Dr. Marina Akther Jolly,followers,Oral & Dental Surgery Specialist,"BDS, FCPS",Vice Principal,Rangpur Community Dental College,10+ Years,https://doctor.bd/doctor/dr-marina-akther-jolly-dentistry-rangpur
Dr. Marjan Siddika Rupsa,followers,"Obstetrics, Gynaecology & Surgery Specialist","MBBS, BCS, FCPS",Consultant,Chattogram Medical College Hospital,N/A,https://doctor.bd/doctor/dr-marjan-siddika-rupsa-gynaecology-obstetrics-chattogram
Dr. Marjana Siddique Moury,followers,Oral & Dental Surgery Specialist,"BDS, PGT",Chief Consultant,"Quick Dental Care, Sylhet",N/A,https://doctor.bd/doctor/dr-marjana-siddique-moury-dentistry-sylhet
Dr. Marjina Begum Lucy,followers,Oral & Dental Surgery Specialist,BDS,Dental Surgeon,Chattogram International Dental College & Hospital,N/A,https://doctor.bd/doctor/dr-marjina-begum-lucy-dentistry-chattogram
Dr. Marshia Rahman Mitu,followers,Medicine Specialist,"MBBS, BCS, FCPS",Consultant,Dhaka Medical College Hospital,N/A,https://doctor.bd/doctor/dr-marshia-rahman-mitu-medicine-dhaka
Dr. Maruf Ahmed,followers,Urology & Andrology Specialist,"MBBS, BCS, MS",Assistant Professor,Dhaka Medical College Hospital,N/A,https://doctor.bd/doctor/dr-maruf-ahmed-urology-dhaka
Dr. Maruf Alam Chowdhury,followers,"Plastic, Burn & Reconstructive Surgery Specialist","MBBS, FCPS",Surgeon,"Labaid Specialized Hospital, Dhanmondi",N/A,https://doctor.bd/doctor/dr-maruf-alam-chowdhury-plastic-surgery-dhaka
Dr. Maruf Bin Habib,followers,Medicine & Rheumatology Specialist,"MBBS, CCD, FCPS",Associate Professor,Uttara Adhunik Medical College Hospital,N/A,https://doctor.bd/doctor/dr-maruf-bin-habib-rheumatology-dhaka
Dr. Marufa Mustari,followers,"Diabetes, Hormone & Thyroid Specialist","MBBS, FCPS, MACE",Assistant Professor,Bangladesh Medical University,N/A,https://doctor.bd/doctor/dr-marufa-mustari-endocrinology-dhaka
Dr. Masfique Ahmed Bhuiyan,followers,"Gastroenterology, Liver & Digestive Disease Specialist","MBBS, FCPS, FACS, FMAS",Assistant Professor,Dhaka Medical College Hospital,N/A,https://doctor.bd/doctor/dr-masfique-ahmed-bhuiyan-gastrointestinal-surgery-dhaka
Dr. Mashfiqul Hasan,followers,"Diabetes, Hormone & Thyroid Specialist","MBBS, BCS, MCPS, MD",Assistant Professor,Bangladesh Medical University,N/A,https://doctor.bd/doctor/dr-mashfiqul-hasan-endocrinology-dhaka
Dr. Mashiur Rahman Majumder,followers,"Brain, Nerve & Spine Surgery Specialist","MBBS, BCS, FCPS, MS",Associate Professor,Dhaka Medical College Hospital,N/A,https://doctor.bd/doctor/dr-mashiur-rahman-majumder-neurosurgery-sylhet
Dr. Masihuzzaman Alpha,followers,"Neurology, Brain & Nerve Disease Specialist","MBBS, MCPS, MD",Associate Professor,Chattogram Medical College Hospital,N/A,https://doctor.bd/doctor/dr-masihuzzaman-alpha-neurology-chattogram
Dr. Masooma Jalil,followers,"Obstetrics, Gynaecology & Surgery Specialist","MBBS, FCPS, CCD",Consultant,Bangladesh Specialized Hospital,N/A,https://doctor.bd/doctor/dr-masooma-jalil-gynaecology-obstetrics-dhaka
Dr. Masreful Islam Saikat,followers,"Orthopedics, Trauma & Joint Surgery Specialist","MBBS, BCS, D-ORTHO",Consultant,Sher-e-bangla Medical College Hospital,N/A,https://doctor.bd/doctor/dr-masreful-islam-saikat-orthopedics-barishal
Dr. Masruba Sonia,followers,Oral & Dental Surgery Specialist,"BDS, PGT",Dentist,Dhaka Dental College Hospital,N/A,https://doctor.bd/doctor/dr-masruba-sonia-dentistry-dhaka
Dr. Masrun Mostafa Chowdhury,followers,"Skin, Allergy & Sexual Disease Specialist","MBBS, DDV, CCD",Assistant Professor,Ad-din Barrister Rafique-ul-Huq Hospital,N/A,https://doctor.bd/doctor/dr-masrun-mostafa-chowdhury-dermatology-narayanganj
Dr. Masrur Rahman,followers,"ENT, Head & Neck Disease Specialist","MBBS, BCS, DPH, DLO, MS",ENT Specialist,National Institute of ENT & Hospital,N/A,https://doctor.bd/doctor/dr-masrur-rahman-ent-dhaka
Dr. Masud Ahmed,followers,Urology & Andrology Specialist,"MBBS, MS",Surgeon,National Institute of Cancer Research and Hospital (NICR&H),N/A,https://doctor.bd/doctor/dr-masud-ahmed-urology-dhaka
Dr. Masud Ahmed,followers,Urology & Andrology Specialist,"MBBS, BCS, MS",Assistant Professor,Khulna Medical College Hospital,N/A,https://doctor.bd/doctor/dr-masud-ahmed-urology-khulna
Dr. Masud Anwar,followers,"Brain, Nerve & Spine Surgery Specialist","MBBS, FCPS, MS",Neurosurgeon,"Labaid Specialized Hospital, Dhanmondi",N/A,https://doctor.bd/doctor/dr-masud-anwar-neurosurgery-dhaka
Dr. Masud Anwar,followers,"Neurology, Brain & Nerve Disease Specialist","MBBS, MSc",Consultant,Aichi Medical College & Hospital,N/A,https://doctor.bd/doctor/dr-masud-anwar-neurology-dhaka
Dr. Masud Hashmee,followers,Eye Disease & Surgery Specialist,"MBBS, DO, FICO",Consultant,"Bangladesh Eye Hospital, Shantinagar",N/A,https://doctor.bd/doctor/dr-masud-hashmee-ophthalmology-dhaka
Dr. Masuda Islam Khan,followers,"Obstetrics, Gynaecology & Surgery Specialist","MBBS, FCPS",Associate Professor,BIRDEM General Hospital,N/A,https://doctor.bd/doctor/dr-masuda-islam-khan-gynaecology-obstetrics-dhaka
Dr. Masuda Sultana,followers,"Obstetrics, Gynaecology & Surgery Specialist","MBBS, BCS, FCPS",Consultant,Narayanganj 300 Bed Hospital,N/A,https://doctor.bd/doctor/dr-masuda-sultana-gynaecology-obstetrics-narayanganj
Dr. Masudul Hasan,followers,Eye Disease & Surgery Specialist,"MBBS, DO, MCPS, FCPS",Consultant,Vision Eye Hospital,N/A,https://doctor.bd/doctor/dr-masudul-hasan-ophthalmology-dhaka
Dr. Masudul Islam,followers,"ENT, Head & Neck Disease Specialist","MBBS, DLO",ENT Specialist,Chattogram International Medical College & Hospital (CIMCH),N/A,https://doctor.bd/doctor/dr-masudul-islam-ent-chattogram
Dr. Masum Ahmed,followers,Chest & Respiratory Disease Specialist,"MBBS, FCPS, MD",Assistant Professor,Sher-e-bangla Medical College Hospital,N/A,https://doctor.bd/doctor/dr-masum-ahmed-respiratory-medicine-barishal
Dr. Masuma Akhter,followers,Child Health & Pediatric Specialist,"MBBS, BCS, FCPS",Child Specialist,Shaheed Suhrawardy Medical College Hospital,N/A,https://doctor.bd/doctor/dr-masuma-akhter-pediatrics-dhaka
Dr. Masuma Tabassum,followers,"Obstetrics, Gynaecology & Surgery Specialist","MBBS, BCS, MS, CMU",Gynecologist,Chattogram Medical College Hospital,N/A,https://doctor.bd/doctor/dr-masuma-tabassum-gynaecology-obstetrics-chattogram
Dr. Maya Rani Das,followers,"Obstetrics, Gynaecology & Surgery Specialist","MBBS, BCS, FCPS, MCPS",Consultant,Sylhet MAG Osmani Medical College Hospital,N/A,https://doctor.bd/doctor/dr-maya-rani-das-gynaecology-obstetrics-sylhet
Dr. Mayesha Afroz Bithi,followers,Homeopathic Medicine Specialist,BHMS,Consultant,"Bangladesh Homeopathy Health Center, Uttara, Dhaka",5+ Years,https://doctor.bd/doctor/dr-mayesha-afroz-bithi-homeopathy-dhaka
Dr. Mayin Uddin Mahmud,followers,General & Laparoscopic Surgery Specialist,"MBBS, FCPS, DIP, DMAS",Assistant Professor,Chattogram Medical College Hospital,5+ Years,https://doctor.bd/doctor/dr-mayin-uddin-mahmud-general-surgery-chattogram
Dr. Mazharul Haque,followers,"Gastroenterology, Liver & Digestive Disease Specialist","MBBS, BCS, FCPS, MD, MACP",Associate Professor,Dhaka Medical College Hospital,N/A,https://doctor.bd/doctor/dr-mazharul-haque-gastroenterology-dhaka
Dr. Mazid Mahmud,followers,Medicine & Diabetes Specialist,"MBBS, BCS, CCD, PGT, FCPS",Medical Officer,"Chatmohor Upazila Health Complex, Pabna",N/A,https://doctor.bd/doctor/dr-mazid-mahmud-medicine-pabna
Dr. Md Abdullah Al Hasan,followers,"Neurology, Brain & Nerve Disease Specialist","MBBS, BCS, FCPS, MD",Assistant Professor,Cumilla Medical College Hospital,N/A,https://doctor.bd/doctor/dr-md-abdullah-al-hasan-neurology-cumilla
Dr. Md Haider Ali Shimul,followers,"Orthopedics, Trauma & Joint Surgery Specialist","MBBS, MS",Consultant,Dhaka Medical College Hospital,N/A,https://doctor.bd/doctor/dr-md-haider-ali-shimul-orthopedics-dhaka
Dr. Md Kamrul Islam,followers,Medicine Specialist,"MBBS, MACP, FCPS",Associate Professor,Chattogram International Medical College & Hospital (CIMCH),N/A,https://doctor.bd/doctor/dr-md-kamrul-islam-medicine-chattogram
Dr. Md Kutub Uddin Iback,followers,"Skin, Allergy & Sexual Disease Specialist","MBBS, BCS, DDV, MACP, EADV, CCD",Assistant Professor,Mymensingh Medical College Hospital,N/A,https://doctor.bd/doctor/dr-md-kutub-uddin-iback-dermatology-mymensingh
Dr. Md Mahamudul Hasan,followers,Blood Disease & Hematology Specialist,"MBBS, BCS, MD",Registrar,Rangpur Medical College Hospital,N/A,https://doctor.bd/doctor/dr-md-mahamudul-hasan-hematology-rangpur
Dr. Md Mamunur Rashid,followers,"Brain, Nerve & Spine Surgery Specialist","MBBS, MS",Assistant Professor,Uttara Adhunik Medical College Hospital,N/A,https://doctor.bd/doctor/dr-md-mamunur-rashid-neurosurgery-dhaka
Dr. Md Shagar Azad,followers,"Orthopedics, Trauma & Joint Surgery Specialist","MBBS, MS",Assistant Professor,"BGC Trust Medical College, Chattogram",N/A,https://doctor.bd/doctor/dr-md-shagar-azad-orthopedics-chattogram
Dr. Md Shahidur Rahman,followers,Oral & Dental Surgery Specialist,"BDS, PGT",General Dentist,AVE Dental Surgery & Orthodontics,N/A,https://doctor.bd/doctor/dr-md-shahidur-rahman-dentistry-chattogram
Dr. Md. A.F.M. Momtazul Haque,followers,"Brain, Nerve & Spine Surgery Specialist","MBBS, MS",Associate Professor,Rajshahi Medical College Hospital,N/A,https://doctor.bd/doctor/dr-md-afm-momtazul-haque-neurosurgery-rajshahi
Dr. Md. Abdal Miah,followers,"Skin, Allergy & Sexual Disease Specialist","MBBS, DDV, MD, MMEd",Dermatologist,Mymensingh Medical College Hospital,N/A,https://doctor.bd/doctor/dr-md-abdal-miah-dermatology-dhaka
Dr. Md. Abdul Ahsan Didar,followers,Oncologist & Cancer Specialist,"MBBS, MPH, MD, BCCPM",Associate Professor,Shaheed Suhrawardy Medical College Hospital,N/A,https://doctor.bd/doctor/dr-md-abdul-ahsan-didar-oncology-dhaka
Dr. Md. Abdul Alim Nadim,followers,"Neurology, Brain & Nerve Disease Specialist","MBBS, MD",Assistant Professor,National Institute of Neurosciences & Hospital,N/A,https://doctor.bd/doctor/dr-md-abdul-alim-nadim-neurology-dhaka
Dr. Md. Abdul Awal,followers,"Orthopedics, Trauma & Joint Surgery Specialist","MBBS, BCS, MS",Associate Professor,Rajshahi Medical College Hospital,N/A,https://doctor.bd/doctor/dr-md-abdul-awal-orthopedics-rajshahi
Dr. Md. Abdul Bari Robel,followers,"Diabetes, Hormone & Thyroid Specialist","MBBS, BCS, DEM",Assistant Registrar,Cumilla Medical College Hospital,16+ Years,https://doctor.bd/doctor/dr-md-abdul-bari-robel-endocrinology-cumilla
Dr. Md. Abdul Baset,followers,Medicine & Diabetes Specialist,"MBBS, FCPS",Consultant,Rajshahi Medical College Hospital,N/A,https://doctor.bd/doctor/dr-md-abdul-baset-medicine-rajshahi
Dr. Md. Abdul Baten,followers,Urology & Andrology Specialist,"MBBS, MS, FICS",Assistant Professor,"Shaheed Ziaur Rahman Medical College Hospital, Bogura",N/A,https://doctor.bd/doctor/dr-md-abdul-baten-urology-bogura
Dr. Md. Abdul Baten Molla,followers,"ENT, Head & Neck Disease Specialist","MBBS, DIH, DLO",Senior Consultant,"250 Bedded General Hospital, Pabna",N/A,https://doctor.bd/doctor/dr-md-abdul-baten-molla-ent-pabna
Dr. Md. Abdul Gaffer Saurav,followers,Oral & Dental Surgery Specialist,"BDS, DDS, MCPS, MS",Associate Professor,Udayan Dental College & Hospital,N/A,https://doctor.bd/doctor/dr-md-abdul-gaffer-saurav-dentistry-dhaka
Dr. Md. Abdul Gafur,followers,Chest & Respiratory Disease Specialist,"MBBS, DTCD, FCCP, CCD",Assistant Professor,North East Medical College Hospital,N/A,https://doctor.bd/doctor/dr-md-abdul-gafur-respiratory-medicine-sylhet
Dr. Md. Abdul Goni,followers,"Cardiology, Hypertension & Heart Disease Specialist","MBBS, D-CARD, PGT",Associate Professor,North East Medical College Hospital,N/A,https://doctor.bd/doctor/dr-md-abdul-goni-cardiology-sylhet
Dr. Md. Abdul Hafiz Shafi,followers,"ENT, Head & Neck Disease Specialist","MBBS, FCPS",Assistant Professor,Sylhet MAG Osmani Medical College Hospital,N/A,https://doctor.bd/doctor/dr-md-abdul-hafiz-shafi-ent-sylhet
Dr. Md. Abdul Hai Rubel,followers,Physical Medicine & Rehabilitation Specialist,"MBBS, BCS, FCPS",Associate Professor,Rangpur Medical College Hospital,N/A,https://doctor.bd/doctor/dr-md-abdul-hai-rubel-physical-medicine-rehabilitation-rangpur
Dr. Md. Abdul Hakim,followers,"Orthopedics, Trauma & Joint Surgery Specialist","MBBS, BCS, D-ORTHO",Consultant,Rajshahi Medical College Hospital,N/A,https://doctor.bd/doctor/dr-md-abdul-hakim-orthopedics-rajshahi
Dr. Md. Abdul Hakim,followers,Kidney & Nephrology Specialist,"MBBS, BCS, MD, FCPS",Assistant Professor,Dhaka Medical College Hospital,N/A,https://doctor.bd/doctor/dr-md-abdul-hakim-nephrology-dhaka
Dr. Md. Abdul Halim,followers,Medicine Specialist,"MBBS, MD",Asgar Ali Hospital,Asgar Ali Hospital,N/A,https://doctor.bd/doctor/dr-md-abdul-halim-medicine-dhaka
Dr. Md. Abdul Hannan (Tareque),followers,"Diabetes, Hormone & Thyroid Specialist","MBBS, DEM, FCPS, MACE",Professor & Head,North East Medical College Hospital,N/A,https://doctor.bd/doctor/dr-md-abdul-hannan-tareque-endocrinology-sylhet
Dr. Md. Abdul Jabbar,followers,"Colorectal, Piles & Rectal Surgery Specialist","MBBS, FCPS",Assistant Professor,Rangpur Medical College Hospital,10+ Years,https://doctor.bd/doctor/dr-md-abdul-jabbar-colorectal-surgery-rangpur
Dr. Md. Abdul Jalil,followers,General & Laparoscopic Surgery Specialist,"MBBS, FCPS",Assistant Professor,Ibn Sina Medical College Hospital,10+ Years,https://doctor.bd/doctor/dr-md-abdul-jalil-general-surgery-dhaka
Dr. Md. Abdul Jalil,followers,"Cardiology, Hypertension & Heart Disease Specialist","MBBS, BCS, D-CARD, CCD",Associate Professor,Chattogram Medical College Hospital,N/A,https://doctor.bd/doctor/dr-md-abdul-jalil-cardiology-chattogram
Dr. Md. Abdul Kader,followers,"Cardiology, Hypertension & Heart Disease Specialist","MBBS, D-CARD, CCD, FCPS",Consultant,"Bangladesh Specialized Hospital, Dhaka",N/A,https://doctor.bd/doctor/dr-md-abdul-kader-cardiology-dhaka
Dr. Md. Abdul Kader Zilani,followers,Blood Disease & Hematology Specialist,"MBBS, BCS, MD",Associate Professor,Rangpur Medical College Hospital,N/A,https://doctor.bd/doctor/dr-md-abdul-kader-zilani-hematology-rangpur
Dr. Md. Abdul Kadir Gani,followers,Medicine & Diabetes Specialist,"MBBS, BCS, FCPS",Consultant,Rangpur Medical College Hospital,N/A,https://doctor.bd/doctor/dr-md-abdul-kadir-gani-medicine-rangpur
Dr. Md. Abdul Karim,followers,"Skin, Allergy & Sexual Disease Specialist","MBBS, PGT",Registrar,Shaheed Monsur Ali Medical College Hospital,N/A,https://doctor.bd/doctor/dr-md-abdul-karim-dermatology-dhaka
Dr. Md. Abdul Karim,followers,Oncologist & Cancer Specialist,"MBBS, BCS, MD",Consultant,Rajshahi Medical College Hospital,N/A,https://doctor.bd/doctor/dr-md-abdul-karim-oncology-rajshahi
Dr. Md. Abdul Karim Mithu,followers,"ENT, Head & Neck Disease Specialist","MBBS, BCS, DLO, FCPS",Consultant,Labaid Cancer Hospital and Super Speciality Centre,N/A,https://doctor.bd/doctor/dr-md-abdul-karim-mithu-ent-dhaka
Dr. Md. Abdul Latif,followers,Ultrasound & Imaging Specialist,"MBBS, ADMS, RDMS, DMU",Consultant,Chevron Clinical Laboratory,10+ Years,https://doctor.bd/doctor/dr-md-abdul-latif-radiology-imaging-chattogram
Dr. Md. Abdul Maleque,followers,"Orthopedics, Trauma & Joint Surgery Specialist","MBBS, BCS, MS",Professor & Head,Kushtia Medical College Hospital,10+ Years,https://doctor.bd/doctor/dr-md-abdul-maleque-orthopedics-kushtia
Dr. Md. Abdul Mannan,followers,"Skin, Allergy & Sexual Disease Specialist","MBBS, MD",Associate Professor,Dhaka Medical College Hospital,N/A,https://doctor.bd/doctor/dr-md-abdul-mannan-dermatology-dhaka
Dr. Md. Abdul Mannan,followers,"Plastic, Burn & Reconstructive Surgery Specialist","MBBS, MCPS, FCPS",Professor & Head,Sylhet MAG Osmani Medical College Hospital,N/A,https://doctor.bd/doctor/dr-md-abdul-mannan-plastic-surgery-sylhet
Dr. Md. Abdul Mannan,followers,Oncologist & Cancer Specialist,"MBBS, MD",Consultant,Labaid Cancer Hospital and Super Speciality Centre,N/A,https://doctor.bd/doctor/dr-md-abdul-mannan-oncology-dhaka
Dr. Md. Abdul Mazid,followers,"Cardiology, Hypertension & Heart Disease Specialist","MBBS, D-CARD",Professor & Head,Pabna Medical College Hospital,N/A,https://doctor.bd/doctor/dr-md-abdul-mazid-cardiology-pabna
Dr. Md. Abdul Momin,followers,General & Laparoscopic Surgery Specialist,"MBBS, FCPS, FMAS",Associate Professor,Mainamoti Medical College & Hospital,N/A,https://doctor.bd/doctor/dr-md-abdul-momin-general-surgery-cumilla
Dr. Md. Abdul Momin,followers,Medicine & Diabetes Specialist,"MBBS, BCS, MACP, FCPS",Consultant,"Popular Diagnostic Centre, Kushtia",N/A,https://doctor.bd/doctor/dr-md-abdul-momin-medicine-kushtia
Dr. Md. Abdul Mottalib,followers,"Cardiology, Hypertension & Heart Disease Specialist","MBBS, MD",Consultant,Chattogram Medical College Hospital,N/A,https://doctor.bd/doctor/dr-md-abdul-mottalib-cardiology-chattogram
Dr. Md. Abdul Mukit,followers,Kidney & Nephrology Specialist,"MBBS, MD",Nephrologist,Rangpur Medical College Hospital,N/A,https://doctor.bd/doctor/dr-md-abdul-mukit-nephrology-rangpur
Dr. Md. Abdul Mukit,followers,"Orthopedics, Trauma & Joint Surgery Specialist","MBBS, D-ORTHO",Surgeon,Chattogram Diabetic General Hospital,N/A,https://doctor.bd/doctor/dr-md-abdul-mukit-orthopedics-chattogram
Dr. Md. Abdul Mumit Sarkar,followers,"Gastroenterology, Liver & Digestive Disease Specialist","MBBS, BCS, MD, CCD",Assistant Professor,Rajshahi Medical College Hospital,N/A,https://doctor.bd/doctor/dr-md-abdul-mumit-sarkar-gastroenterology-rajshahi
Dr. Md. Abdul Munim Sarkar,followers,Cancer & Surgical Oncology Specialist,"MBBS, BCS, MS, FCPS",A/R,National Institute of Cancer Research and Hospital (NICR&H),N/A,https://doctor.bd/doctor/dr-md-abdul-munim-sarkar-oncology-dhaka
Dr. Md. Abdul Muqueet,followers,Kidney & Nephrology Specialist,"MBBS, MD",Associate Professor,Pabna Medical College Hospital,N/A,https://doctor.bd/doctor/dr-md-abdul-muqueet-nephrology-dhaka
Dr. Md. Abdul Muyeed,followers,Eye Disease & Surgery Specialist,"MBBS, DO",Consultant,Ispahani Islamia Eye Institute & Hospital,N/A,https://doctor.bd/doctor/dr-md-abdul-muyeed-ophthalmology-dhaka
Dr. Md. Abdul Quaium Chowdhury,followers,Cardiac & Heart Surgery Specialist,"MBBS, BCS, MS",Assistant Professor,Chattogram Medical College Hospital,N/A,https://doctor.bd/doctor/dr-md-abdul-quaium-chowdhury-cardiac-surgery-chattogram
Dr. Md. Abdul Quayum Khan,followers,Eye Disease & Surgery Specialist,"MBBS, BCS, FCPS, MS",Senior Consultant,Cumilla Medical College Hospital,N/A,https://doctor.bd/doctor/dr-md-abdul-quayum-khan-ophthalmology-cumilla
Dr. Md. Abdul Quddus (Shohag),followers,"ENT, Head & Neck Disease Specialist","MBBS, BCS, MS",Consultant,Dhaka Medical College Hospital,N/A,https://doctor.bd/doctor/dr-md-abdul-quddus-shohag-ent-dhaka
Dr. Md. Abdul Quiyum,followers,"Liver, Gallbladder & Pancreatic Surgery Specialist","MBBS, BCS, MS",Resident Surgeon,"300 Bedded General Hospital, Narayanganj",N/A,https://doctor.bd/doctor/dr-md-abdul-quiyum-hepatobiliary-surgery-narayanganj
Dr. Md. Abdul Wadud,followers,"Gastroenterology, Liver & Digestive Disease Specialist","MBBS, BCS, MD",Consultant,Shaheed Shaikh Abu-Naser Specialized Hospital,N/A,https://doctor.bd/doctor/dr-md-abdul-wadud-gastroenterology-khulna
Dr. Md. Abdul Wadud Sarker,followers,Child Health & Pediatric Specialist,"MBBS, BCS, FCPS, MD",Child Specialist,Chattogram Medical College Hospital,N/A,https://doctor.bd/doctor/dr-md-abdul-wadud-sarker-pediatrics-dhaka
Dr. Md. Abdul Wahab,followers,Oral & Dental Surgery Specialist,"BDS, BCS, PGT, MRSH",Dental Surgeon,Rangpur Medical College Hospital,25+ Years,https://doctor.bd/doctor/dr-md-abdul-wahab-dentistry-rangpur
Dr. Md. Abdul Wahab Khan,followers,Kidney & Nephrology Specialist,"MBBS, MD",Nephrologist,Bangladesh Specialized Hospital,D 25+ Years,https://doctor.bd/doctor/dr-md-abdul-wahab-khan-nephrology-dhaka
Dr. Md. Abdullah Al Farooq,followers,Pediatric Surgery Specialist,"MBBS, FCPS, MS",Associate Professor,Chattogram Medical College Hospital,N/A,https://doctor.bd/doctor/dr-md-abdullah-al-farooq-pediatric-surgery-chattogram
Dr. Md. Abdullah Al Harun,followers,"ENT, Head & Neck Disease Specialist","MBBS, BCS, FCPS",ENT Specialist,ENT,N/A,https://doctor.bd/doctor/dr-md-abdullah-al-harun-ent-dhaka
Dr. Md. Abdullah Al Kafi,followers,Medicine Specialist,"MBBS, MRCP",Assistant Professor,"Islami Bank Medical College Hospital, Rajshahi",N/A,https://doctor.bd/doctor/dr-md-abdullah-al-kafi-medicine-rajshahi
Dr. Md. Abdullah Al Mahmud Shovon,followers,Pediatric Surgery Specialist,"MBBS, BCS, MS, DG",Registrar,Kuwait Bangladesh Friendship Govt. Hospital,N/A,https://doctor.bd/doctor/dr-md-abdullah-al-mahmud-shovon-pediatric-surgery-dhaka
Dr. Md. Abdullah Al Mamun,followers,Cardiac & Heart Surgery Specialist,"MBBS, MS",Assistant Professor,National Institute of Cardiovascular Disease (NICVD),N/A,https://doctor.bd/doctor/dr-md-abdullah-al-mamun-cardiac-surgery-dhaka
Dr. Md. Abdullah Al Mamun,followers,General & Laparoscopic Surgery Specialist,"MBBS, FCPS, MRCS, FMAS, FACRSI",Associate Professor,Shaheed Suhrawardy Medical College Hospital,N/A,https://doctor.bd/doctor/dr-md-abdullah-al-mamun-general-surgery-dhaka
Dr. Md. Abdullah Al Mamun,followers,"ENT, Head & Neck Disease Specialist","MBBS, BCS, FCPS",Consultant,Sher-e-bangla Medical College Hospital,N/A,https://doctor.bd/doctor/dr-md-abdullah-al-mamun-ent-barishal
Dr. Md. Abdullah Al Mamun,followers,Urology & Andrology Specialist,"MBBS, MS",Associate Professor,United Medical College Hospital,N/A,https://doctor.bd/doctor/dr-md-abdullah-al-mamun-urology-dhaka
Dr. Md. Abdullah Al Mamun,followers,Psychiatry & Mental Health Specialist,"MBBS, BCS, MD",Consultant,National Institute of Mental Health (NIMH),N/A,https://doctor.bd/doctor/dr-md-abdullah-al-mamun-psychiatry-dhaka
Dr. Md. Abdullah Al Muzahid,followers,"Neurology, Brain & Nerve Disease Specialist","MBBS, MD",Assistant Professor,Bangladesh Medical University,N/A,https://doctor.bd/doctor/dr-md-abdullah-al-muzahid-neurology-dhaka
Dr. Md. Abdullah Al-Zobair,followers,"ENT, Head & Neck Disease Specialist","MBBS, BCS, FCPS, FACS",Professor & Head,Barind Medical College Hospital,N/A,https://doctor.bd/doctor/dr-md-abdullah-al-zobair-ent-rajshahi
Dr. Md. Abdullah Sayed,followers,Psychiatry & Mental Health Specialist,"MBBS, MD",Assistant Professor,North East Medical College Hospital,N/A,https://doctor.bd/doctor/dr-md-abdullah-sayed-psychiatry-sylhet
Dr. Md. Abdullah-Al-Kaiser,followers,Oral & Dental Surgery Specialist,"BDS, BCS, PGT",Lecturer,Rajshahi Medical College,N/A,https://doctor.bd/doctor/dr-md-abdullah-al-kaiser-dentistry-rajshahi
Dr. Md. Abdullahel Kafee,followers,Medicine & Respiratory Disease Specialist,"MBBS, BCS, FCPS, MD",Consultant,"Kurmitola General Hospital, Dhaka",N/A,https://doctor.bd/doctor/dr-md-abdullahel-kafee-medicine-dhaka
Dr. Md. Abdur Rahim,followers,Medicine Specialist,"MBBS, PGT, ROD",Consultant,"Samtah General Hospital, KSA",N/A,https://doctor.bd/doctor/dr-md-abdur-rahim-medicine-dhaka
Dr. Md. Abdur Rahim,followers,"Colorectal, Piles & Rectal Surgery Specialist","MBBS, BCS, FCPS, FMAS",Assistant Professor,Sher-e-bangla Medical College Hospital,N/A,https://doctor.bd/doctor/dr-md-abdur-rahim-colorectal-surgery-barishal
